Crystal_Structure,Lattice_Parameters,formula,TN,Space_Group,composition,MagpieData minimum Number,MagpieData maximum Number,MagpieData range Number,MagpieData mean Number,MagpieData avg_dev Number,MagpieData mode Number,MagpieData minimum MendeleevNumber,MagpieData maximum MendeleevNumber,MagpieData range MendeleevNumber,MagpieData mean MendeleevNumber,MagpieData avg_dev MendeleevNumber,MagpieData mode MendeleevNumber,MagpieData minimum AtomicWeight,MagpieData maximum AtomicWeight,MagpieData range AtomicWeight,MagpieData mean AtomicWeight,MagpieData avg_dev AtomicWeight,MagpieData mode AtomicWeight,MagpieData minimum MeltingT,MagpieData maximum MeltingT,MagpieData range MeltingT,MagpieData mean MeltingT,MagpieData avg_dev MeltingT,MagpieData mode MeltingT,MagpieData minimum Column,MagpieData maximum Column,MagpieData range Column,MagpieData mean Column,MagpieData avg_dev Column,MagpieData mode Column,MagpieData minimum Row,MagpieData maximum Row,MagpieData range Row,MagpieData mean Row,MagpieData avg_dev Row,MagpieData mode Row,MagpieData minimum CovalentRadius,MagpieData maximum CovalentRadius,MagpieData range CovalentRadius,MagpieData mean CovalentRadius,MagpieData avg_dev CovalentRadius,MagpieData mode CovalentRadius,MagpieData minimum Electronegativity,MagpieData maximum Electronegativity,MagpieData range Electronegativity,MagpieData mean Electronegativity,MagpieData avg_dev Electronegativity,MagpieData mode Electronegativity,MagpieData minimum NsValence,MagpieData maximum NsValence,MagpieData range NsValence,MagpieData mean NsValence,MagpieData avg_dev NsValence,MagpieData mode NsValence,MagpieData minimum NpValence,MagpieData maximum NpValence,MagpieData range NpValence,MagpieData mean NpValence,MagpieData avg_dev NpValence,MagpieData mode NpValence,MagpieData minimum NdValence,MagpieData maximum NdValence,MagpieData range NdValence,MagpieData mean NdValence,MagpieData avg_dev NdValence,MagpieData mode NdValence,MagpieData minimum NfValence,MagpieData maximum NfValence,MagpieData range NfValence,MagpieData mean NfValence,MagpieData avg_dev NfValence,MagpieData mode NfValence,MagpieData minimum NValence,MagpieData maximum NValence,MagpieData range NValence,MagpieData mean NValence,MagpieData avg_dev NValence,MagpieData mode NValence,MagpieData minimum NsUnfilled,MagpieData maximum NsUnfilled,MagpieData range NsUnfilled,MagpieData mean NsUnfilled,MagpieData avg_dev NsUnfilled,MagpieData mode NsUnfilled,MagpieData minimum NpUnfilled,MagpieData maximum NpUnfilled,MagpieData range NpUnfilled,MagpieData mean NpUnfilled,MagpieData avg_dev NpUnfilled,MagpieData mode NpUnfilled,MagpieData minimum NdUnfilled,MagpieData maximum NdUnfilled,MagpieData range NdUnfilled,MagpieData mean NdUnfilled,MagpieData avg_dev NdUnfilled,MagpieData mode NdUnfilled,MagpieData minimum NfUnfilled,MagpieData maximum NfUnfilled,MagpieData range NfUnfilled,MagpieData mean NfUnfilled,MagpieData avg_dev NfUnfilled,MagpieData mode NfUnfilled,MagpieData minimum NUnfilled,MagpieData maximum NUnfilled,MagpieData range NUnfilled,MagpieData mean NUnfilled,MagpieData avg_dev NUnfilled,MagpieData mode NUnfilled,MagpieData minimum GSvolume_pa,MagpieData maximum GSvolume_pa,MagpieData range GSvolume_pa,MagpieData mean GSvolume_pa,MagpieData avg_dev GSvolume_pa,MagpieData mode GSvolume_pa,MagpieData minimum GSbandgap,MagpieData maximum GSbandgap,MagpieData range GSbandgap,MagpieData mean GSbandgap,MagpieData avg_dev GSbandgap,MagpieData mode GSbandgap,MagpieData minimum GSmagmom,MagpieData maximum GSmagmom,MagpieData range GSmagmom,MagpieData mean GSmagmom,MagpieData avg_dev GSmagmom,MagpieData mode GSmagmom,MagpieData minimum SpaceGroupNumber,MagpieData maximum SpaceGroupNumber,MagpieData range SpaceGroupNumber,MagpieData mean SpaceGroupNumber,MagpieData avg_dev SpaceGroupNumber,MagpieData mode SpaceGroupNumber,0-norm,2-norm,3-norm,5-norm,7-norm,10-norm,avg s valence electrons,avg p valence electrons,avg d valence electrons,avg f valence electrons,frac s valence electrons,frac p valence electrons,frac d valence electrons,frac f valence electrons,HOMO_character,HOMO_element,HOMO_energy,LUMO_character,LUMO_element,LUMO_energy,gap_AO,compound possible,max ionic char,avg ionic char
Perovskite,,Nd0.5Sr0.5MnO3,50.0,,Nd0.5 Sr0.5 Mn1 O3,8.0,60.0,52.0,19.6,13.919999999999998,8.0,8.0,87.0,79.0,65.3,26.04,87.0,15.9994,144.242,128.24259999999998,43.773449,33.3288588,15.9994,54.8,1519.0,1464.2,571.08,619.5360000000001,54.8,2.0,16.0,14.0,11.5,5.4,16.0,2.0,6.0,4.0,3.1,1.3199999999999998,2.0,66.0,201.0,135.0,107.0,49.2,66.0,0.95,3.44,2.49,2.5829999999999997,1.0284,3.44,2.0,2.0,0.0,2.0,0.0,2.0,0.0,4.0,4.0,2.4,1.9200000000000004,4.0,0.0,5.0,5.0,1.0,1.6,0.0,0.0,4.0,4.0,0.4,0.72,0.0,2.0,7.0,5.0,5.8,0.7600000000000001,6.0,0.0,0.0,0.0,0.0,0.0,0.0,0.0,2.0,2.0,1.2,0.9600000000000002,2.0,0.0,5.0,5.0,1.0,1.6,0.0,0.0,10.0,10.0,1.0,1.8,0.0,0.0,10.0,10.0,3.2,2.08,2.0,9.105,54.23,45.125,16.46451724138,11.222193103448001,9.105,0.0,0.0,0.0,0.0,0.0,0.0,0.0,0.000310120689655,0.000310120689655,6.2024137931e-05,9.923862068959999e-05,0.0,12.0,225.0,213.0,92.5,96.6,12.0,4,0.648074069840786,0.6091199348919785,0.6005237760880777,0.6000397970967368,0.6000010180820754,2.0,2.4,1.0,0.4,0.3448275862068966,0.41379310344827586,0.1724137931034483,0.06896551724137931,d,Mn,-0.26654,d,Mn,-0.26654,0.0,,,
Layered Perovskite,"{'a': '3.8699 Ã…', 'c': '7.6359 Ã…'}",YBaCuFe0.95Mn0.05O5,331.0,P4mm,Y1 Ba1 Cu1 Fe0.95 Mn0.05 O5,8.0,56.0,48.0,21.105555555555554,14.561728395061728,8.0,9.0,87.0,78.0,63.87222222222223,25.72592592592592,87.0,15.9994,137.327,121.3276,47.286166916666666,34.763074351851856,15.9994,54.8,1811.0,1756.2,691.9077777777778,707.8975308641974,54.8,2.0,16.0,14.0,11.55,4.944444444444445,16.0,2.0,6.0,4.0,3.2222222222222223,1.3580246913580245,2.0,66.0,215.0,149.0,111.03888888888889,50.043209876543216,66.0,0.89,3.44,2.55,2.5584444444444445,0.9795061728395061,3.44,1.0,2.0,1.0,1.8888888888888888,0.1975308641975309,2.0,0.0,4.0,4.0,2.2222222222222223,1.9753086419753088,4.0,0.0,10.0,10.0,1.8833333333333333,2.7074074074074073,0.0,0.0,0.0,0.0,0.0,0.0,0.0,2.0,11.0,9.0,5.9944444444444445,1.5530864197530865,6.0,0.0,1.0,1.0,0.1111111111111111,0.19753086419753088,0.0,0.0,2.0,2.0,1.1111111111111112,0.9876543209876544,2.0,0.0,9.0,9.0,1.4500000000000002,2.2555555555555555,0.0,0.0,0.0,0.0,0.0,0.0,0.0,0.0,9.0,9.0,2.6722222222222225,1.7123456790123457,2.0,9.105,63.59,54.485,18.14087547892722,13.26072200936568,9.105,0.0,0.0,0.0,0.0,0.0,0.0,0.0,2.1106628,2.1106628,0.22279390733716475,0.3985500995621541,0.0,12.0,229.0,217.0,104.04444444444444,102.2716049382716,12.0,6,0.5973707825562378,0.5612125715586106,0.5556896696770598,0.5555593125203984,0.5555555760283668,1.8888888888888888,2.2222222222222223,1.8833333333333333,0.0,0.31510658016682114,0.37071362372567196,0.31417979610750696,0.0,d,Cu,-0.202272,d,Cu,-0.202272,0.0,,,
Layered Perovskite,"{'a': '3.8735 Ã…', 'c': '7.6648 Ã…'}",YBaCuFeO5,306.5,P4mm,Y1 Ba1 Cu1 Fe1 O5,8.0,56.0,48.0,21.11111111111111,14.567901234567898,8.0,9.0,87.0,78.0,63.888888888888886,25.703703703703706,87.0,15.9994,137.327,121.3276,47.29120555555555,34.76867283950617,15.9994,54.8,1811.0,1756.2,693.5300000000001,709.6999999999999,54.8,2.0,16.0,14.0,11.555555555555555,4.938271604938271,16.0,2.0,6.0,4.0,3.2222222222222223,1.3580246913580245,2.0,66.0,215.0,149.0,111.0,50.0,66.0,0.89,3.44,2.55,2.56,0.9777777777777779,3.44,1.0,2.0,1.0,1.8888888888888888,0.1975308641975309,2.0,0.0,4.0,4.0,2.2222222222222223,1.9753086419753088,4.0,0.0,10.0,10.0,1.8888888888888888,2.716049382716049,0.0,0.0,0.0,0.0,0.0,0.0,0.0,2.0,11.0,9.0,6.0,1.5555555555555556,6.0,0.0,1.0,1.0,0.1111111111111111,0.19753086419753088,0.0,0.0,2.0,2.0,1.1111111111111112,0.9876543209876544,2.0,0.0,9.0,9.0,1.4444444444444444,2.2469135802469133,0.0,0.0,0.0,0.0,0.0,0.0,0.0,0.0,9.0,9.0,2.6666666666666665,1.7037037037037035,2.0,9.105,63.59,54.485,18.142222222222227,13.260123456790126,9.105,0.0,0.0,0.0,0.0,0.0,0.0,0.0,2.1106628,2.1106628,0.2345180888888889,0.41692104691358023,0.0,12.0,229.0,217.0,104.11111111111111,102.34567901234567,12.0,5,0.5983516452371671,0.5614193719120624,0.555697705015874,0.5555596189584573,0.5555555783111069,1.8888888888888888,2.2222222222222223,1.8888888888888888,0.0,0.3148148148148148,0.3703703703703704,0.3148148148148148,0.0,d,Cu,-0.202272,d,Cu,-0.202272,0.0,True,0.8032113561415081,0.15837093884064396
Orthorhombic Perovskite,,Nd0.93MnO2.96,80.0,Pnma,Nd0.93 Mn1 O2.96,8.0,60.0,52.0,21.36605316973415,16.18139770241844,8.0,19.0,87.0,68.0,66.91002044989774,24.321611234479615,87.0,15.9994,144.242,128.24259999999998,48.35201002044989,39.16716795931766,15.9994,54.8,1519.0,1464.2,589.9034764826175,647.8144336967478,54.8,3.0,16.0,13.0,11.687116564417176,5.221323095838509,16.0,2.0,6.0,4.0,3.169734151329243,1.416119872365873,2.0,66.0,201.0,135.0,106.60327198364006,49.15569941577694,66.0,1.14,3.44,2.3,2.6160736196319014,0.9974732457626057,3.44,2.0,2.0,0.0,2.0,0.0,2.0,0.0,4.0,4.0,2.421267893660531,1.9112666808854093,4.0,0.0,5.0,5.0,1.0224948875255622,1.6267914570447595,0.0,0.0,4.0,4.0,0.7607361963190183,1.2321126124430726,0.0,6.0,7.0,1.0,6.204498977505111,0.3253582914089509,6.0,0.0,0.0,0.0,0.0,0.0,0.0,0.0,2.0,2.0,1.2106339468302656,0.9556333404427046,2.0,0.0,5.0,5.0,1.0224948875255622,1.6267914570447595,0.0,0.0,10.0,10.0,1.901840490797546,3.0802815311076817,0.0,2.0,10.0,8.0,4.1349693251533735,2.5846663404719785,2.0,9.105,34.81,25.705000000000002,14.276418447218811,7.810319363634559,9.105,0.0,0.0,0.0,0.0,0.0,0.0,0.0,0.000310120689655,0.000310120689655,6.341936393762781e-05,0.00010090033771671662,0.0,12.0,217.0,205.0,88.53578732106338,92.65682227826078,12.0,3,0.666632164412627,0.6190415581933811,0.6062177307519592,0.6053865197987428,0.6053187131731539,2.0,2.421267893660531,1.0224948875255622,0.7607361963190183,0.3223467369808834,0.3902439024390244,0.16479894528675018,0.12261041529334214,d,Mn,-0.26654,d,Mn,-0.26654,0.0,,,
Perovskite,,Nd0.5Sr0.5MnO3,225.0,,Nd0.5 Sr0.5 Mn1 O3,8.0,60.0,52.0,19.6,13.919999999999998,8.0,8.0,87.0,79.0,65.3,26.04,87.0,15.9994,144.242,128.24259999999998,43.773449,33.3288588,15.9994,54.8,1519.0,1464.2,571.08,619.5360000000001,54.8,2.0,16.0,14.0,11.5,5.4,16.0,2.0,6.0,4.0,3.1,1.3199999999999998,2.0,66.0,201.0,135.0,107.0,49.2,66.0,0.95,3.44,2.49,2.5829999999999997,1.0284,3.44,2.0,2.0,0.0,2.0,0.0,2.0,0.0,4.0,4.0,2.4,1.9200000000000004,4.0,0.0,5.0,5.0,1.0,1.6,0.0,0.0,4.0,4.0,0.4,0.72,0.0,2.0,7.0,5.0,5.8,0.7600000000000001,6.0,0.0,0.0,0.0,0.0,0.0,0.0,0.0,2.0,2.0,1.2,0.9600000000000002,2.0,0.0,5.0,5.0,1.0,1.6,0.0,0.0,10.0,10.0,1.0,1.8,0.0,0.0,10.0,10.0,3.2,2.08,2.0,9.105,54.23,45.125,16.46451724138,11.222193103448001,9.105,0.0,0.0,0.0,0.0,0.0,0.0,0.0,0.000310120689655,0.000310120689655,6.2024137931e-05,9.923862068959999e-05,0.0,12.0,225.0,213.0,92.5,96.6,12.0,4,0.648074069840786,0.6091199348919785,0.6005237760880777,0.6000397970967368,0.6000010180820754,2.0,2.4,1.0,0.4,0.3448275862068966,0.41379310344827586,0.1724137931034483,0.06896551724137931,d,Mn,-0.26654,d,Mn,-0.26654,0.0,,,
Orthorhombic distorted perovskite,"{'a': '5.292 Ã…', 'b': '5.591 Ã…', 'c': '7.614 Ã…'}",Ho0.5Dy0.5FeO3,705.0,Pbnm,Ho0.5 Dy0.5 Fe1 O3,8.0,67.0,59.0,23.3,18.360000000000003,8.0,31.0,87.0,56.0,69.6,20.880000000000003,87.0,15.9994,164.93032,148.93092,53.511672,45.014726399999994,15.9994,54.8,1811.0,1756.2,738.28,820.176,54.8,3.0,16.0,13.0,11.8,5.04,16.0,2.0,6.0,4.0,3.2,1.44,2.0,66.0,192.0,126.0,104.4,46.08,66.0,1.22,3.44,2.2199999999999998,2.675,0.9179999999999999,3.44,2.0,2.0,0.0,2.0,0.0,2.0,0.0,4.0,4.0,2.4,1.9200000000000004,4.0,0.0,6.0,6.0,1.2,1.92,0.0,0.0,11.0,11.0,2.1,3.3600000000000003,0.0,6.0,13.0,7.0,7.7,2.04,6.0,0.0,0.0,0.0,0.0,0.0,0.0,0.0,2.0,2.0,1.2,0.9600000000000002,2.0,0.0,4.0,4.0,0.8,1.28,0.0,0.0,4.0,4.0,0.7,1.1199999999999999,0.0,2.0,4.0,2.0,2.7,0.8400000000000001,2.0,9.105,31.24,22.134999999999998,13.806333333329999,6.872133333327999,9.105,0.0,0.0,0.0,0.0,0.0,0.0,0.0,2.1106628,2.1106628,0.42213256,0.675412096,0.0,12.0,229.0,217.0,91.8,95.75999999999999,12.0,4,0.648074069840786,0.6091199348919785,0.6005237760880777,0.6000397970967368,0.6000010180820754,2.0,2.4,1.2,2.1,0.2597402597402597,0.3116883116883117,0.15584415584415584,0.2727272727272727,f,Ho,-0.272677,f,Ho,-0.272677,0.0,,,
Distorted Perovskite,"{'a': '5.793(2) Ã…', 'b': '5.832(1) Ã…', 'c': '8.2134(7) Ã…'}",Sr2RuGdO6,32.0,P21/n,Sr2 Ru1 Gd1 O6,8.0,64.0,56.0,23.2,18.24,8.0,8.0,87.0,79.0,62.1,29.879999999999995,87.0,15.9994,157.25,141.2506,52.955639999999995,44.347488,15.9994,54.8,2607.0,2552.2,662.1800000000001,728.856,54.8,2.0,16.0,14.0,11.1,5.88,16.0,2.0,6.0,4.0,3.3,1.56,2.0,66.0,196.0,130.0,112.8,56.15999999999999,66.0,0.95,3.44,2.49,2.5940000000000003,1.0151999999999999,3.44,1.0,2.0,1.0,1.9,0.18000000000000008,2.0,0.0,4.0,4.0,2.4,1.9200000000000004,4.0,0.0,7.0,7.0,0.8,1.28,0.0,0.0,7.0,7.0,0.7,1.2599999999999998,0.0,2.0,10.0,8.0,5.8,1.52,6.0,0.0,1.0,1.0,0.1,0.18000000000000002,0.0,0.0,2.0,2.0,1.2,0.9600000000000002,2.0,0.0,9.0,9.0,1.2,1.92,0.0,0.0,7.0,7.0,0.7,1.2599999999999998,0.0,0.0,16.0,16.0,3.2,2.72,2.0,9.105,54.23,45.125,20.865,15.582999999999998,9.105,0.0,0.0,0.0,0.0,0.0,0.0,0.0,0.0,0.0,0.0,0.0,0.0,12.0,225.0,213.0,91.0,94.8,12.0,4,0.648074069840786,0.6091199348919785,0.6005237760880777,0.6000397970967368,0.6000010180820754,1.9,2.4,0.8,0.7,0.3275862068965517,0.41379310344827586,0.13793103448275862,0.12068965517241378,p,O,-0.338381,p,O,-0.338381,0.0,False,0.7877573323062756,0.16555390793374247
Distorted Perovskite,"{'a': '5.811(4) Ã…', 'b': '5.846(3) Ã…', 'c': '8.2269(4) Ã…'}",Sr2RuEuO6,28.0,P21/n,Sr2 Ru1 Eu1 O6,8.0,63.0,55.0,23.1,18.119999999999997,8.0,8.0,87.0,79.0,61.9,30.120000000000005,87.0,15.9994,151.964,135.9646,52.42704,43.713167999999996,15.9994,54.8,2607.0,2552.2,613.08,669.936,54.8,2.0,16.0,14.0,11.1,5.88,16.0,2.0,6.0,4.0,3.3,1.56,2.0,66.0,198.0,132.0,113.0,56.4,66.0,0.95,3.44,2.49,2.5925000000000002,1.017,3.44,1.0,2.0,1.0,1.9,0.18000000000000008,2.0,0.0,4.0,4.0,2.4,1.9200000000000004,4.0,0.0,7.0,7.0,0.7,1.2599999999999998,0.0,0.0,7.0,7.0,0.7,1.2599999999999998,0.0,2.0,9.0,7.0,5.7,1.48,6.0,0.0,1.0,1.0,0.1,0.18000000000000002,0.0,0.0,2.0,2.0,1.2,0.9600000000000002,2.0,0.0,3.0,3.0,0.3,0.54,0.0,0.0,7.0,7.0,0.7,1.2599999999999998,0.0,0.0,7.0,7.0,2.3,1.2799999999999998,2.0,9.105,54.23,45.125,21.306,16.2004,9.105,0.0,0.0,0.0,0.0,0.0,0.0,0.0,0.0,0.0,0.0,0.0,0.0,12.0,229.0,217.0,94.5,99.0,12.0,4,0.648074069840786,0.6091199348919785,0.6005237760880777,0.6000397970967368,0.6000010180820754,1.9,2.4,0.7,0.7,0.3333333333333333,0.42105263157894735,0.12280701754385964,0.12280701754385964,f,Eu,-0.232773,f,Eu,-0.232773,0.0,False,0.7877573323062756,0.16555390793374247
Rhombohedral distorted perovskite,,BiFe0.9Co0.01Mn0.09O3,653.15,R3c,Bi1 Fe0.9 Co0.01 Mn0.09 O3,8.0,83.0,75.0,26.584000000000003,22.568064000000003,8.0,52.0,87.0,35.0,80.352,10.236799999999999,87.0,15.9994,208.9804,192.981,62.5545712,58.57033151999999,15.9994,54.8,1811.0,1756.2,498.61800000000005,532.5816000000001,54.8,7.0,16.0,9.0,14.184000000000001,2.5055999999999994,16.0,2.0,6.0,4.0,3.1999999999999997,1.44,2.0,66.0,148.0,82.0,95.714,35.6568,66.0,1.55,3.44,1.89,2.82906,0.733128,3.44,2.0,2.0,0.0,2.0,0.0,2.0,0.0,4.0,4.0,3.0,1.2,4.0,0.0,10.0,10.0,3.184,3.8207999999999998,0.0,0.0,14.0,14.0,2.8,4.4799999999999995,0.0,6.0,29.0,23.0,10.984000000000002,7.2064,6.0,0.0,0.0,0.0,0.0,0.0,0.0,0.0,3.0,3.0,1.8,0.72,2.0,0.0,5.0,5.0,0.8160000000000001,1.3056,0.0,0.0,0.0,0.0,0.0,0.0,0.0,2.0,5.0,3.0,2.616,0.7392000000000001,2.0,9.105,32.95,23.845000000000002,14.1936665517242,7.5025333793103215,9.105,0.0,0.0,0.0,0.0,0.0,0.0,0.0,2.1106628,2.1106628,0.38302182857241374,0.6266125471996414,0.0,12.0,229.0,217.0,55.114,68.9824,12.0,5,0.6578206442488712,0.6125485420364897,0.6007833817805786,0.6000579215707046,0.6000013703851838,2.0,3.0,3.184,2.8,0.18208302986161687,0.2731245447924253,0.2898761835396941,0.2549162418062636,d,Fe,-0.295049,d,Fe,-0.295049,0.0,,,
Rhombohedral distorted perovskite,,BiFe0.9Co0.09Mn0.01O3,676.15,R3c,Bi1 Fe0.9 Co0.09 Mn0.01 O3,8.0,83.0,75.0,26.616000000000003,22.567424000000003,8.0,52.0,87.0,35.0,80.44800000000001,10.083199999999996,87.0,15.9994,208.9804,192.981,62.6184936,58.54476256,15.9994,54.8,1811.0,1756.2,502.60200000000003,537.3624,54.8,7.0,16.0,9.0,14.216,2.4544000000000006,16.0,2.0,6.0,4.0,3.1999999999999997,1.44,2.0,66.0,148.0,82.0,95.506,35.4072,66.0,1.55,3.44,1.89,2.83434,0.7267919999999999,3.44,2.0,2.0,0.0,2.0,0.0,2.0,0.0,4.0,4.0,3.0,1.2,4.0,0.0,10.0,10.0,3.216,3.8592,0.0,0.0,14.0,14.0,2.8,4.4799999999999995,0.0,6.0,29.0,23.0,11.016000000000002,7.193600000000001,6.0,0.0,0.0,0.0,0.0,0.0,0.0,0.0,3.0,3.0,1.8,0.72,2.0,0.0,5.0,5.0,0.784,1.2544,0.0,0.0,0.0,0.0,0.0,0.0,0.0,2.0,5.0,3.0,2.5839999999999996,0.7007999999999999,2.0,9.105,32.95,23.845000000000002,14.189785172413801,7.504085931034481,9.105,0.0,0.0,0.0,0.0,0.0,0.0,0.0,2.1106628,2.1106628,0.4077924058413793,0.6540977784868138,0.0,12.0,229.0,217.0,54.746,68.39359999999999,12.0,5,0.6578206442488712,0.6125485420364897,0.6007833817805786,0.6000579215707046,0.6000013703851838,2.0,3.0,3.216,2.8,0.18155410312273054,0.2723311546840958,0.29193899782135074,0.2541757443718227,d,Fe,-0.295049,d,Fe,-0.295049,0.0,,,
Perovskite,"{'a': '5.400 Ã…', 'b': '5.599 Ã…', 'c': '7.709 Ã…'}",SmFeO3,670.0,Pnma,Sm1 Fe1 O3,8.0,62.0,54.0,22.4,17.28,8.0,23.0,87.0,64.0,67.8,23.04,87.0,15.9994,150.36,134.3606,50.84064,41.809488,15.9994,54.8,1811.0,1756.2,664.08,731.1360000000001,54.8,3.0,16.0,13.0,11.8,5.04,16.0,2.0,6.0,4.0,3.2,1.44,2.0,66.0,198.0,132.0,105.6,47.519999999999996,66.0,1.17,3.44,2.27,2.664,0.9311999999999999,3.44,2.0,2.0,0.0,2.0,0.0,2.0,0.0,4.0,4.0,2.4,1.9200000000000004,4.0,0.0,6.0,6.0,1.2,1.92,0.0,0.0,6.0,6.0,1.2,1.92,0.0,6.0,8.0,2.0,6.8,0.96,6.0,0.0,0.0,0.0,0.0,0.0,0.0,0.0,2.0,2.0,1.2,0.9600000000000002,2.0,0.0,4.0,4.0,0.8,1.28,0.0,0.0,8.0,8.0,1.6,2.56,0.0,2.0,8.0,6.0,3.6,1.9200000000000004,2.0,9.105,33.23,24.124999999999996,14.254999999999999,7.589999999999998,9.105,0.0,0.0,0.0,0.0,0.0,0.0,0.0,2.1106628,2.1106628,0.42213256,0.675412096,0.0,12.0,229.0,217.0,86.2,89.04,12.0,3,0.6633249580710799,0.6144633651371695,0.6009844187491661,0.6000783545597032,0.6000020321795635,2.0,2.4,1.2,1.2,0.29411764705882354,0.35294117647058826,0.17647058823529413,0.17647058823529413,d,Fe,-0.295049,f,Sm,-0.21776,0.077289,True,0.7242401773760752,0.148266677165001
GdFeO3-perovskite,"{'a': '5.3761 Ã…', 'b': '5.3739 Ã…', 'c': '7.5715 Ã…'}",La0.3Ca0.7MnO3,170.0,Pbnm,La0.3 Ca0.7 Mn1 O3,8.0,57.0,49.0,16.02,9.624,8.0,7.0,87.0,80.0,64.36,27.167999999999996,87.0,15.9994,138.90547,122.90607000000001,34.5324972,22.23971664,15.9994,54.8,1519.0,1464.2,564.36,611.472,54.8,2.0,16.0,14.0,11.459999999999999,5.448,16.0,2.0,6.0,4.0,2.92,1.1039999999999999,2.0,66.0,207.0,141.0,104.46,46.152,66.0,1.0,3.44,2.44,2.58,1.032,3.44,2.0,2.0,0.0,2.0,0.0,2.0,0.0,4.0,4.0,2.4,1.9200000000000004,4.0,0.0,5.0,5.0,1.06,1.576,0.0,0.0,0.0,0.0,0.0,0.0,0.0,2.0,7.0,5.0,5.46,1.2639999999999998,6.0,0.0,0.0,0.0,0.0,0.0,0.0,0.0,2.0,2.0,1.2,0.9600000000000002,2.0,0.0,9.0,9.0,1.5399999999999998,2.2792,0.0,0.0,0.0,0.0,0.0,0.0,0.0,0.0,9.0,9.0,2.7399999999999998,1.6551999999999996,2.0,9.105,37.77,28.665000000000003,15.062167241380001,8.978433103448001,9.105,0.0,0.0,0.0,0.0,0.0,0.0,0.0,0.000310120689655,0.000310120689655,6.2024137931e-05,9.923862068959999e-05,0.0,12.0,225.0,213.0,93.74,98.088,12.0,4,0.6505382386916237,0.6099811872725391,0.6005769141908202,0.6000424198866755,0.6000010448055402,2.0,2.4,1.06,0.0,0.3663003663003663,0.43956043956043955,0.19413919413919414,0.0,d,Mn,-0.26654,d,Mn,-0.26654,0.0,,,
Pnma,"{'a': '5.6200 Ã…', 'b': '7.5236 Ã…', 'c': '5.8338 Ã…'}",La0.375Ca0.625MnO3,115.0,Pnma,La0.375 Ca0.625 Mn1 O3,8.0,57.0,49.0,16.575,10.290000000000001,8.0,7.0,87.0,80.0,64.45,27.060000000000002,87.0,15.9994,138.90547,122.90607000000001,36.01490925,24.0186111,15.9994,54.8,1519.0,1464.2,565.53,612.876,54.8,2.0,16.0,14.0,11.475,5.43,16.0,2.0,6.0,4.0,2.95,1.1400000000000001,2.0,66.0,207.0,141.0,104.925,46.71,66.0,1.0,3.44,2.44,2.5815,1.0302,3.44,2.0,2.0,0.0,2.0,0.0,2.0,0.0,4.0,4.0,2.4,1.9200000000000004,4.0,0.0,5.0,5.0,1.075,1.5699999999999998,0.0,0.0,0.0,0.0,0.0,0.0,0.0,2.0,7.0,5.0,5.475,1.2400000000000002,6.0,0.0,0.0,0.0,0.0,0.0,0.0,0.0,2.0,2.0,1.2,0.9600000000000002,2.0,0.0,9.0,9.0,1.675,2.42875,0.0,0.0,0.0,0.0,0.0,0.0,0.0,0.0,9.0,9.0,2.875,1.76875,2.0,9.105,37.77,28.665000000000003,15.049079741380002,8.957493103448002,9.105,0.0,0.0,0.0,0.0,0.0,0.0,0.0,0.000310120689655,0.000310120689655,6.2024137931e-05,9.923862068959999e-05,0.0,12.0,225.0,213.0,93.275,97.53,12.0,4,0.6490377492873585,0.6094566513424744,0.600543598407601,0.6000406852654617,0.6000010253946856,2.0,2.4,1.075,0.0,0.36529680365296807,0.4383561643835617,0.19634703196347034,0.0,d,Mn,-0.26654,d,Mn,-0.26654,0.0,,,
Distorted Perovskite,"{'a': '5.4491 Ã…', 'b': '5.4345 Ã…', 'c': '7.6506 Ã…'}",Pr0.65Ca0.35MnO3,165.0,Pbnm,Pr0.65 Ca0.35 Mn1 O3,8.0,59.0,51.0,18.869999999999997,13.044,8.0,7.0,87.0,80.0,65.3,26.04,87.0,15.9994,140.90765,124.90825,41.7107035,31.08214269,15.9994,54.8,1519.0,1464.2,571.25,619.74,54.8,2.0,16.0,14.0,11.53,5.364,16.0,2.0,6.0,4.0,3.06,1.272,2.0,66.0,203.0,137.0,106.10999999999999,48.13199999999999,66.0,1.0,3.44,2.44,2.5909,1.01892,3.44,2.0,2.0,0.0,2.0,0.0,2.0,0.0,4.0,4.0,2.4,1.9200000000000004,4.0,0.0,5.0,5.0,1.0,1.6,0.0,0.0,3.0,3.0,0.39,0.6786,0.0,2.0,7.0,5.0,5.79,0.736,6.0,0.0,0.0,0.0,0.0,0.0,0.0,0.0,2.0,2.0,1.2,0.9600000000000002,2.0,0.0,5.0,5.0,1.0,1.6,0.0,0.0,11.0,11.0,1.4300000000000002,2.4882,0.0,0.0,11.0,11.0,3.63,2.4642000000000004,2.0,9.105,37.77,28.665000000000003,14.84216724138,8.626433103447999,9.105,0.0,0.0,0.0,0.0,0.0,0.0,0.0,0.000310120689655,0.000310120689655,6.2024137931e-05,9.923862068959999e-05,0.0,12.0,225.0,213.0,91.57000000000001,95.48400000000001,12.0,4,0.6494613152451807,0.6096046887807208,0.6005526999399735,0.6000411307005362,0.6000010298049089,2.0,2.4,1.0,0.39,0.3454231433506045,0.41450777202072536,0.17271157167530224,0.06735751295336788,d,Mn,-0.26654,d,Mn,-0.26654,0.0,,,
AFM,,TbCo0.2Ni1.8B2C,10.2,,Tb1 Co0.2 Ni1.8 B2 C1,5.0,65.0,60.0,22.8,17.466666666666665,5.0,29.0,77.0,48.0,61.9,11.766666666666666,72.0,10.811,158.92535,148.11435,51.66546816666667,40.45456816666666,10.811,1629.0,3823.0,2194.0,2268.6666666666665,571.0,2348.0,3.0,14.0,11.0,10.466666666666667,2.8666666666666667,13.0,2.0,6.0,4.0,3.3333333333333335,1.3333333333333333,2.0,76.0,194.0,118.0,114.39999999999999,33.06666666666666,84.0,1.21,2.55,1.3399999999999999,1.9423333333333332,0.26766666666666666,2.04,2.0,2.0,0.0,2.0,0.0,2.0,0.0,2.0,2.0,0.6666666666666666,0.6666666666666666,1.0,0.0,8.0,8.0,2.6333333333333333,3.511111111111111,0.0,0.0,9.0,9.0,1.5,2.5,0.0,3.0,11.0,8.0,6.8,3.466666666666667,3.0,0.0,0.0,0.0,0.0,0.0,0.0,0.0,5.0,5.0,2.3333333333333335,2.333333333333333,5.0,0.0,3.0,3.0,0.7000000000000001,0.9333333333333335,0.0,0.0,5.0,5.0,0.8333333333333334,1.388888888888889,0.0,2.0,5.0,3.0,3.8666666666666667,1.1777777777777778,5.0,5.64,31.7366666667,26.0966666667,12.057777777783334,6.5596296296388905,7.1725,0.0,4.496,4.496,1.2573333333333334,1.2573333333333334,1.524,0.0,1.5484712,1.5484712,0.23023411666666668,0.3069788222222222,0.0,166.0,225.0,59.0,193.96666666666667,18.644444444444446,166.0,5,0.5077182070575939,0.4185690785479637,0.36858131571423375,0.3530065260307018,0.34350450316489356,2.0,0.6666666666666666,2.6333333333333333,1.5,0.29411764705882354,0.09803921568627451,0.3872549019607843,0.22058823529411764,s,Ni,-0.210764,s,Ni,-0.210764,0.0,,,
AFM,,TbCo0.4Ni1.6B2C,7.65,,Tb1 Co0.4 Ni1.6 B2 C1,5.0,65.0,60.0,22.766666666666666,17.433333333333334,5.0,29.0,77.0,48.0,61.800000000000004,11.866666666666667,72.0,10.811,158.92535,148.11435,51.673461333333336,40.46256133333333,10.811,1629.0,3823.0,2194.0,2270.0,569.6666666666666,2348.0,3.0,14.0,11.0,10.433333333333334,2.9,13.0,2.0,6.0,4.0,3.3333333333333335,1.3333333333333333,2.0,76.0,194.0,118.0,114.46666666666665,33.13333333333333,84.0,1.21,2.55,1.3399999999999999,1.9413333333333334,0.26866666666666666,2.04,2.0,2.0,0.0,2.0,0.0,2.0,0.0,2.0,2.0,0.6666666666666666,0.6666666666666666,1.0,0.0,8.0,8.0,2.6,3.466666666666667,0.0,0.0,9.0,9.0,1.5,2.5,0.0,3.0,11.0,8.0,6.766666666666667,3.4333333333333336,3.0,0.0,0.0,0.0,0.0,0.0,0.0,0.0,5.0,5.0,2.3333333333333335,2.3333333333333335,5.0,0.0,3.0,3.0,0.7333333333333334,0.9777777777777779,0.0,0.0,5.0,5.0,0.8333333333333334,1.388888888888889,0.0,2.0,5.0,3.0,3.9,1.1333333333333335,5.0,5.64,31.7366666667,26.0966666667,12.055277777783333,6.560462962972221,7.1725,0.0,4.496,4.496,1.2573333333333334,1.2573333333333334,1.524,0.0,1.5484712,1.5484712,0.26200333333333337,0.3493377777777778,0.0,166.0,225.0,59.0,192.9333333333333,17.955555555555563,166.0,5,0.4921607686744467,0.4032148336321087,0.35605160180998446,0.3431527556264817,0.33680980014728923,2.0,0.6666666666666666,2.6,1.5,0.2955665024630542,0.09852216748768472,0.3842364532019705,0.22167487684729065,s,Ni,-0.210764,s,Ni,-0.210764,0.0,,,
Perovskite,"{'a': '3.98 Ã…', 'b': '3.98 Ã…', 'c': '3.98 Ã…'}",LaMnO3,131.0,,La1 Mn1 O3,8.0,57.0,49.0,21.2,15.839999999999998,8.0,13.0,87.0,74.0,65.2,26.160000000000004,87.0,15.9994,138.90547,122.90607000000001,48.368343,38.8427316,15.9994,54.8,1519.0,1464.2,575.28,624.576,54.8,3.0,16.0,13.0,11.6,5.279999999999999,16.0,2.0,6.0,4.0,3.2,1.44,2.0,66.0,207.0,141.0,108.8,51.35999999999999,66.0,1.1,3.44,2.34,2.5940000000000003,1.0151999999999997,3.44,2.0,2.0,0.0,2.0,0.0,2.0,0.0,4.0,4.0,2.4,1.9200000000000004,4.0,0.0,5.0,5.0,1.2,1.52,0.0,0.0,0.0,0.0,0.0,0.0,0.0,3.0,7.0,4.0,5.6,1.0400000000000003,6.0,0.0,0.0,0.0,0.0,0.0,0.0,0.0,2.0,2.0,1.2,0.9600000000000002,2.0,0.0,9.0,9.0,2.8,3.3599999999999994,0.0,0.0,0.0,0.0,0.0,0.0,0.0,2.0,9.0,7.0,4.0,2.4,2.0,9.105,36.8975,27.7925,14.94001724138,8.782993103448,9.105,0.0,0.0,0.0,0.0,0.0,0.0,0.0,0.000310120689655,0.000310120689655,6.2024137931e-05,9.923862068959999e-05,0.0,12.0,217.0,205.0,89.4,92.88,12.0,3,0.6633249580710799,0.6144633651371695,0.6009844187491661,0.6000783545597032,0.6000020321795635,2.0,2.4,1.2,0.0,0.35714285714285715,0.4285714285714286,0.2142857142857143,0.0,d,Mn,-0.26654,d,Mn,-0.26654,0.0,False,0.7456133690005962,0.16231835307545583
Rhombohedral perovskite,,Bi0.95Pb0.05Fe0.85Mn0.15O3,670.15,R3c,Bi0.95 Pb0.05 Fe0.85 Mn0.15 O3,8.0,83.0,75.0,26.559999999999995,22.555999999999997,8.0,52.0,87.0,35.0,80.26,10.283999999999997,87.0,15.9994,208.9804,192.981,62.51970735,58.548669059999995,15.9994,54.8,1811.0,1756.2,495.7620999999999,529.1545199999999,54.8,7.0,16.0,9.0,14.16,2.5271999999999997,16.0,2.0,6.0,4.0,3.1999999999999997,1.44,2.0,66.0,148.0,82.0,95.79,35.748000000000005,66.0,1.55,3.44,1.89,2.8287,0.73356,3.44,2.0,2.0,0.0,2.0,0.0,2.0,0.0,4.0,4.0,2.9899999999999998,1.2158000000000002,4.0,0.0,10.0,10.0,3.17,3.804,0.0,0.0,14.0,14.0,2.8,4.4799999999999995,0.0,6.0,29.0,23.0,10.959999999999997,7.195999999999998,6.0,0.0,0.0,0.0,0.0,0.0,0.0,0.0,4.0,4.0,1.81,0.724,2.0,0.0,5.0,5.0,0.8300000000000001,1.3279999999999998,0.0,0.0,0.0,0.0,0.0,0.0,0.0,2.0,5.0,3.0,2.6399999999999997,0.768,2.0,9.105,32.95,23.845000000000002,14.143327586206999,7.425868965517199,9.105,0.0,0.0,0.0,0.0,0.0,0.0,0.0,2.1106628,2.1106628,0.3588219796206897,0.5956258789289655,0.0,12.0,229.0,217.0,57.17,71.36859999999999,12.0,5,0.6526867548832288,0.6107327930866748,0.6006000639752,0.6000399260319582,0.6000008084199822,2.0,2.9899999999999998,3.17,2.8,0.18248175182481757,0.27281021897810226,0.28923357664233584,0.25547445255474455,d,Fe,-0.295049,d,Fe,-0.295049,0.0,,,
Double-layered perovskite-like,,Ca3Ru2O7,56.0,,Ca3 Ru2 O7,8.0,44.0,36.0,17.0,10.5,8.0,7.0,87.0,80.0,61.833333333333336,29.361111111111114,87.0,15.9994,101.07,85.0706,36.19748333333334,23.564430555555557,15.9994,54.8,2607.0,2552.2,745.2166666666667,805.486111111111,54.8,2.0,16.0,14.0,11.166666666666666,5.638888888888888,16.0,2.0,5.0,3.0,3.0,1.1666666666666667,2.0,66.0,176.0,110.0,106.83333333333333,47.63888888888889,66.0,1.0,3.44,2.44,2.623333333333333,0.9527777777777778,3.44,1.0,2.0,1.0,1.8333333333333333,0.27777777777777785,2.0,0.0,4.0,4.0,2.3333333333333335,1.9444444444444446,4.0,0.0,7.0,7.0,1.1666666666666667,1.9444444444444446,0.0,0.0,0.0,0.0,0.0,0.0,0.0,2.0,8.0,6.0,5.333333333333333,1.666666666666667,6.0,0.0,1.0,1.0,0.16666666666666666,0.2777777777777778,0.0,0.0,2.0,2.0,1.1666666666666667,0.9722222222222223,2.0,0.0,3.0,3.0,0.5,0.8333333333333334,0.0,0.0,0.0,0.0,0.0,0.0,0.0,0.0,4.0,4.0,1.8333333333333333,0.9166666666666669,2.0,9.105,37.77,28.665000000000003,17.005416666666665,10.382291666666667,9.105,0.0,0.0,0.0,0.0,0.0,0.0,0.0,0.0,0.0,0.0,0.0,0.0,12.0,225.0,213.0,95.58333333333333,97.51388888888887,12.0,3,0.6561673228343177,0.6025355660438075,0.5852298877168572,0.5835673037013095,0.5833457376874627,1.8333333333333333,2.3333333333333335,1.1666666666666667,0.0,0.34375,0.43750000000000006,0.21875000000000003,0.0,d,Ru,-0.210375,d,Ru,-0.210375,0.0,True,0.7742664595807831,0.15653827282974522
Perovskite,,LaMn3Ni2Mn2O12,46.0,,La1 Mn5 Ni2 O12,8.0,57.0,49.0,16.7,10.440000000000001,8.0,13.0,87.0,74.0,71.95,18.06,87.0,15.9994,138.90547,122.90607000000001,36.14876475,24.179237699999998,15.9994,54.8,1728.0,1673.2,645.08,708.336,54.8,3.0,16.0,13.0,12.5,4.2,16.0,2.0,6.0,4.0,2.9,1.08,2.0,66.0,207.0,141.0,97.1,37.32,66.0,1.1,3.44,2.34,2.6975000000000002,0.891,3.44,2.0,2.0,0.0,2.0,0.0,2.0,0.0,4.0,4.0,2.4,1.9200000000000004,4.0,0.0,8.0,8.0,2.1,2.63,0.0,0.0,0.0,0.0,0.0,0.0,0.0,3.0,10.0,7.0,6.5,0.95,6.0,0.0,0.0,0.0,0.0,0.0,0.0,0.0,2.0,2.0,1.2,0.9600000000000002,2.0,0.0,9.0,9.0,1.9,2.28,0.0,0.0,0.0,0.0,0.0,0.0,0.0,2.0,9.0,7.0,3.1,1.5400000000000003,2.0,9.105,36.8975,27.7925,10.961771551725,2.5935728448275004,9.105,0.0,0.0,0.0,0.0,0.0,0.0,0.0,0.5953947,0.5953947,0.05961700017241376,0.10715553996551726,0.0,12.0,225.0,213.0,93.65,97.97999999999999,12.0,4,0.6595452979136459,0.6151247901528124,0.6015152822921332,0.6001870186454474,0.6000094635392892,2.0,2.4,2.1,0.0,0.3076923076923077,0.3692307692307692,0.3230769230769231,0.0,d,Mn,-0.26654,d,Mn,-0.26654,0.0,True,0.7456133690005962,0.1397077359424239
Perovskite-like,{'a': '417.5 pm'},CePd3Ga0.10,3.3,,Ce1 Pd3 Ga0.1,31.0,58.0,27.0,48.5609756097561,4.604402141582393,46.0,15.0,74.0,59.0,50.82926829268293,17.47769185008923,62.0,69.723,140.116,70.39300000000001,113.74348780487806,12.864640095181446,106.42,302.91,1828.05,1525.1399999999999,1606.2051219512196,324.6510410469958,1828.05,3.0,13.0,10.0,8.365853658536585,2.617489589530042,10.0,4.0,6.0,2.0,5.219512195121951,0.3807257584770971,5.0,122.0,204.0,82.0,154.43902439024393,24.176085663295673,139.0,1.12,2.2,1.08,1.9270731707317077,0.3994051160023795,2.2,0.0,2.0,2.0,0.5365853658536587,0.7852468768590127,0.0,0.0,1.0,1.0,0.02439024390243903,0.047590719809637125,0.0,1.0,10.0,9.0,7.8048780487804885,3.319452706722189,10.0,0.0,1.0,1.0,0.24390243902439027,0.36882807852468774,0.0,4.0,13.0,9.0,8.609756097560975,2.2486615110053543,10.0,0.0,0.0,0.0,0.0,0.0,0.0,0.0,5.0,5.0,0.12195121951219513,0.2379535990481856,0.0,0.0,9.0,9.0,2.1951219512195124,3.3194527067221893,0.0,0.0,13.0,13.0,3.1707317073170733,4.79476502082094,0.0,0.0,22.0,22.0,5.487804878048781,8.054729327781082,0.0,14.41,37.24,22.830000000000002,20.08676829268293,8.367430101130282,14.41,0.0,0.0,0.0,0.0,0.0,0.0,0.0,0.0,0.0,0.0,0.0,0.0,64.0,225.0,161.0,213.51219512195124,16.811421772754308,225.0,3,0.7716727814417744,0.7406402734912265,0.7323085624386715,0.7317551036067859,0.7317085562164942,0.5365853658536587,0.02439024390243903,7.8048780487804885,0.24390243902439027,0.06232294617563741,0.0028328611898017003,0.906515580736544,0.028328611898017,d,Pd,-0.160771,d,Pd,-0.160771,0.0,,,
Perovskite-like,{'a': '419.8 pm'},CePd3Ga0.15,4.0,,Ce1 Pd3 Ga0.15,31.0,58.0,27.0,48.34939759036144,4.65089272753665,46.0,15.0,74.0,59.0,51.10843373493975,17.401654812019164,62.0,69.723,140.116,70.39300000000001,113.21312048192769,12.965243141239647,106.42,302.91,1828.05,1525.1399999999999,1590.5027710843372,343.4417767455364,1828.05,3.0,13.0,10.0,8.421686746987952,2.6128610828857597,10.0,4.0,6.0,2.0,5.204819277108434,0.3832196254899114,5.0,122.0,204.0,82.0,154.0481927710843,24.07316011032078,139.0,1.12,2.2,1.08,1.9256626506024095,0.3966323123820585,2.2,0.0,2.0,2.0,0.5542168674698794,0.801277398751633,0.0,0.0,1.0,1.0,0.03614457831325301,0.06967629554362026,0.0,1.0,10.0,9.0,7.831325301204819,3.2922049644360576,10.0,0.0,1.0,1.0,0.24096385542168672,0.3658005516040063,0.0,4.0,13.0,9.0,8.662650602409638,2.247060531281754,10.0,0.0,0.0,0.0,0.0,0.0,0.0,0.0,5.0,5.0,0.18072289156626503,0.34838147771810124,0.0,0.0,9.0,9.0,2.1686746987951806,3.292204964436057,0.0,0.0,13.0,13.0,3.1325301204819276,4.755407170852083,0.0,0.0,22.0,22.0,5.481927710843373,7.960516765858613,0.0,14.41,37.24,22.830000000000002,20.0719578313253,8.273755262011903,14.41,0.0,0.0,0.0,0.0,0.0,0.0,0.0,0.0,0.0,0.0,0.0,0.0,64.0,225.0,161.0,211.71084337349396,19.213238496153295,225.0,3,0.7628513791940591,0.731737583802621,0.723485606812808,0.7229387771332344,0.7228927904789528,0.5542168674698794,0.03614457831325301,7.831325301204819,0.24096385542168672,0.06397774687065368,0.004172461752433936,0.9040333796940195,0.027816411682892905,d,Pd,-0.160771,d,Pd,-0.160771,0.0,,,
Perovskite-like,{'a': '421.6 pm'},CePd3Ga0.20,2.3,,Ce1 Pd3 Ga0.2,31.0,58.0,27.0,48.14285714285714,4.693877551020406,46.0,15.0,74.0,59.0,51.38095238095238,17.32426303854875,62.0,69.723,140.116,70.39300000000001,112.69538095238094,13.057437641723352,106.42,302.91,1828.05,1525.1399999999999,1575.1742857142856,361.25102040816324,1828.05,3.0,13.0,10.0,8.476190476190476,2.6077097505668934,10.0,4.0,6.0,2.0,5.190476190476191,0.3854875283446713,5.0,122.0,204.0,82.0,153.66666666666666,23.96825396825396,139.0,1.12,2.2,1.08,1.9242857142857144,0.3938775510204082,2.2,0.0,2.0,2.0,0.5714285714285714,0.8163265306122448,0.0,0.0,1.0,1.0,0.047619047619047616,0.09070294784580497,0.0,1.0,10.0,9.0,7.857142857142857,3.2653061224489797,10.0,0.0,1.0,1.0,0.23809523809523808,0.3628117913832199,0.0,4.0,13.0,9.0,8.714285714285714,2.2448979591836737,10.0,0.0,0.0,0.0,0.0,0.0,0.0,0.0,5.0,5.0,0.23809523809523808,0.4535147392290249,0.0,0.0,9.0,9.0,2.142857142857143,3.2653061224489797,0.0,0.0,13.0,13.0,3.095238095238095,4.716553287981859,0.0,0.0,22.0,22.0,5.476190476190476,7.868480725623583,0.0,14.41,37.24,22.830000000000002,20.0575,8.182142857142857,14.41,0.0,0.0,0.0,0.0,0.0,0.0,0.0,0.0,0.0,0.0,0.0,0.0,64.0,225.0,161.0,209.95238095238093,21.49659863945579,225.0,3,0.7544275960835648,0.7230662245921379,0.7148728259332369,0.7143323636370426,0.714286923925749,0.5714285714285714,0.047619047619047616,7.857142857142857,0.23809523809523808,0.06557377049180328,0.00546448087431694,0.9016393442622951,0.027322404371584702,d,Pd,-0.160771,d,Pd,-0.160771,0.0,,,
Perovskite,,DyScO3,3.5,Pbnm,Dy1 Sc1 O3,8.0,66.0,58.0,22.2,17.52,8.0,11.0,87.0,76.0,60.6,31.679999999999996,87.0,15.9994,162.5,146.5006,51.0908224,44.563671039999996,15.9994,54.8,1814.0,1759.2,732.6800000000001,813.456,54.8,3.0,16.0,13.0,10.8,6.24,16.0,2.0,6.0,4.0,3.2,1.44,2.0,66.0,192.0,126.0,112.0,55.2,66.0,1.22,3.44,2.2199999999999998,2.58,1.032,3.44,2.0,2.0,0.0,2.0,0.0,2.0,0.0,4.0,4.0,2.4,1.9200000000000004,4.0,0.0,1.0,1.0,0.2,0.32,0.0,0.0,10.0,10.0,2.0,3.2,0.0,3.0,12.0,9.0,6.6,2.1599999999999997,6.0,0.0,0.0,0.0,0.0,0.0,0.0,0.0,2.0,2.0,1.2,0.9600000000000002,2.0,0.0,9.0,9.0,1.8,2.88,0.0,0.0,4.0,4.0,0.8,1.28,0.0,2.0,9.0,7.0,3.8,2.16,2.0,9.105,31.24,22.134999999999998,16.157999999999998,8.4636,9.105,0.0,0.0,0.0,0.0,0.0,0.0,0.0,6.35e-06,6.35e-06,1.2700000000000001e-06,2.032e-06,0.0,12.0,194.0,182.0,84.8,87.35999999999999,12.0,3,0.6633249580710799,0.6144633651371695,0.6009844187491661,0.6000783545597032,0.6000020321795635,2.0,2.4,0.2,2.0,0.30303030303030304,0.36363636363636365,0.030303030303030307,0.30303030303030304,f,Dy,-0.265302,f,Dy,-0.265302,0.0,True,0.7083205926780534,0.16450767883420014
Layered Perovskite,,Er2Mn2O7,4.75,,Er2 Mn2 O7,8.0,68.0,60.0,22.0,17.818181818181817,8.0,35.0,87.0,52.0,71.18181818181819,20.132231404958677,87.0,15.9994,167.259,151.25959999999998,50.58089909090909,44.012817024793385,15.9994,54.8,1770.0,1715.2,632.8727272727273,735.7289256198347,54.8,3.0,16.0,13.0,12.0,5.090909090909091,16.0,2.0,6.0,4.0,3.090909090909091,1.3884297520661157,2.0,66.0,189.0,123.0,101.63636363636364,45.35537190082645,66.0,1.24,3.44,2.2,2.696363636363636,0.9464462809917357,3.44,2.0,2.0,0.0,2.0,0.0,2.0,0.0,4.0,4.0,2.5454545454545454,1.8512396694214877,4.0,0.0,5.0,5.0,0.9090909090909091,1.487603305785124,0.0,0.0,12.0,12.0,2.1818181818181817,3.5702479338842976,0.0,6.0,14.0,8.0,7.636363636363637,2.31404958677686,6.0,0.0,0.0,0.0,0.0,0.0,0.0,0.0,2.0,2.0,1.2727272727272727,0.9256198347107438,2.0,0.0,5.0,5.0,0.9090909090909091,1.487603305785124,0.0,0.0,2.0,2.0,0.36363636363636365,0.5950413223140495,0.0,2.0,5.0,3.0,2.5454545454545454,0.8925619834710744,2.0,9.105,30.585,21.48,13.261833855799999,6.299333143345454,9.105,0.0,0.0,0.0,0.0,0.0,0.0,0.0,0.000310120689655,0.000310120689655,5.638557993727273e-05,9.226731262462809e-05,0.0,12.0,217.0,205.0,82.36363636363636,89.55371900826445,12.0,3,0.6863485850246136,0.6461085146520509,0.636847546393112,0.6363918918735771,0.6363640977380328,2.0,2.5454545454545454,0.9090909090909091,2.1818181818181817,0.2619047619047619,0.3333333333333333,0.11904761904761904,0.2857142857142857,f,Er,-0.278577,d,Mn,-0.26654,0.01203700000000002,True,0.7018027205701127,0.15031716802564185
Orthorhombic Perovskite,"{'a': '5.3044 Ã…', 'b': '5.5137 Ã…', 'c': '7.5920 Ã…'}",GdCrO3,171.0,Pbnm,Gd1 Cr1 O3,8.0,64.0,56.0,22.4,17.28,8.0,27.0,87.0,60.0,67.4,23.52,87.0,15.9994,157.25,141.2506,51.44886,42.539351999999994,15.9994,54.8,2180.0,2125.2,786.08,877.5360000000001,54.8,3.0,16.0,13.0,11.4,5.5200000000000005,16.0,2.0,6.0,4.0,3.2,1.44,2.0,66.0,196.0,130.0,106.6,48.72,66.0,1.2,3.44,2.24,2.636,0.9648,3.44,1.0,2.0,1.0,1.8,0.31999999999999995,2.0,0.0,4.0,4.0,2.4,1.9200000000000004,4.0,0.0,5.0,5.0,1.2,1.52,0.0,0.0,7.0,7.0,1.4,2.2399999999999998,0.0,6.0,10.0,4.0,6.8,1.2799999999999998,6.0,0.0,1.0,1.0,0.2,0.32,0.0,0.0,2.0,2.0,1.2,0.9600000000000002,2.0,0.0,9.0,9.0,2.8,3.3599999999999994,0.0,0.0,7.0,7.0,1.4,2.2399999999999998,0.0,2.0,16.0,14.0,5.6,4.32,2.0,9.105,32.05,22.944999999999997,14.110999999999999,7.175599999999998,9.105,0.0,0.0,0.0,0.0,0.0,0.0,0.0,0.0,0.0,0.0,0.0,0.0,12.0,229.0,217.0,91.8,95.75999999999999,12.0,3,0.6633249580710799,0.6144633651371695,0.6009844187491661,0.6000783545597032,0.6000020321795635,1.8,2.4,1.2,1.4,0.2647058823529412,0.35294117647058826,0.17647058823529413,0.20588235294117646,p,O,-0.338381,p,O,-0.338381,0.0,True,0.7147530549426948,0.15348424583531184
Layered Perovskite,,HoBaCo2O5.5,280.0,,Ho1 Ba1 Co2 O5.5,8.0,67.0,59.0,23.263157894736842,17.673130193905816,8.0,9.0,87.0,78.0,67.0,23.157894736842106,87.0,15.9994,164.93032,148.93092,53.48635894736842,43.40595246537396,15.9994,54.8,1768.0,1713.2,693.0947368421052,739.0781163434904,54.8,2.0,16.0,14.0,11.68421052631579,4.997229916897507,16.0,2.0,6.0,4.0,3.263157894736842,1.4626038781163435,2.0,66.0,215.0,149.0,107.57894736842105,48.14404432132964,66.0,0.89,3.44,2.55,2.6105263157894734,0.9604432132963988,3.44,2.0,2.0,0.0,2.0,0.0,2.0,0.0,4.0,4.0,2.3157894736842106,1.9501385041551247,4.0,0.0,7.0,7.0,1.4736842105263157,2.326869806094183,0.0,0.0,11.0,11.0,1.1578947368421053,2.0720221606648197,0.0,2.0,13.0,11.0,6.947368421052632,2.1385041551246537,6.0,0.0,0.0,0.0,0.0,0.0,0.0,0.0,2.0,2.0,1.1578947368421053,0.9750692520775623,2.0,0.0,3.0,3.0,0.631578947368421,0.9972299168975068,0.0,0.0,3.0,3.0,0.3157894736842105,0.5650969529085872,0.0,0.0,3.0,3.0,2.1052631578947367,0.5650969529085872,2.0,9.105,63.59,54.485,17.356929824557895,12.549362880880887,9.105,0.0,0.0,0.0,0.0,0.0,0.0,0.0,1.5484712,1.5484712,0.32599393684210526,0.5147272686980608,0.0,12.0,229.0,217.0,92.3157894736842,92.9972299168975,12.0,4,0.6337681357259103,0.5903216849822123,0.5797274933143648,0.5790179654936279,0.5789497134684986,2.0,2.3157894736842106,1.4736842105263157,1.1578947368421053,0.28787878787878785,0.3333333333333333,0.2121212121212121,0.16666666666666666,f,Ho,-0.272677,f,Ho,-0.272677,0.0,,,
Layered Perovskite,,GdBaCo2O5.5,255.0,,Gd1 Ba1 Co2 O5.5,8.0,64.0,56.0,22.94736842105263,17.30747922437673,8.0,9.0,87.0,78.0,66.36842105263158,23.889196675900276,87.0,15.9994,157.25,141.2506,52.67790421052632,42.46984698060942,15.9994,54.8,1768.0,1713.2,676.1473684210526,719.4548476454294,54.8,2.0,16.0,14.0,11.68421052631579,4.997229916897507,16.0,2.0,6.0,4.0,3.263157894736842,1.4626038781163435,2.0,66.0,215.0,149.0,108.0,48.63157894736842,66.0,0.89,3.44,2.55,2.607368421052631,0.9640997229916898,3.44,2.0,2.0,0.0,2.0,0.0,2.0,0.0,4.0,4.0,2.3157894736842106,1.9501385041551247,4.0,0.0,7.0,7.0,1.5789473684210527,2.2825484764542936,0.0,0.0,7.0,7.0,0.7368421052631579,1.3185595567867034,0.0,2.0,10.0,8.0,6.631578947368421,1.706371191135734,6.0,0.0,0.0,0.0,0.0,0.0,0.0,0.0,2.0,2.0,1.1578947368421053,0.9750692520775623,2.0,0.0,9.0,9.0,1.5789473684210527,2.1606648199445986,0.0,0.0,7.0,7.0,0.7368421052631579,1.3185595567867034,0.0,0.0,16.0,16.0,3.473684210526316,2.6371191135734073,2.0,9.105,63.59,54.485,17.495526315789473,12.76819944598338,9.105,0.0,0.0,0.0,0.0,0.0,0.0,0.0,1.5484712,1.5484712,0.32599393684210526,0.5147272686980608,0.0,12.0,229.0,217.0,92.3157894736842,92.9972299168975,12.0,4,0.6337681357259103,0.5903216849822123,0.5797274933143648,0.5790179654936279,0.5789497134684986,2.0,2.3157894736842106,1.5789473684210527,0.7368421052631579,0.30158730158730157,0.3492063492063492,0.23809523809523808,0.1111111111111111,d,Co,-0.322368,d,Co,-0.322368,0.0,,,
Perovskite,,KCuF3,39.0,I4/mcm,K1 Cu1 F3,9.0,29.0,20.0,15.0,7.2,9.0,3.0,93.0,90.0,69.2,28.560000000000002,93.0,18.9984032,63.546,44.5475968,31.92790192,15.515398464000004,18.9984032,53.5,1357.77,1304.27,370.96,394.724,53.5,1.0,17.0,16.0,12.6,5.279999999999999,17.0,2.0,4.0,2.0,2.8,0.96,2.0,57.0,203.0,146.0,101.2,53.040000000000006,57.0,0.82,3.98,3.16,2.932,1.2576,3.98,1.0,2.0,1.0,1.6,0.48,2.0,0.0,5.0,5.0,3.0,2.4,5.0,0.0,10.0,10.0,2.0,3.2,0.0,0.0,0.0,0.0,0.0,0.0,0.0,1.0,11.0,10.0,6.6,2.24,7.0,0.0,1.0,1.0,0.4,0.4800000000000001,0.0,0.0,1.0,1.0,0.6,0.4800000000000001,1.0,0.0,0.0,0.0,0.0,0.0,0.0,0.0,0.0,0.0,0.0,0.0,0.0,1.0,1.0,0.0,1.0,0.0,1.0,9.7075,73.1066666667,63.3991666667,22.659833333339996,20.178733333343995,9.7075,0.0,1.97,1.97,1.182,0.9456,1.97,0.0,0.0,0.0,0.0,0.0,0.0,15.0,229.0,214.0,99.8,101.75999999999999,15.0,3,0.6633249580710799,0.6144633651371695,0.6009844187491661,0.6000783545597032,0.6000020321795635,1.6,3.0,2.0,0.0,0.24242424242424246,0.4545454545454546,0.30303030303030304,0.0,d,Cu,-0.202272,d,Cu,-0.202272,0.0,True,0.9176189628313963,0.19954527054374666
Perovskite,"{'a': '5.90193(6) Ã… (10 K), 5.89907(2) Ã… (140 K), 4.18538(1) Ã… (235 K)', 'b': '5.88848(6) Ã… (10 K), a (140 K), a (235 K)', 'c': '8.34826(9) Ã… (10 K), 8.38022(5) Ã… (140 K), a (235 K)'}",KMnF3,81.9,"Pnma (10 K), I4/mcm (140 K), Pm3Ì„m (235 K)",K1 Mn1 F3,9.0,25.0,16.0,14.2,6.24,9.0,3.0,93.0,90.0,66.8,31.439999999999998,93.0,18.9984032,54.938045,35.939641800000004,30.20631092,13.449489264000002,18.9984032,53.5,1519.0,1465.5,403.206,446.31759999999997,53.5,1.0,17.0,16.0,11.8,6.24,17.0,2.0,4.0,2.0,2.8,0.96,2.0,57.0,203.0,146.0,102.6,54.720000000000006,57.0,0.82,3.98,3.16,2.8619999999999997,1.3416000000000001,3.98,1.0,2.0,1.0,1.8,0.31999999999999995,2.0,0.0,5.0,5.0,3.0,2.4,5.0,0.0,5.0,5.0,1.0,1.6,0.0,0.0,0.0,0.0,0.0,0.0,0.0,1.0,7.0,6.0,5.8,1.9200000000000004,7.0,0.0,1.0,1.0,0.2,0.32,0.0,0.0,1.0,1.0,0.6,0.4800000000000001,1.0,0.0,5.0,5.0,1.0,1.6,0.0,0.0,0.0,0.0,0.0,0.0,0.0,1.0,5.0,4.0,1.8,1.28,1.0,9.7075,73.1066666667,63.3991666667,22.54335057472,20.225326436792,9.7075,0.0,1.97,1.97,1.182,0.9456,1.97,0.0,0.000310120689655,0.000310120689655,6.2024137931e-05,9.923862068959999e-05,0.0,15.0,229.0,214.0,98.2,99.84,15.0,3,0.6633249580710799,0.6144633651371695,0.6009844187491661,0.6000783545597032,0.6000020321795635,1.8,3.0,1.0,0.0,0.3103448275862069,0.5172413793103449,0.1724137931034483,0.0,d,Mn,-0.26654,d,Mn,-0.26654,0.0,True,0.9176189628313963,0.20768371279209663
Triple-layered perovskite,,La4Co3O10.1,13.0,,La4 Co3 O10.1,8.0,57.0,49.0,22.7953216374269,17.477514448890258,8.0,13.0,87.0,74.0,64.60233918128654,26.458055470059165,87.0,15.9994,138.90547,122.90607000000001,52.28160263157894,42.85967796244998,15.9994,54.8,1768.0,1713.2,621.6070175438596,669.5615061044423,54.8,3.0,16.0,13.0,11.730994152046783,5.042919188810232,16.0,2.0,6.0,4.0,3.286549707602339,1.5197838651208917,2.0,66.0,207.0,141.0,109.50877192982455,51.39632707499743,66.0,1.1,3.44,2.34,2.6189473684210522,0.9698984302862418,3.44,2.0,2.0,0.0,2.0,0.0,2.0,0.0,4.0,4.0,2.3625730994152043,1.934270373790226,4.0,0.0,7.0,7.0,1.461988304093567,1.94316199856366,0.0,0.0,0.0,0.0,0.0,0.0,0.0,3.0,9.0,6.0,5.824561403508771,1.3214322355596595,6.0,0.0,0.0,0.0,0.0,0.0,0.0,0.0,2.0,2.0,1.1812865497076022,0.967135186895113,2.0,0.0,9.0,9.0,2.631578947368421,3.1086488150200053,0.0,0.0,0.0,0.0,0.0,0.0,0.0,2.0,9.0,7.0,3.8128654970760234,2.426729592011217,2.0,9.105,36.8975,27.7925,15.806169590643272,9.867289080400806,9.105,0.0,0.0,0.0,0.0,0.0,0.0,0.0,1.5484712,1.5484712,0.2716616140350877,0.4480033634964604,0.0,12.0,194.0,182.0,86.50292397660819,88.00930200745529,12.0,3,0.6590568034564838,0.6075443122741744,0.5920605065365612,0.5907893212093609,0.59064919707575,2.0,2.3625730994152043,1.461988304093567,0.0,0.34337349397590367,0.40562248995983935,0.25100401606425704,0.0,d,Co,-0.322368,d,Co,-0.322368,0.0,,,
Pillared Perovskite,"{'a': '7.931 Ã…', 'b': '7.913 Ã…', 'c': '10.346 Ã…'}",La5Mo2.76V1.25O16,100.0,C2/m,La5 Mo2.76 V1.25 O16,8.0,57.0,49.0,22.297880847660934,18.29396989704718,8.0,13.0,87.0,74.0,66.0735705717713,26.775119620284634,87.0,15.9994,138.90547,122.90607000000001,51.141312475010004,44.983635761209314,15.9994,54.8,2896.0,2841.2,702.2594962015194,828.4167884225759,54.8,3.0,16.0,13.0,11.747700919632148,5.440766516264346,16.0,2.0,6.0,4.0,3.2307077169132348,1.5746760072460422,2.0,66.0,207.0,141.0,108.24830067972812,54.05620238909635,66.0,1.1,3.44,2.34,2.7404678128748503,0.895043182247293,3.44,1.0,2.0,1.0,1.8896441423430628,0.1963548846754781,2.0,0.0,4.0,4.0,2.5589764094362257,1.8437726868468927,4.0,0.0,5.0,5.0,0.9016393442622951,1.1536369058933804,0.0,0.0,0.0,0.0,0.0,0.0,0.0,3.0,6.0,3.0,5.3502598960415835,0.9747400519999917,6.0,0.0,1.0,1.0,0.11035585765693723,0.1963548846754781,0.0,0.0,2.0,2.0,1.2794882047181129,0.9218863434234463,2.0,0.0,9.0,9.0,2.700919632147141,3.4557948112238512,0.0,0.0,0.0,0.0,0.0,0.0,0.0,2.0,9.0,7.0,4.090763694522192,2.6751074859940074,2.0,9.105,36.8975,27.7925,15.58314274290284,8.545918617758815,9.105,0.0,0.0,0.0,0.0,0.0,0.0,0.0,0.0,0.0,0.0,0.0,0.0,12.0,229.0,217.0,83.17832866853259,91.07183196293654,12.0,4,0.6811144927334306,0.6473572348763881,0.6401448321721582,0.6397711145045789,0.6397446720566626,1.8896441423430628,2.5589764094362257,0.9016393442622951,0.0,0.3531873552051416,0.4782901128465735,0.16852253194828487,0.0,d,V,-0.204634,d,V,-0.204634,0.0,,,
112-type Perovskite,"{'a': '0.3926 nm', 'b': '0.3961 nm', 'c': '0.3847 nm'}",LaBaCo2O5.5,260.0,,La1 Ba1 Co2 O5.5,8.0,57.0,49.0,22.210526315789473,16.454293628808866,8.0,9.0,87.0,78.0,64.89473684210526,25.59556786703601,87.0,15.9994,138.90547,122.90607000000001,50.746901052631586,40.23394858725762,15.9994,54.8,1768.0,1713.2,634.778947368421,671.5545706371191,54.8,2.0,16.0,14.0,11.68421052631579,4.997229916897507,16.0,2.0,6.0,4.0,3.263157894736842,1.4626038781163435,2.0,66.0,215.0,149.0,109.15789473684211,49.97229916897507,66.0,0.89,3.44,2.55,2.596842105263158,0.9762880886426593,3.44,2.0,2.0,0.0,2.0,0.0,2.0,0.0,4.0,4.0,2.3157894736842106,1.9501385041551247,4.0,0.0,7.0,7.0,1.5789473684210527,2.2825484764542936,0.0,0.0,0.0,0.0,0.0,0.0,0.0,2.0,9.0,7.0,5.894736842105263,1.429362880886427,6.0,0.0,0.0,0.0,0.0,0.0,0.0,0.0,2.0,2.0,1.1578947368421053,0.9750692520775623,2.0,0.0,9.0,9.0,1.5789473684210527,2.1606648199445986,0.0,0.0,0.0,0.0,0.0,0.0,0.0,0.0,9.0,9.0,2.736842105263158,1.429362880886427,2.0,9.105,63.59,54.485,18.00578947368421,13.57387811634349,9.105,0.0,0.0,0.0,0.0,0.0,0.0,0.0,1.5484712,1.5484712,0.32599393684210526,0.5147272686980608,0.0,12.0,229.0,217.0,92.3157894736842,92.9972299168975,12.0,4,0.6337681357259103,0.5903216849822123,0.5797274933143648,0.5790179654936279,0.5789497134684986,2.0,2.3157894736842106,1.5789473684210527,0.0,0.3392857142857143,0.3928571428571429,0.26785714285714285,0.0,d,Co,-0.322368,d,Co,-0.322368,0.0,,,
Orthorhombic perovskite,"{'a': '5.4964 Ã…', 'b': '7.8164 Ã…', 'c': '5.5187 Ã…'}",LaMn0.5Fe0.5O3,150.0,Pnma,La1 Mn0.5 Fe0.5 O3,8.0,57.0,49.0,21.3,15.960000000000003,8.0,13.0,87.0,74.0,65.5,25.8,87.0,15.9994,138.90547,122.90607000000001,48.4590385,38.9515662,15.9994,54.8,1811.0,1756.2,604.48,659.616,54.8,3.0,16.0,13.0,11.7,5.16,16.0,2.0,6.0,4.0,3.2,1.44,2.0,66.0,207.0,141.0,108.1,50.519999999999996,66.0,1.1,3.44,2.34,2.622,0.9815999999999999,3.44,2.0,2.0,0.0,2.0,0.0,2.0,0.0,4.0,4.0,2.4,1.9200000000000004,4.0,0.0,6.0,6.0,1.3,1.6800000000000002,0.0,0.0,0.0,0.0,0.0,0.0,0.0,3.0,8.0,5.0,5.7,1.0799999999999998,6.0,0.0,0.0,0.0,0.0,0.0,0.0,0.0,2.0,2.0,1.2,0.9600000000000002,2.0,0.0,9.0,9.0,2.7,3.2400000000000007,0.0,0.0,0.0,0.0,0.0,0.0,0.0,2.0,9.0,7.0,3.9,2.28,2.0,9.105,36.8975,27.7925,14.96425862069,8.773296551723998,9.105,0.0,0.0,0.0,0.0,0.0,0.0,0.0,2.1106628,2.1106628,0.2110972920689655,0.37991310158620684,0.0,12.0,229.0,217.0,90.6,94.32000000000001,12.0,4,0.648074069840786,0.6091199348919785,0.6005237760880777,0.6000397970967368,0.6000010180820754,2.0,2.4,1.3,0.0,0.3508771929824561,0.42105263157894735,0.22807017543859648,0.0,d,Fe,-0.295049,d,Fe,-0.295049,0.0,,,
Distorted Perovskite,"{'a': '5.459 Ã…', 'c': '13.136 Ã…'}",LaNiO3,151.0,R-3c,La1 Ni1 O3,8.0,57.0,49.0,21.8,16.560000000000002,8.0,13.0,87.0,74.0,67.0,24.0,87.0,15.9994,138.90547,122.90607000000001,49.119414,39.7440168,15.9994,54.8,1728.0,1673.2,617.08,674.7360000000001,54.8,3.0,16.0,13.0,12.2,4.5600000000000005,16.0,2.0,6.0,4.0,3.2,1.44,2.0,66.0,207.0,141.0,105.8,47.760000000000005,66.0,1.1,3.44,2.34,2.666,0.9288000000000001,3.44,2.0,2.0,0.0,2.0,0.0,2.0,0.0,4.0,4.0,2.4,1.9200000000000004,4.0,0.0,8.0,8.0,1.8,2.48,0.0,0.0,0.0,0.0,0.0,0.0,0.0,3.0,10.0,7.0,6.2,1.52,6.0,0.0,0.0,0.0,0.0,0.0,0.0,0.0,2.0,2.0,1.2,0.9600000000000002,2.0,0.0,9.0,9.0,2.2,2.72,0.0,0.0,0.0,0.0,0.0,0.0,0.0,2.0,9.0,7.0,3.4,2.2399999999999998,2.0,9.105,36.8975,27.7925,14.9065,8.7964,9.105,0.0,0.0,0.0,0.0,0.0,0.0,0.0,0.5953947,0.5953947,0.11907894000000001,0.190526304,0.0,12.0,225.0,213.0,91.0,94.8,12.0,3,0.6633249580710799,0.6144633651371695,0.6009844187491661,0.6000783545597032,0.6000020321795635,2.0,2.4,1.8,0.0,0.3225806451612903,0.3870967741935484,0.2903225806451613,0.0,p,O,-0.338381,p,O,-0.338381,0.0,False,0.7456133690005962,0.14868710888500186
Perovskite,,PrBa2Cu3O7,17.0,Pmmm,Pr1 Ba2 Cu3 O7,8.0,59.0,51.0,24.153846153846153,17.39644970414201,8.0,9.0,87.0,78.0,64.3076923076923,24.437869822485204,87.0,15.9994,140.90765,124.90825,55.24580384615385,42.265357988165675,15.9994,54.8,1357.77,1302.97,589.3007692307692,575.6162130177515,54.8,2.0,16.0,14.0,11.692307692307692,4.6390532544378695,16.0,2.0,6.0,4.0,3.3846153846153846,1.4911242603550297,2.0,66.0,215.0,149.0,114.6923076923077,52.437869822485204,66.0,0.89,3.44,2.55,2.5146153846153845,0.9965680473372782,3.44,1.0,2.0,1.0,1.7692307692307692,0.3550295857988166,2.0,0.0,4.0,4.0,2.1538461538461537,1.9881656804733727,4.0,0.0,10.0,10.0,2.3076923076923075,3.5502958579881656,0.0,0.0,3.0,3.0,0.23076923076923078,0.4260355029585799,0.0,2.0,11.0,9.0,6.461538461538462,2.094674556213018,6.0,0.0,1.0,1.0,0.23076923076923078,0.35502958579881655,0.0,0.0,2.0,2.0,1.0769230769230769,0.9940828402366864,2.0,0.0,0.0,0.0,0.0,0.0,0.0,0.0,11.0,11.0,0.8461538461538461,1.5621301775147929,0.0,0.0,11.0,11.0,2.1538461538461537,1.36094674556213,2.0,9.105,63.59,54.485,19.984615384615385,15.83094674556213,9.105,0.0,0.0,0.0,0.0,0.0,0.0,0.0,0.0,0.0,0.0,0.0,0.0,12.0,229.0,217.0,108.53846153846153,103.96449704142012,12.0,4,0.6105579948610593,0.5566767089155773,0.54021852882744,0.5386776042894359,0.5384729888251669,1.7692307692307692,2.1538461538461537,2.3076923076923075,0.23076923076923078,0.2738095238095238,0.3333333333333333,0.3571428571428571,0.03571428571428571,d,Cu,-0.202272,d,Cu,-0.202272,0.0,False,0.8032113561415081,0.16323308335922954
Perovskite,,GdBa2Cu3O7,2.0,Pmmm,Gd1 Ba2 Cu3 O7,8.0,64.0,56.0,24.53846153846154,17.810650887573964,8.0,9.0,87.0,78.0,65.07692307692308,23.6094674556213,87.0,15.9994,157.25,141.2506,56.502907692307694,43.619162130177514,15.9994,54.8,1586.0,1531.2,618.6853846153846,607.2611834319526,54.8,2.0,16.0,14.0,11.692307692307692,4.6390532544378695,16.0,2.0,6.0,4.0,3.3846153846153846,1.4911242603550297,2.0,66.0,215.0,149.0,114.15384615384616,51.857988165680474,66.0,0.89,3.44,2.55,2.52,0.9907692307692307,3.44,1.0,2.0,1.0,1.7692307692307692,0.3550295857988166,2.0,0.0,4.0,4.0,2.1538461538461537,1.9881656804733727,4.0,0.0,10.0,10.0,2.3846153846153846,3.514792899408284,0.0,0.0,7.0,7.0,0.5384615384615384,0.9940828402366864,0.0,2.0,11.0,9.0,6.846153846153846,2.4023668639053253,6.0,0.0,1.0,1.0,0.23076923076923078,0.35502958579881655,0.0,0.0,2.0,2.0,1.0769230769230769,0.9940828402366864,2.0,0.0,9.0,9.0,0.6923076923076923,1.2781065088757397,0.0,0.0,7.0,7.0,0.5384615384615384,0.9940828402366864,0.0,0.0,16.0,16.0,2.5384615384615383,2.0710059171597632,2.0,9.105,63.59,54.485,19.70576923076923,15.401952662721893,9.105,0.0,0.0,0.0,0.0,0.0,0.0,0.0,0.0,0.0,0.0,0.0,0.0,12.0,229.0,217.0,108.53846153846153,103.96449704142012,12.0,4,0.6105579948610593,0.5566767089155773,0.54021852882744,0.5386776042894359,0.5384729888251669,1.7692307692307692,2.1538461538461537,2.3846153846153846,0.5384615384615384,0.25842696629213485,0.3146067415730337,0.34831460674157305,0.07865168539325842,d,Cu,-0.202272,d,Cu,-0.202272,0.0,False,0.8032113561415081,0.16204168016445564
Orthorhombic perovskite,"{'a': '5.4834 Ã…', 'b': '5.5802 Ã…', 'c': '7.7879 Ã…'}",PrFeO3,640.0,Pbnm,Pr1 Fe1 O3,8.0,59.0,51.0,21.8,16.560000000000002,8.0,17.0,87.0,70.0,66.6,24.48,87.0,15.9994,140.90765,124.90825,48.95017,39.540924,15.9994,54.8,1811.0,1756.2,635.88,697.296,54.8,3.0,16.0,13.0,11.8,5.04,16.0,2.0,6.0,4.0,3.2,1.44,2.0,66.0,203.0,137.0,106.6,48.72,66.0,1.13,3.44,2.31,2.656,0.9408,3.44,2.0,2.0,0.0,2.0,0.0,2.0,0.0,4.0,4.0,2.4,1.9200000000000004,4.0,0.0,6.0,6.0,1.2,1.92,0.0,0.0,3.0,3.0,0.6,0.96,0.0,5.0,8.0,3.0,6.2,0.7200000000000001,6.0,0.0,0.0,0.0,0.0,0.0,0.0,0.0,2.0,2.0,1.2,0.9600000000000002,2.0,0.0,4.0,4.0,0.8,1.28,0.0,0.0,11.0,11.0,2.2,3.5200000000000005,0.0,2.0,11.0,9.0,4.2,2.72,2.0,9.105,35.675,26.569999999999997,14.744,8.372399999999999,9.105,0.0,0.0,0.0,0.0,0.0,0.0,0.0,2.1106628,2.1106628,0.42213256,0.675412096,0.0,12.0,229.0,217.0,91.8,95.75999999999999,12.0,3,0.6633249580710799,0.6144633651371695,0.6009844187491661,0.6000783545597032,0.6000020321795635,2.0,2.4,1.2,0.6,0.3225806451612903,0.3870967741935484,0.1935483870967742,0.0967741935483871,d,Fe,-0.295049,d,Fe,-0.295049,0.0,True,0.7365851201998697,0.15023263790706848
Orthorhombic perovskite,,EuRhO3,80.0,Pbnm,Eu1 Rh1 O3,8.0,63.0,55.0,26.4,22.080000000000002,8.0,25.0,87.0,62.0,69.0,21.6,87.0,15.9994,151.964,135.9646,60.57354,53.488968,15.9994,54.8,2237.0,2182.2,699.28,773.376,54.8,3.0,16.0,13.0,12.0,4.8,16.0,2.0,6.0,4.0,3.4,1.6799999999999997,2.0,66.0,198.0,132.0,107.6,49.92,66.0,1.185,3.44,2.255,2.757,0.8196,3.44,1.0,2.0,1.0,1.8,0.31999999999999995,2.0,0.0,4.0,4.0,2.4,1.9200000000000004,4.0,0.0,8.0,8.0,1.6,2.56,0.0,0.0,7.0,7.0,1.4,2.2399999999999998,0.0,6.0,9.0,3.0,7.2,1.44,6.0,0.0,1.0,1.0,0.2,0.32,0.0,0.0,2.0,2.0,1.2,0.9600000000000002,2.0,0.0,2.0,2.0,0.4,0.64,0.0,0.0,7.0,7.0,1.4,2.2399999999999998,0.0,2.0,7.0,5.0,3.2,1.52,2.0,9.105,36.46,27.355,15.483,8.3908,9.105,0.0,0.0,0.0,0.0,0.0,0.0,0.0,0.0,0.0,0.0,0.0,0.0,12.0,229.0,217.0,98.0,103.2,12.0,3,0.6633249580710799,0.6144633651371695,0.6009844187491661,0.6000783545597032,0.6000020321795635,1.8,2.4,1.6,1.4,0.25,0.3333333333333333,0.22222222222222224,0.19444444444444442,f,Eu,-0.232773,f,Eu,-0.232773,0.0,True,0.7147530549426948,0.13016719681932065
3C perovskite,{'a': '3.9445 Ã…'},Sr3MnTiSbO9,10.0,Pm-3m,Sr3 Mn1 Ti1 Sb1 O9,8.0,51.0,43.0,18.933333333333334,13.120000000000001,8.0,8.0,87.0,79.0,65.8,28.0,87.0,15.9994,121.76,105.76060000000001,42.094643,31.314291599999997,15.9994,54.8,1941.0,1886.2,533.7986666666667,574.7984,54.8,2.0,16.0,14.0,11.733333333333333,5.555555555555556,16.0,2.0,5.0,3.0,3.066666666666667,1.2800000000000002,2.0,66.0,195.0,129.0,107.8,50.16,66.0,0.95,3.44,2.49,2.5966666666666667,1.012,3.44,2.0,2.0,0.0,2.0,0.0,2.0,0.0,4.0,4.0,2.6,1.7333333333333334,4.0,0.0,10.0,10.0,1.1333333333333333,1.8133333333333332,0.0,0.0,0.0,0.0,0.0,0.0,0.0,2.0,15.0,13.0,5.733333333333333,1.7244444444444442,6.0,0.0,0.0,0.0,0.0,0.0,0.0,0.0,3.0,3.0,1.4,0.9333333333333333,2.0,0.0,8.0,8.0,0.8666666666666667,1.5022222222222221,0.0,0.0,0.0,0.0,0.0,0.0,0.0,0.0,8.0,8.0,2.2666666666666666,1.2266666666666666,2.0,9.105,54.23,45.125,20.22483908046,15.113419157088,9.105,0.0,0.0,0.0,0.0,0.0,0.0,0.0,0.000310120689655,0.000310120689655,2.2176934865886668e-05,3.8440020434203555e-05,0.0,12.0,225.0,213.0,90.66666666666667,94.4,12.0,5,0.6429100507328637,0.6081200645210297,0.6004990927891058,0.6000392386947537,0.6000010161491477,2.0,2.6,1.1333333333333333,0.0,0.3488372093023256,0.4534883720930233,0.19767441860465115,0.0,d,Mn,-0.26654,d,Mn,-0.26654,0.0,False,0.7877573323062756,0.16354398045051513
3C perovskite,{'a': '3.9393 Ã…'},Sr3CoTiSbO9,20.0,Pm-3m,Sr3 Co1 Ti1 Sb1 O9,8.0,51.0,43.0,19.066666666666666,13.28,8.0,8.0,87.0,79.0,66.2,27.466666666666665,87.0,15.9994,121.76,105.76060000000001,42.36098633333334,31.6339036,15.9994,54.8,1941.0,1886.2,550.3986666666666,594.7184,54.8,2.0,16.0,14.0,11.866666666666667,5.377777777777777,16.0,2.0,5.0,3.0,3.066666666666667,1.2800000000000002,2.0,66.0,195.0,129.0,106.93333333333334,49.12,66.0,0.95,3.44,2.49,2.618666666666667,0.9855999999999999,3.44,2.0,2.0,0.0,2.0,0.0,2.0,0.0,4.0,4.0,2.6,1.7333333333333334,4.0,0.0,10.0,10.0,1.2666666666666666,2.0266666666666664,0.0,0.0,0.0,0.0,0.0,0.0,0.0,2.0,15.0,13.0,5.866666666666666,1.7955555555555556,6.0,0.0,0.0,0.0,0.0,0.0,0.0,0.0,3.0,3.0,1.4,0.9333333333333333,2.0,0.0,8.0,8.0,0.7333333333333333,1.271111111111111,0.0,0.0,0.0,0.0,0.0,0.0,0.0,0.0,8.0,8.0,2.1333333333333333,1.0133333333333334,2.0,9.105,54.23,45.125,20.208666666666666,15.122044444444443,9.105,0.0,0.0,0.0,0.0,0.0,0.0,0.0,1.5484712,1.5484712,0.10323291555555555,0.19269843792592592,0.0,12.0,225.0,213.0,89.13333333333334,92.56,12.0,5,0.6429100507328637,0.6081200645210297,0.6004990927891058,0.6000392386947537,0.6000010161491477,2.0,2.6,1.2666666666666666,0.0,0.34090909090909094,0.44318181818181823,0.2159090909090909,0.0,d,Co,-0.322368,d,Co,-0.322368,0.0,True,0.7877573323062756,0.15948600312950334
Distorted Perovskite,,La3Ni2SbO9,105.0,,La3 Ni2 Sb1 O9,8.0,57.0,49.0,23.333333333333332,18.4,8.0,13.0,87.0,74.0,68.6,24.266666666666666,87.0,15.9994,138.90547,122.90607000000001,53.323854,44.7893448,15.9994,54.8,1728.0,1673.2,562.132,608.7983999999999,54.8,3.0,16.0,13.0,12.533333333333333,4.48888888888889,16.0,2.0,6.0,4.0,3.2666666666666666,1.5199999999999998,2.0,66.0,207.0,141.0,106.8,48.96,66.0,1.1,3.44,2.34,2.6753333333333336,0.9176,3.44,2.0,2.0,0.0,2.0,0.0,2.0,0.0,4.0,4.0,2.6,1.7333333333333334,4.0,0.0,10.0,10.0,1.9333333333333333,2.6933333333333334,0.0,0.0,0.0,0.0,0.0,0.0,0.0,3.0,15.0,12.0,6.533333333333333,2.0533333333333332,6.0,0.0,0.0,0.0,0.0,0.0,0.0,0.0,3.0,3.0,1.4,0.9333333333333333,2.0,0.0,9.0,9.0,2.066666666666667,2.7733333333333334,0.0,0.0,0.0,0.0,0.0,0.0,0.0,2.0,9.0,7.0,3.466666666666667,2.2133333333333334,2.0,9.105,36.8975,27.7925,16.322499999999998,10.261666666666665,9.105,0.0,0.0,0.0,0.0,0.0,0.0,0.0,0.5953947,0.5953947,0.07938596,0.13760233066666666,0.0,12.0,225.0,213.0,87.06666666666666,90.08,12.0,4,0.6497862896539309,0.6097182849180557,0.6005598443804944,0.600041495795179,0.6000010337352816,2.0,2.6,1.9333333333333333,0.0,0.30612244897959184,0.3979591836734694,0.29591836734693877,0.0,p,O,-0.338381,p,O,-0.338381,0.0,True,0.7456133690005962,0.1470092496617161
Hexagonal perovskite,,BaCoO3,15.0,,Ba1 Co1 O3,8.0,56.0,48.0,21.4,16.080000000000002,8.0,9.0,87.0,78.0,65.6,25.68,87.0,15.9994,137.327,121.3276,48.851679000000004,39.4227348,15.9994,54.8,1768.0,1713.2,586.48,638.016,54.8,2.0,16.0,14.0,11.8,5.04,16.0,2.0,6.0,4.0,3.2,1.44,2.0,66.0,215.0,149.0,107.8,50.160000000000004,66.0,0.89,3.44,2.55,2.618,0.9864,3.44,2.0,2.0,0.0,2.0,0.0,2.0,0.0,4.0,4.0,2.4,1.9200000000000004,4.0,0.0,7.0,7.0,1.4,2.2399999999999998,0.0,0.0,0.0,0.0,0.0,0.0,0.0,2.0,9.0,7.0,5.8,1.52,6.0,0.0,0.0,0.0,0.0,0.0,0.0,0.0,2.0,2.0,1.2,0.9600000000000002,2.0,0.0,3.0,3.0,0.6,0.96,0.0,0.0,0.0,0.0,0.0,0.0,0.0,0.0,3.0,3.0,1.8,0.72,2.0,9.105,63.59,54.485,20.23,17.344,9.105,0.0,0.0,0.0,0.0,0.0,0.0,0.0,1.5484712,1.5484712,0.30969424,0.49551078400000004,0.0,12.0,229.0,217.0,91.8,95.75999999999999,12.0,3,0.6633249580710799,0.6144633651371695,0.6009844187491661,0.6000783545597032,0.6000020321795635,2.0,2.4,1.4,0.0,0.3448275862068966,0.41379310344827586,0.24137931034482757,0.0,d,Co,-0.322368,d,Co,-0.322368,0.0,False,0.8032113561415081,0.15977145274303586
2H-hexagonal perovskite,"{'a': '9.5721 Ã…', 'c': '7.8264 Ã…'}",Sr4Li0.89Mn2.11O9,4.5,P 321,Sr4 Li0.89 Mn2.11 O9,3.0,38.0,35.0,17.463749999999997,12.2558109375,8.0,1.0,87.0,86.0,57.850625,32.793046875,87.0,6.941,87.62,80.679,38.535710309375,28.868260619964843,15.9994,54.8,1519.0,1464.2,518.87963125,529.3419316328125,54.8,1.0,16.0,15.0,10.47875,6.21140625,16.0,2.0,5.0,3.0,3.01375,1.2532484375,2.0,66.0,195.0,129.0,111.325625,50.991328125,66.0,0.95,3.44,2.49,2.43141875,1.1346539062499998,3.44,1.0,2.0,1.0,1.944375,0.10506171875000002,2.0,0.0,4.0,4.0,2.25,1.96875,4.0,0.0,5.0,5.0,0.6593749999999999,1.1448398437499998,0.0,0.0,0.0,0.0,0.0,0.0,0.0,1.0,7.0,6.0,4.85375,1.8556046875,6.0,0.0,1.0,1.0,0.055625,0.10506171875,0.0,0.0,2.0,2.0,1.125,0.984375,2.0,0.0,5.0,5.0,0.6593749999999999,1.1448398437499998,0.0,0.0,0.0,0.0,0.0,0.0,0.0,0.0,5.0,5.0,1.8399999999999999,1.0134500000000002,2.0,9.105,54.23,45.125,20.98511709769975,16.622441451150124,9.105,0.0,0.0,0.0,0.0,0.0,0.0,0.0,0.000310120689655,0.000310120689655,4.089716594825312e-05,7.100770437765449e-05,0.0,12.0,229.0,217.0,104.35499999999999,103.89937499999999,12.0,4,0.6319742132793078,0.5809467962325388,0.5645171474111647,0.5627779856016345,0.5625169419134577,1.944375,2.25,0.6593749999999999,0.0,0.400592325521504,0.46355910378573273,0.13584857069276332,0.0,d,Mn,-0.26654,d,Mn,-0.26654,0.0,,,
Distorted Orthorhombic,"{'a': '5.5147 Ã…', 'b': '7.5358 Ã…', 'c': '5.2465 Ã…'}",YCrO3,140.0,Pnma,Y1 Cr1 O3,8.0,39.0,31.0,17.4,11.28,8.0,12.0,87.0,75.0,64.4,27.119999999999997,87.0,15.9994,88.90585,72.90645,37.78003,26.136756,15.9994,54.8,2180.0,2125.2,828.68,928.6560000000002,54.8,3.0,16.0,13.0,11.4,5.5200000000000005,16.0,2.0,5.0,3.0,3.0,1.2,2.0,66.0,190.0,124.0,105.4,47.28,66.0,1.22,3.44,2.2199999999999998,2.6399999999999997,0.9600000000000002,3.44,1.0,2.0,1.0,1.8,0.31999999999999995,2.0,0.0,4.0,4.0,2.4,1.9200000000000004,4.0,0.0,5.0,5.0,1.2,1.52,0.0,0.0,0.0,0.0,0.0,0.0,0.0,3.0,6.0,3.0,5.4,0.9599999999999997,6.0,0.0,1.0,1.0,0.2,0.32,0.0,0.0,2.0,2.0,1.2,0.9600000000000002,2.0,0.0,9.0,9.0,2.8,3.3599999999999994,0.0,0.0,0.0,0.0,0.0,0.0,0.0,2.0,9.0,7.0,4.2,2.6399999999999997,2.0,9.105,32.365,23.26,14.174000000000001,7.276400000000001,9.105,0.0,0.0,0.0,0.0,0.0,0.0,0.0,0.0,0.0,0.0,0.0,0.0,12.0,229.0,217.0,91.8,95.75999999999999,12.0,3,0.6633249580710799,0.6144633651371695,0.6009844187491661,0.6000783545597032,0.6000020321795635,1.8,2.4,1.2,0.0,0.3333333333333333,0.4444444444444444,0.2222222222222222,0.0,s,Cr,-0.150445,s,Cr,-0.150445,0.0,True,0.7083205926780534,0.1525412401804506
6H perovskite,,Ba3Fe2WO9,223.0,,Ba3 Fe2 W1 O9,8.0,74.0,66.0,24.4,19.680000000000003,8.0,9.0,87.0,78.0,64.73333333333333,26.719999999999995,87.0,15.9994,183.84,167.8406,56.76704,49.167045333333334,15.9994,54.8,3695.0,3640.2,720.6800000000001,799.056,54.8,2.0,16.0,14.0,11.466666666666667,5.4399999999999995,16.0,2.0,6.0,4.0,3.3333333333333335,1.6,2.0,66.0,215.0,149.0,111.0,54.0,66.0,0.89,3.44,2.55,2.643333333333333,0.956,3.44,2.0,2.0,0.0,2.0,0.0,2.0,0.0,4.0,4.0,2.4,1.9200000000000002,4.0,0.0,6.0,6.0,1.0666666666666667,1.7066666666666668,0.0,0.0,14.0,14.0,0.9333333333333333,1.7422222222222221,0.0,2.0,20.0,18.0,6.4,2.24,6.0,0.0,0.0,0.0,0.0,0.0,0.0,0.0,2.0,2.0,1.2,0.9600000000000001,2.0,0.0,6.0,6.0,0.9333333333333333,1.4933333333333332,0.0,0.0,0.0,0.0,0.0,0.0,0.0,0.0,6.0,6.0,2.1333333333333333,1.0133333333333332,2.0,9.105,63.59,54.485,20.68166666666667,17.163333333333334,9.105,0.0,0.0,0.0,0.0,0.0,0.0,0.0,2.1106628,2.1106628,0.28142170666666666,0.48779762488888884,0.0,12.0,229.0,217.0,98.8,104.16000000000001,12.0,4,0.6497862896539309,0.6097182849180557,0.6005598443804944,0.600041495795179,0.6000010337352816,2.0,2.4,1.0666666666666667,0.9333333333333333,0.3125,0.37499999999999994,0.16666666666666666,0.14583333333333331,d,Fe,-0.295049,d,Fe,-0.295049,0.0,True,0.8032113561415081,0.15610977399029
Perovskite,"{'a': '5.435 Ã…', 'b': '5.401 Ã…', 'c': '7.626 Ã…'}",Bi0.5Ca0.4Sr0.1MnO3,140.0,Pbnm,Bi0.5 Ca0.4 Sr0.1 Mn1 O3,8.0,83.0,75.0,20.46,15.0256,8.0,7.0,87.0,80.0,71.92,20.912,87.0,15.9994,208.9804,192.981,46.443929000000004,37.55198344,15.9994,54.8,1519.0,1464.2,501.32,535.824,54.8,2.0,16.0,14.0,12.7,4.42,16.0,2.0,6.0,4.0,3.02,1.224,2.0,66.0,195.0,129.0,100.17999999999999,41.016,66.0,0.95,3.44,2.49,2.675,0.9179999999999999,3.44,2.0,2.0,0.0,2.0,0.0,2.0,0.0,4.0,4.0,2.7,1.6199999999999999,4.0,0.0,10.0,10.0,2.0,2.8,0.0,0.0,14.0,14.0,1.4,2.5199999999999996,0.0,2.0,29.0,27.0,8.1,4.18,6.0,0.0,0.0,0.0,0.0,0.0,0.0,0.0,3.0,3.0,1.5,0.9,2.0,0.0,5.0,5.0,1.0,1.6,0.0,0.0,0.0,0.0,0.0,0.0,0.0,0.0,5.0,5.0,2.5,1.1,2.0,9.105,54.23,45.125,14.96171724138,8.817713103448,9.105,0.0,0.0,0.0,0.0,0.0,0.0,0.0,0.000310120689655,0.000310120689655,6.2024137931e-05,9.923862068959999e-05,0.0,12.0,225.0,213.0,74.3,87.22,12.0,5,0.6456004956627589,0.6086883938797322,0.6005134414948008,0.6000395552174125,0.600001017196345,2.0,2.7,2.0,1.4,0.2469135802469136,0.33333333333333337,0.2469135802469136,0.1728395061728395,d,Mn,-0.26654,d,Mn,-0.26654,0.0,,,
Rhombohedral perovskite,"{'a': '5.598', 'b': '5.598', 'c': '13.858'}",Bi0.9Ba0.1Fe0.81Co0.09Ti0.1O3,597.45,R3c,Bi0.9 Ba0.1 Fe0.81 Co0.09 Ti0.1 O3,8.0,83.0,75.0,25.998,21.75752,8.0,9.0,87.0,78.0,78.674,12.628559999999997,87.0,15.9994,208.9804,192.981,61.02767951,56.31495219599999,15.9994,54.8,1941.0,1886.2,514.8979999999999,552.1175999999999,54.8,2.0,16.0,14.0,13.878,2.95032,16.0,2.0,6.0,4.0,3.2,1.44,2.0,66.0,215.0,149.0,97.392,37.6704,66.0,0.89,3.44,2.55,2.8065,0.7601999999999999,3.44,2.0,2.0,0.0,2.0,0.0,2.0,0.0,4.0,4.0,2.94,1.2936,4.0,0.0,10.0,10.0,2.9379999999999997,3.6806399999999995,0.0,0.0,14.0,14.0,2.52,4.1328000000000005,0.0,2.0,29.0,27.0,10.398,6.696720000000001,6.0,0.0,0.0,0.0,0.0,0.0,0.0,0.0,3.0,3.0,1.7399999999999998,0.7656000000000003,2.0,0.0,8.0,8.0,0.8620000000000001,1.3792000000000002,0.0,0.0,0.0,0.0,0.0,0.0,0.0,0.0,8.0,8.0,2.6020000000000003,0.8264800000000001,2.0,9.105,63.59,54.485,14.922270000000001,8.507401200000002,9.105,0.0,0.0,0.0,0.0,0.0,0.0,0.0,2.1106628,2.1106628,0.3698003058666667,0.6064716002880001,0.0,12.0,229.0,217.0,58.410000000000004,72.3996,12.0,6,0.6478950532300737,0.6092145763461811,0.600463084301058,0.6000277079020953,0.6000004778269671,2.0,2.94,2.9379999999999997,2.52,0.19234468166955185,0.2827466820542412,0.28255433737257163,0.24235429890363533,d,Fe,-0.295049,d,Fe,-0.295049,0.0,,,
Rhombohedral perovskite,"{'a': '5.590', 'b': '5.590', 'c': '13.848'}",Bi0.9Ba0.1Fe0.81Mn0.09Ti0.1O3,608.85,R3c,Bi0.9 Ba0.1 Fe0.81 Mn0.09 Ti0.1 O3,8.0,83.0,75.0,25.962,21.747511999999997,8.0,9.0,87.0,78.0,78.566,12.797039999999999,87.0,15.9994,208.9804,192.981,60.95576681,56.34371727600001,15.9994,54.8,1941.0,1886.2,510.416,546.7392,54.8,2.0,16.0,14.0,13.841999999999999,3.0064800000000007,16.0,2.0,6.0,4.0,3.2,1.44,2.0,66.0,215.0,149.0,97.626,37.9512,66.0,0.89,3.44,2.55,2.80056,0.767328,3.44,2.0,2.0,0.0,2.0,0.0,2.0,0.0,4.0,4.0,2.94,1.2936,4.0,0.0,10.0,10.0,2.9019999999999997,3.6345600000000005,0.0,0.0,14.0,14.0,2.52,4.1328000000000005,0.0,2.0,29.0,27.0,10.362,6.7096800000000005,6.0,0.0,0.0,0.0,0.0,0.0,0.0,0.0,3.0,3.0,1.7399999999999998,0.7656000000000003,2.0,0.0,8.0,8.0,0.898,1.4368,0.0,0.0,0.0,0.0,0.0,0.0,0.0,0.0,8.0,8.0,2.6380000000000003,0.8711200000000001,2.0,9.105,63.59,54.485,14.9266365517242,8.505479917241352,9.105,0.0,0.0,0.0,0.0,0.0,0.0,0.0,2.1106628,2.1106628,0.3419334064390805,0.5730683235137379,0.0,12.0,229.0,217.0,58.824,73.04543999999999,12.0,6,0.6478950532300737,0.6092145763461811,0.600463084301058,0.6000277079020953,0.6000004778269671,2.0,2.94,2.9019999999999997,2.52,0.19301293186643506,0.2837290098436595,0.2800617641381972,0.24319629415170815,d,Fe,-0.295049,d,Fe,-0.295049,0.0,,,
Rhombohedral perovskite,"{'a': '5.610', 'b': '5.610', 'c': '13.916'}",Bi0.9Ba0.1Fe0.81Sc0.09Ti0.1O3,567.05,R3c,Bi0.9 Ba0.1 Fe0.81 Sc0.09 Ti0.1 O3,8.0,83.0,75.0,25.889999999999997,21.79964,8.0,9.0,87.0,78.0,77.828,13.948319999999995,87.0,15.9994,208.9804,192.981,60.77608841599999,56.415588633599995,15.9994,54.8,1941.0,1886.2,515.726,553.1111999999999,54.8,2.0,16.0,14.0,13.77,3.1188000000000002,16.0,2.0,6.0,4.0,3.2,1.44,2.0,66.0,215.0,149.0,98.184,38.6208,66.0,0.89,3.44,2.55,2.79714,0.771432,3.44,2.0,2.0,0.0,2.0,0.0,2.0,0.0,4.0,4.0,2.94,1.2936,4.0,0.0,10.0,10.0,2.8299999999999996,3.6082799999999997,0.0,0.0,14.0,14.0,2.52,4.1328000000000005,0.0,2.0,29.0,27.0,10.290000000000001,6.735600000000001,6.0,0.0,0.0,0.0,0.0,0.0,0.0,0.0,3.0,3.0,1.7399999999999998,0.7656000000000003,2.0,0.0,9.0,9.0,0.97,1.552,0.0,0.0,0.0,0.0,0.0,0.0,0.0,0.0,9.0,9.0,2.71,0.9603999999999999,2.0,9.105,63.59,54.485,15.138090000000002,8.667929160000002,9.105,0.0,0.0,0.0,0.0,0.0,0.0,0.0,2.1106628,2.1106628,0.3419279385666667,0.5730700951044001,0.0,12.0,229.0,217.0,58.410000000000004,72.3996,12.0,6,0.6478950532300737,0.6092145763461811,0.600463084301058,0.6000277079020953,0.6000004778269671,2.0,2.94,2.8299999999999996,2.52,0.1943634596695821,0.2857142857142857,0.27502429543245865,0.24489795918367344,d,Fe,-0.295049,d,Fe,-0.295049,0.0,,,
Rhombohedral perovskite,"{'a': '5.591', 'b': '5.591', 'c': '13.865'}",Bi0.9Ba0.1Fe0.81Al0.09Ti0.1O3,568.95,R3c,Bi0.9 Ba0.1 Fe0.81 Al0.09 Ti0.1 O3,8.0,83.0,75.0,25.746000000000002,21.903896,8.0,9.0,87.0,78.0,78.944,12.207359999999998,87.0,15.9994,208.9804,192.981,60.4525496948,56.54500412207999,15.9994,54.8,1941.0,1886.2,499.87645999999995,534.091752,54.8,2.0,16.0,14.0,13.95,2.838,16.0,2.0,6.0,4.0,3.182,1.424952,2.0,66.0,215.0,149.0,97.30199999999999,37.562400000000004,66.0,0.89,3.44,2.55,2.80164,0.766032,3.44,2.0,2.0,0.0,2.0,0.0,2.0,0.0,4.0,4.0,2.9579999999999997,1.26552,4.0,0.0,10.0,10.0,2.812,3.6205920000000007,0.0,0.0,14.0,14.0,2.52,4.1328000000000005,0.0,2.0,29.0,27.0,10.290000000000001,6.735600000000001,6.0,0.0,0.0,0.0,0.0,0.0,0.0,0.0,5.0,5.0,1.83,0.73932,2.0,0.0,8.0,8.0,0.808,1.3218880000000002,0.0,0.0,0.0,0.0,0.0,0.0,0.0,0.0,8.0,8.0,2.6380000000000003,0.8711200000000001,2.0,9.105,63.59,54.485,15.0345,8.510058,9.105,0.0,0.0,0.0,0.0,0.0,0.0,0.0,2.1106628,2.1106628,0.3419278242666667,0.5730701321376002,0.0,12.0,229.0,217.0,58.967999999999996,73.27008000000001,12.0,6,0.6478950532300737,0.6092145763461811,0.600463084301058,0.6000277079020953,0.6000004778269671,2.0,2.9579999999999997,2.812,2.52,0.1943634596695821,0.2874635568513119,0.27327502429543243,0.24489795918367344,d,Fe,-0.295049,d,Fe,-0.295049,0.0,,,
Perovskite,,YFeO3,655.0,Pnma,Y1 Fe1 O3,8.0,39.0,31.0,17.8,11.76,8.0,12.0,87.0,75.0,65.6,25.68,87.0,15.9994,88.90585,72.90645,38.54981,27.060492,15.9994,54.8,1811.0,1756.2,754.88,840.0959999999999,54.8,3.0,16.0,13.0,11.8,5.04,16.0,2.0,5.0,3.0,3.0,1.2,2.0,66.0,190.0,124.0,104.0,45.6,66.0,1.22,3.44,2.2199999999999998,2.6740000000000004,0.9192,3.44,2.0,2.0,0.0,2.0,0.0,2.0,0.0,4.0,4.0,2.4,1.9200000000000004,4.0,0.0,6.0,6.0,1.4,1.8399999999999999,0.0,0.0,0.0,0.0,0.0,0.0,0.0,3.0,8.0,5.0,5.8,1.12,6.0,0.0,0.0,0.0,0.0,0.0,0.0,0.0,2.0,2.0,1.2,0.9600000000000002,2.0,0.0,9.0,9.0,2.6,3.12,0.0,0.0,0.0,0.0,0.0,0.0,0.0,2.0,9.0,7.0,3.8,2.16,2.0,9.105,32.365,23.26,14.081999999999999,7.313199999999999,9.105,0.0,0.0,0.0,0.0,0.0,0.0,0.0,2.1106628,2.1106628,0.42213256,0.675412096,0.0,12.0,229.0,217.0,91.8,95.75999999999999,12.0,3,0.6633249580710799,0.6144633651371695,0.6009844187491661,0.6000783545597032,0.6000020321795635,2.0,2.4,1.4,0.0,0.3448275862068966,0.41379310344827586,0.24137931034482757,0.0,d,Fe,-0.295049,d,Fe,-0.295049,0.0,True,0.7083205926780534,0.1457823019724547
Post-perovskite,"{'a': '3.147', 'b': '9.863', 'c': '7.299'}",CaIrO3,115.0,Cmcm,Ca1 Ir1 O3,8.0,77.0,69.0,24.2,21.119999999999997,8.0,7.0,87.0,80.0,65.6,25.68,87.0,15.9994,192.217,176.2176,56.058640000000004,54.463344000000006,15.9994,54.8,2739.0,2684.2,803.6800000000001,898.6560000000002,54.8,2.0,16.0,14.0,11.8,5.04,16.0,2.0,6.0,4.0,3.2,1.44,2.0,66.0,176.0,110.0,103.0,44.4,66.0,1.0,3.44,2.44,2.7039999999999997,0.8832000000000001,3.44,2.0,2.0,0.0,2.0,0.0,2.0,0.0,4.0,4.0,2.4,1.9200000000000004,4.0,0.0,7.0,7.0,1.4,2.2399999999999998,0.0,0.0,14.0,14.0,2.8,4.4799999999999995,0.0,2.0,23.0,21.0,8.6,5.76,6.0,0.0,0.0,0.0,0.0,0.0,0.0,0.0,2.0,2.0,1.2,0.9600000000000002,2.0,0.0,3.0,3.0,0.6,0.96,0.0,0.0,0.0,0.0,0.0,0.0,0.0,0.0,3.0,3.0,1.8,0.72,2.0,9.105,37.77,28.665000000000003,15.859,8.7644,9.105,0.0,0.0,0.0,0.0,0.0,0.0,0.0,0.0,0.0,0.0,0.0,0.0,12.0,225.0,213.0,97.2,102.24000000000001,12.0,3,0.6633249580710799,0.6144633651371695,0.6009844187491661,0.6000783545597032,0.6000020321795635,2.0,2.4,1.4,2.8,0.23255813953488372,0.27906976744186046,0.1627906976744186,0.3255813953488372,d,Ir,-0.335189,d,Ir,-0.335189,0.0,True,0.7742664595807831,0.14330183861582174
Orthorhombic Perovskite,"{'a': '5.673 Ã…', 'b': '7.531 Ã…', 'c': '5.288 Ã…'}",DyFe0.6Mn0.4O3,390.0,Pnma,Dy1 Fe0.6 Mn0.4 O3,8.0,66.0,58.0,23.119999999999997,18.144,8.0,31.0,87.0,56.0,69.16,21.407999999999998,87.0,15.9994,162.5,146.5006,53.196083599999994,44.63602031999999,15.9994,54.8,1811.0,1756.2,708.72,784.7040000000001,54.8,3.0,16.0,13.0,11.72,5.136,16.0,2.0,6.0,4.0,3.2,1.44,2.0,66.0,192.0,126.0,104.96,46.751999999999995,66.0,1.22,3.44,2.2199999999999998,2.6516,0.9460799999999999,3.44,2.0,2.0,0.0,2.0,0.0,2.0,0.0,4.0,4.0,2.4,1.9200000000000004,4.0,0.0,6.0,6.0,1.1199999999999999,1.7919999999999998,0.0,0.0,10.0,10.0,2.0,3.2,0.0,6.0,12.0,6.0,7.5200000000000005,1.9072000000000002,6.0,0.0,0.0,0.0,0.0,0.0,0.0,0.0,2.0,2.0,1.2,0.9600000000000002,2.0,0.0,5.0,5.0,0.8800000000000001,1.4080000000000001,0.0,0.0,4.0,4.0,0.8,1.28,0.0,2.0,5.0,3.0,2.88,1.056,2.0,9.105,31.24,22.134999999999998,13.837606896552,6.9609572413792,9.105,0.0,0.0,0.0,0.0,0.0,0.0,0.0,2.1106628,2.1106628,0.2533043456551724,0.44576602904275864,0.0,12.0,229.0,217.0,90.84,94.60799999999999,12.0,4,0.6486909896090742,0.609335476288203,0.6005363242807298,0.6000403458480008,0.6000010223479758,2.0,2.4,1.1199999999999999,2.0,0.26595744680851063,0.3191489361702127,0.14893617021276592,0.26595744680851063,f,Dy,-0.265302,f,Dy,-0.265302,0.0,,,
Orthorhombic Perovskite,,DyFeO3,645.0,Pnma,Dy1 Fe1 O3,8.0,66.0,58.0,23.2,18.24,8.0,31.0,87.0,56.0,69.4,21.119999999999997,87.0,15.9994,162.5,146.5006,53.268640000000005,44.723088000000004,15.9994,54.8,1811.0,1756.2,732.08,812.7360000000001,54.8,3.0,16.0,13.0,11.8,5.04,16.0,2.0,6.0,4.0,3.2,1.44,2.0,66.0,192.0,126.0,104.4,46.08,66.0,1.22,3.44,2.2199999999999998,2.6740000000000004,0.9192,3.44,2.0,2.0,0.0,2.0,0.0,2.0,0.0,4.0,4.0,2.4,1.9200000000000004,4.0,0.0,6.0,6.0,1.2,1.92,0.0,0.0,10.0,10.0,2.0,3.2,0.0,6.0,12.0,6.0,7.6,1.92,6.0,0.0,0.0,0.0,0.0,0.0,0.0,0.0,2.0,2.0,1.2,0.9600000000000002,2.0,0.0,4.0,4.0,0.8,1.28,0.0,0.0,4.0,4.0,0.8,1.28,0.0,2.0,4.0,2.0,2.8,0.96,2.0,9.105,31.24,22.134999999999998,13.857,6.953199999999998,9.105,0.0,0.0,0.0,0.0,0.0,0.0,0.0,2.1106628,2.1106628,0.42213256,0.675412096,0.0,12.0,229.0,217.0,91.8,95.75999999999999,12.0,3,0.6633249580710799,0.6144633651371695,0.6009844187491661,0.6000783545597032,0.6000020321795635,2.0,2.4,1.2,2.0,0.2631578947368421,0.3157894736842105,0.15789473684210525,0.2631578947368421,f,Dy,-0.265302,f,Dy,-0.265302,0.0,True,0.7083205926780534,0.1457823019724547
GdFeO3-type,,SmRhO3,2.5,Pnma,Sm1 Rh1 O3,8.0,62.0,54.0,26.2,21.839999999999996,8.0,23.0,87.0,64.0,68.6,22.080000000000002,87.0,15.9994,150.36,134.3606,60.25274,53.104008,15.9994,54.8,2237.0,2182.2,749.28,833.376,54.8,3.0,16.0,13.0,12.0,4.8,16.0,2.0,6.0,4.0,3.4,1.6799999999999997,2.0,66.0,198.0,132.0,107.6,49.92,66.0,1.17,3.44,2.27,2.754,0.8231999999999999,3.44,1.0,2.0,1.0,1.8,0.31999999999999995,2.0,0.0,4.0,4.0,2.4,1.9200000000000004,4.0,0.0,8.0,8.0,1.6,2.56,0.0,0.0,6.0,6.0,1.2,1.92,0.0,6.0,9.0,3.0,7.0,1.2,6.0,0.0,1.0,1.0,0.2,0.32,0.0,0.0,2.0,2.0,1.2,0.9600000000000002,2.0,0.0,2.0,2.0,0.4,0.64,0.0,0.0,8.0,8.0,1.6,2.56,0.0,2.0,8.0,6.0,3.4,1.8399999999999999,2.0,9.105,33.23,24.124999999999996,14.837,7.357199999999999,9.105,0.0,0.0,0.0,0.0,0.0,0.0,0.0,0.0,0.0,0.0,0.0,0.0,12.0,225.0,213.0,85.4,88.08,12.0,3,0.6633249580710799,0.6144633651371695,0.6009844187491661,0.6000783545597032,0.6000020321795635,1.8,2.4,1.6,1.2,0.2571428571428572,0.34285714285714286,0.2285714285714286,0.17142857142857143,f,Sm,-0.21776,f,Sm,-0.21776,0.0,True,0.7242401773760752,0.13179246582258303
GdFeO3-type,,GdRhO3,2.2,Pnma,Gd1 Rh1 O3,8.0,64.0,56.0,26.6,22.32,8.0,27.0,87.0,60.0,69.4,21.119999999999997,87.0,15.9994,157.25,141.2506,61.63074,54.757608000000005,15.9994,54.8,2237.0,2182.2,797.48,891.216,54.8,3.0,16.0,13.0,12.0,4.8,16.0,2.0,6.0,4.0,3.4,1.6799999999999997,2.0,66.0,196.0,130.0,107.2,49.44,66.0,1.2,3.44,2.24,2.7600000000000002,0.8160000000000001,3.44,1.0,2.0,1.0,1.8,0.31999999999999995,2.0,0.0,4.0,4.0,2.4,1.9200000000000004,4.0,0.0,8.0,8.0,1.8,2.48,0.0,0.0,7.0,7.0,1.4,2.2399999999999998,0.0,6.0,10.0,4.0,7.4,1.6800000000000002,6.0,0.0,1.0,1.0,0.2,0.32,0.0,0.0,2.0,2.0,1.2,0.9600000000000002,2.0,0.0,9.0,9.0,2.2,2.72,0.0,0.0,7.0,7.0,1.4,2.2399999999999998,0.0,2.0,16.0,14.0,5.0,4.4,2.0,9.105,32.05,22.944999999999997,14.600999999999999,6.9796,9.105,0.0,0.0,0.0,0.0,0.0,0.0,0.0,0.0,0.0,0.0,0.0,0.0,12.0,225.0,213.0,91.0,94.8,12.0,3,0.6633249580710799,0.6144633651371695,0.6009844187491661,0.6000783545597032,0.6000020321795635,1.8,2.4,1.8,1.4,0.24324324324324323,0.3243243243243243,0.24324324324324323,0.18918918918918917,p,O,-0.338381,p,O,-0.338381,0.0,True,0.7147530549426948,0.13016719681932065
GdFeO3-type,,TbRhO3,2.2,Pnma,Tb1 Rh1 O3,8.0,65.0,57.0,26.8,22.560000000000002,8.0,29.0,87.0,58.0,69.8,20.64,87.0,15.9994,158.92535,142.92595,61.96581,55.15969199999999,15.9994,54.8,2237.0,2182.2,806.08,901.5360000000001,54.8,3.0,16.0,13.0,12.0,4.8,16.0,2.0,6.0,4.0,3.4,1.6799999999999997,2.0,66.0,194.0,128.0,106.8,48.96,66.0,1.21,3.44,2.23,2.762,0.8135999999999999,3.44,1.0,2.0,1.0,1.8,0.31999999999999995,2.0,0.0,4.0,4.0,2.4,1.9200000000000004,4.0,0.0,8.0,8.0,1.6,2.56,0.0,0.0,9.0,9.0,1.8,2.88,0.0,6.0,11.0,5.0,7.6,1.92,6.0,0.0,1.0,1.0,0.2,0.32,0.0,0.0,2.0,2.0,1.2,0.9600000000000002,2.0,0.0,2.0,2.0,0.4,0.64,0.0,0.0,5.0,5.0,1.0,1.6,0.0,2.0,5.0,3.0,2.8,0.96,2.0,9.105,31.7366666667,22.6316666667,14.53833333334,6.8793333333439985,9.105,0.0,0.0,0.0,0.0,0.0,0.0,0.0,0.0,0.0,0.0,0.0,0.0,12.0,225.0,213.0,91.0,94.8,12.0,3,0.6633249580710799,0.6144633651371695,0.6009844187491661,0.6000783545597032,0.6000020321795635,1.8,2.4,1.6,1.8,0.2368421052631579,0.3157894736842105,0.2105263157894737,0.2368421052631579,f,Tb,-0.256311,d,Rh,-0.239422,0.016889000000000015,True,0.7456133690005962,0.13551199583747103
GdFeO3-type,,DyRhO3,3.2,Pnma,Dy1 Rh1 O3,8.0,66.0,58.0,27.0,22.8,8.0,31.0,87.0,56.0,70.2,20.16,87.0,15.9994,162.5,146.5006,62.68074,56.017607999999996,15.9994,54.8,2237.0,2182.2,817.28,914.976,54.8,3.0,16.0,13.0,12.0,4.8,16.0,2.0,6.0,4.0,3.4,1.6799999999999997,2.0,66.0,192.0,126.0,106.4,48.480000000000004,66.0,1.22,3.44,2.2199999999999998,2.7640000000000002,0.8111999999999998,3.44,1.0,2.0,1.0,1.8,0.31999999999999995,2.0,0.0,4.0,4.0,2.4,1.9200000000000004,4.0,0.0,8.0,8.0,1.6,2.56,0.0,0.0,10.0,10.0,2.0,3.2,0.0,6.0,12.0,6.0,7.8,2.16,6.0,0.0,1.0,1.0,0.2,0.32,0.0,0.0,2.0,2.0,1.2,0.9600000000000002,2.0,0.0,2.0,2.0,0.4,0.64,0.0,0.0,4.0,4.0,0.8,1.28,0.0,2.0,4.0,2.0,2.6,0.72,2.0,9.105,31.24,22.134999999999998,14.438999999999998,6.7204,9.105,0.0,0.0,0.0,0.0,0.0,0.0,0.0,0.0,0.0,0.0,0.0,0.0,12.0,225.0,213.0,91.0,94.8,12.0,3,0.6633249580710799,0.6144633651371695,0.6009844187491661,0.6000783545597032,0.6000020321795635,1.8,2.4,1.6,2.0,0.23076923076923078,0.3076923076923077,0.20512820512820515,0.25641025641025644,d,Rh,-0.239422,d,Rh,-0.239422,0.0,True,0.7083205926780534,0.12907383978949055
GdFeO3-type,,HoRhO3,2.4,Pnma,Ho1 Rh1 O3,8.0,67.0,59.0,27.2,23.04,8.0,33.0,87.0,54.0,70.6,19.68,87.0,15.9994,164.93032,148.93092,63.166804,56.600884799999996,15.9994,54.8,2237.0,2182.2,829.68,929.8560000000001,54.8,3.0,16.0,13.0,12.0,4.8,16.0,2.0,6.0,4.0,3.4,1.6799999999999997,2.0,66.0,192.0,126.0,106.4,48.480000000000004,66.0,1.23,3.44,2.21,2.766,0.8088000000000001,3.44,1.0,2.0,1.0,1.8,0.31999999999999995,2.0,0.0,4.0,4.0,2.4,1.9200000000000004,4.0,0.0,8.0,8.0,1.6,2.56,0.0,0.0,11.0,11.0,2.2,3.5200000000000005,0.0,6.0,13.0,7.0,8.0,2.4,6.0,0.0,1.0,1.0,0.2,0.32,0.0,0.0,2.0,2.0,1.2,0.9600000000000002,2.0,0.0,2.0,2.0,0.4,0.64,0.0,0.0,3.0,3.0,0.6,0.96,0.0,2.0,3.0,1.0,2.4,0.48,2.0,9.105,30.7333333333,21.6283333333,14.337666666659999,6.5582666666559986,9.105,0.0,0.0,0.0,0.0,0.0,0.0,0.0,0.0,0.0,0.0,0.0,0.0,12.0,225.0,213.0,91.0,94.8,12.0,3,0.6633249580710799,0.6144633651371695,0.6009844187491661,0.6000783545597032,0.6000020321795635,1.8,2.4,1.6,2.2,0.225,0.3,0.2,0.275,d,Rh,-0.239422,d,Rh,-0.239422,0.0,True,0.7050722889619607,0.12852429546828115
GdFeO3-type,,ErRhO3,0.91,Pnma,Er1 Rh1 O3,8.0,68.0,60.0,27.4,23.28,8.0,35.0,87.0,52.0,71.0,19.2,87.0,15.9994,167.259,151.25959999999998,63.63253999999999,57.159768,15.9994,54.8,2237.0,2182.2,834.28,935.376,54.8,3.0,16.0,13.0,12.0,4.8,16.0,2.0,6.0,4.0,3.4,1.6799999999999997,2.0,66.0,189.0,123.0,105.8,47.760000000000005,66.0,1.24,3.44,2.2,2.768,0.8064,3.44,1.0,2.0,1.0,1.8,0.31999999999999995,2.0,0.0,4.0,4.0,2.4,1.9200000000000004,4.0,0.0,8.0,8.0,1.6,2.56,0.0,0.0,12.0,12.0,2.4,3.84,0.0,6.0,14.0,8.0,8.2,2.6399999999999997,6.0,0.0,1.0,1.0,0.2,0.32,0.0,0.0,2.0,2.0,1.2,0.9600000000000002,2.0,0.0,2.0,2.0,0.4,0.64,0.0,0.0,2.0,2.0,0.4,0.64,0.0,2.0,3.0,1.0,2.2,0.3200000000000001,2.0,9.105,30.585,21.48,14.308000000000002,6.510800000000001,9.105,0.0,0.0,0.0,0.0,0.0,0.0,0.0,0.0,0.0,0.0,0.0,0.0,12.0,225.0,213.0,91.0,94.8,12.0,3,0.6633249580710799,0.6144633651371695,0.6009844187491661,0.6000783545597032,0.6000020321795635,1.8,2.4,1.6,2.4,0.21951219512195125,0.29268292682926833,0.19512195121951223,0.29268292682926833,d,Rh,-0.239422,d,Rh,-0.239422,0.0,True,0.7018027205701127,0.12797288067604518
GdFeO3-type,,YbRhO3,2.3,Pnma,Yb1 Rh1 O3,8.0,70.0,62.0,27.8,23.76,8.0,39.0,87.0,48.0,71.8,18.240000000000002,87.0,15.9994,173.054,157.0546,64.79154,58.550568,15.9994,54.8,2237.0,2182.2,698.6800000000001,772.6560000000001,54.8,3.0,16.0,13.0,12.0,4.8,16.0,2.0,6.0,4.0,3.4,1.6799999999999997,2.0,66.0,187.0,121.0,105.4,47.28,66.0,1.26,3.44,2.1799999999999997,2.772,0.8016,3.44,1.0,2.0,1.0,1.8,0.31999999999999995,2.0,0.0,4.0,4.0,2.4,1.9200000000000004,4.0,0.0,8.0,8.0,1.6,2.56,0.0,0.0,14.0,14.0,2.8,4.4799999999999995,0.0,6.0,16.0,10.0,8.6,3.12,6.0,0.0,1.0,1.0,0.2,0.32,0.0,0.0,2.0,2.0,1.2,0.9600000000000002,2.0,0.0,2.0,2.0,0.4,0.64,0.0,0.0,0.0,0.0,0.0,0.0,0.0,0.0,3.0,3.0,1.8,0.72,2.0,9.105,34.12,25.014999999999997,15.015,7.641999999999999,9.105,0.0,0.0,0.0,0.0,0.0,0.0,0.0,0.0,0.0,0.0,0.0,0.0,12.0,225.0,213.0,97.2,102.24000000000001,12.0,3,0.6633249580710799,0.6144633651371695,0.6009844187491661,0.6000783545597032,0.6000020321795635,1.8,2.4,1.6,2.8,0.20930232558139536,0.27906976744186046,0.186046511627907,0.3255813953488372,d,Rh,-0.239422,d,Rh,-0.239422,0.0,True,0.7456133690005962,0.13551199583747103
Layered Perovskite,,Sr2IrO4,240.0,I41/acd,Sr2 Ir1 O4,8.0,77.0,69.0,26.428571428571427,21.061224489795922,8.0,8.0,87.0,79.0,60.57142857142857,30.204081632653065,87.0,15.9994,192.217,176.2176,61.63637142857142,52.15653877551021,15.9994,54.8,2739.0,2684.2,722.6,763.1999999999999,54.8,2.0,16.0,14.0,11.0,5.714285714285714,16.0,2.0,6.0,4.0,3.4285714285714284,1.6326530612244898,2.0,66.0,195.0,129.0,113.57142857142857,54.367346938775505,66.0,0.95,3.44,2.49,2.551428571428571,1.0155102040816326,3.44,2.0,2.0,0.0,2.0,0.0,2.0,0.0,4.0,4.0,2.2857142857142856,1.959183673469388,4.0,0.0,7.0,7.0,1.0,1.7142857142857142,0.0,0.0,14.0,14.0,2.0,3.4285714285714284,0.0,2.0,23.0,21.0,7.285714285714286,4.489795918367347,6.0,0.0,0.0,0.0,0.0,0.0,0.0,0.0,2.0,2.0,1.1428571428571428,0.979591836734694,2.0,0.0,3.0,3.0,0.42857142857142855,0.7346938775510204,0.0,0.0,0.0,0.0,0.0,0.0,0.0,0.0,3.0,3.0,1.5714285714285714,0.8979591836734694,2.0,9.105,54.23,45.125,22.727142857142855,18.001632653061222,9.105,0.0,0.0,0.0,0.0,0.0,0.0,0.0,0.0,0.0,0.0,0.0,0.0,12.0,225.0,213.0,103.28571428571429,104.3265306122449,12.0,3,0.6546536707079771,0.5970484566258902,0.5750650283013602,0.5720691506685885,0.5714844049399023,2.0,2.2857142857142856,1.0,2.0,0.27450980392156865,0.3137254901960784,0.13725490196078433,0.27450980392156865,d,Ir,-0.335189,d,Ir,-0.335189,0.0,True,0.7877573323062756,0.16786438468896014
Orthorhombic perovskite,"{'a': '5.278 Ã…', 'b': '5.591 Ã…', 'c': '7.602 Ã…'}",Ho0.5Pr0.5FeO3,650.0,Pbnm,Ho0.5 Pr0.5 Fe1 O3,8.0,67.0,59.0,22.6,17.52,8.0,17.0,87.0,70.0,68.2,22.56,87.0,15.9994,164.93032,148.93092,51.352436999999995,42.42364439999999,15.9994,54.8,1811.0,1756.2,690.1800000000001,762.456,54.8,3.0,16.0,13.0,11.8,5.04,16.0,2.0,6.0,4.0,3.2,1.44,2.0,66.0,203.0,137.0,105.5,47.4,66.0,1.13,3.44,2.31,2.666,0.9288000000000001,3.44,2.0,2.0,0.0,2.0,0.0,2.0,0.0,4.0,4.0,2.4,1.9200000000000004,4.0,0.0,6.0,6.0,1.2,1.92,0.0,0.0,11.0,11.0,1.4,2.2399999999999998,0.0,5.0,13.0,8.0,7.0,1.6,6.0,0.0,0.0,0.0,0.0,0.0,0.0,0.0,2.0,2.0,1.2,0.9600000000000002,2.0,0.0,4.0,4.0,0.8,1.28,0.0,0.0,11.0,11.0,1.4,2.2399999999999998,0.0,2.0,11.0,9.0,3.4,1.7599999999999998,2.0,9.105,35.675,26.569999999999997,14.249833333329999,7.581733333327999,9.105,0.0,0.0,0.0,0.0,0.0,0.0,0.0,2.1106628,2.1106628,0.42213256,0.675412096,0.0,12.0,229.0,217.0,91.8,95.75999999999999,12.0,4,0.648074069840786,0.6091199348919785,0.6005237760880777,0.6000397970967368,0.6000010180820754,2.0,2.4,1.2,1.4,0.2857142857142857,0.34285714285714286,0.17142857142857143,0.19999999999999998,f,Ho,-0.272677,f,Ho,-0.272677,0.0,,,
Perovskite,,La0.53Tb0.14Sr0.33MnO3,66.0,,La0.53 Tb0.14 Sr0.33 Mn1 O3,8.0,65.0,57.0,20.169999999999998,14.604,8.0,8.0,87.0,79.0,65.31800000000001,26.018399999999996,87.0,15.9994,158.92535,142.92595,45.54405862,35.453590344,15.9994,54.8,1629.0,1574.2,578.0500000000001,627.9000000000001,54.8,2.0,16.0,14.0,11.534,5.3591999999999995,16.0,2.0,6.0,4.0,3.1340000000000003,1.3608,2.0,66.0,207.0,141.0,107.644,49.9728,66.0,0.95,3.44,2.49,2.58718,1.023384,3.44,2.0,2.0,0.0,2.0,0.0,2.0,0.0,4.0,4.0,2.4,1.9200000000000004,4.0,0.0,5.0,5.0,1.106,1.5576000000000003,0.0,0.0,9.0,9.0,0.25200000000000006,0.4898880000000001,0.0,2.0,11.0,9.0,5.758,1.080752,6.0,0.0,0.0,0.0,0.0,0.0,0.0,0.0,2.0,2.0,1.2,0.9600000000000002,2.0,0.0,9.0,9.0,1.954,2.7121520000000006,0.0,0.0,5.0,5.0,0.14,0.27216000000000007,0.0,0.0,9.0,9.0,3.2939999999999996,1.9876079999999998,2.0,9.105,54.23,45.125,15.939458908047602,10.38209977011616,9.105,0.0,0.0,0.0,0.0,0.0,0.0,0.0,0.000310120689655,0.000310120689655,6.2024137931e-05,9.923862068959999e-05,0.0,12.0,225.0,213.0,91.446,95.33520000000001,12.0,5,0.6452720356562803,0.608670817197919,0.6005155512225063,0.6000396619103983,0.6000010178901038,2.0,2.4,1.106,0.25200000000000006,0.3473428273706148,0.4168113928447377,0.19208058353595,0.04376519624869747,d,Mn,-0.26654,d,Mn,-0.26654,0.0,,,
Perovskite,{'a': '3.8939'},La0.5Ba0.5Co0.9Cu0.1O3,95.0,Pm-3m,La0.5 Ba0.5 Co0.9 Cu0.1 O3,8.0,57.0,49.0,21.54,16.248,8.0,9.0,87.0,78.0,66.12,25.056,87.0,15.9994,138.90547,122.90607000000001,49.1017821,39.72285852,15.9994,54.8,1768.0,1713.2,597.5754,651.33048,54.8,2.0,16.0,14.0,11.940000000000001,4.872,16.0,2.0,6.0,4.0,3.2,1.44,2.0,66.0,215.0,149.0,107.11999999999998,49.343999999999994,66.0,0.89,3.44,2.55,2.6394,0.9607199999999999,3.44,1.0,2.0,1.0,1.98,0.03920000000000002,2.0,0.0,4.0,4.0,2.4,1.9200000000000004,4.0,0.0,10.0,10.0,1.56,2.2960000000000003,0.0,0.0,0.0,0.0,0.0,0.0,0.0,2.0,11.0,9.0,5.9399999999999995,1.3760000000000003,6.0,0.0,1.0,1.0,0.02,0.0392,0.0,0.0,2.0,2.0,1.2,0.9600000000000002,2.0,0.0,9.0,9.0,1.44,2.0736,0.0,0.0,0.0,0.0,0.0,0.0,0.0,0.0,9.0,9.0,2.66,1.3904,2.0,9.105,63.59,54.485,17.57725,13.0666,9.105,0.0,0.0,0.0,0.0,0.0,0.0,0.0,1.5484712,1.5484712,0.27872481600000004,0.45710869824000006,0.0,12.0,229.0,217.0,88.92,92.304,12.0,5,0.6424951361683604,0.6071731604581663,0.6003221230724812,0.6000193562296577,0.6000003562776286,1.98,2.4,1.56,0.0,0.33333333333333337,0.40404040404040403,0.26262626262626265,0.0,d,Co,-0.322368,d,Co,-0.322368,0.0,,,
Perovskite,{'a': '3.8927'},La0.5Ba0.5Co0.9Zn0.1O3,97.0,Pm-3m,La0.5 Ba0.5 Co0.9 Zn0.1 O3,8.0,57.0,49.0,21.56,16.272,8.0,9.0,87.0,78.0,66.22,25.047199999999997,87.0,15.9994,138.90547,122.90607000000001,49.138462100000005,39.76687452,15.9994,54.8,1768.0,1713.2,584.2736,635.3683199999999,54.8,2.0,16.0,14.0,11.959999999999999,4.849600000000001,16.0,2.0,6.0,4.0,3.2,1.44,2.0,66.0,215.0,149.0,106.91999999999999,49.104,66.0,0.89,3.44,2.55,2.6344000000000003,0.9667199999999999,3.44,2.0,2.0,0.0,2.0,0.0,2.0,0.0,4.0,4.0,2.4,1.9200000000000004,4.0,0.0,10.0,10.0,1.56,2.2960000000000003,0.0,0.0,0.0,0.0,0.0,0.0,0.0,2.0,12.0,10.0,5.96,1.384,6.0,0.0,0.0,0.0,0.0,0.0,0.0,0.0,2.0,2.0,1.2,0.9600000000000002,2.0,0.0,9.0,9.0,1.44,2.0736,0.0,0.0,0.0,0.0,0.0,0.0,0.0,0.0,9.0,9.0,2.6399999999999997,1.4015999999999997,2.0,9.105,63.59,54.485,17.63505,13.043479999999999,9.105,0.0,0.0,0.0,0.0,0.0,0.0,0.0,1.5484712,1.5484712,0.27872481600000004,0.45710869824000006,0.0,12.0,229.0,217.0,88.3,91.55999999999999,12.0,5,0.6424951361683604,0.6071731604581663,0.6003221230724812,0.6000193562296577,0.6000003562776286,2.0,2.4,1.56,0.0,0.33557046979865773,0.40268456375838924,0.26174496644295303,0.0,d,Co,-0.322368,d,Co,-0.322368,0.0,,,
Perovskite,{'a': '3.8921'},La0.5Ba0.5Co0.9Ti0.1O3,110.0,Pm-3m,La0.5 Ba0.5 Co0.9 Ti0.1 O3,8.0,57.0,49.0,21.4,16.080000000000002,8.0,9.0,87.0,78.0,65.7,25.56,87.0,15.9994,138.90547,122.90607000000001,48.7882021,39.383410604,15.9994,54.8,1941.0,1886.2,609.24,665.3280000000001,54.8,2.0,16.0,14.0,11.8,5.04,16.0,2.0,6.0,4.0,3.2,1.44,2.0,66.0,215.0,149.0,107.67999999999999,50.016,66.0,0.89,3.44,2.55,2.6322,0.96936,3.44,2.0,2.0,0.0,2.0,0.0,2.0,0.0,4.0,4.0,2.4,1.9200000000000004,4.0,0.0,7.0,7.0,1.4,2.04,0.0,0.0,0.0,0.0,0.0,0.0,0.0,2.0,9.0,7.0,5.8,1.392,6.0,0.0,0.0,0.0,0.0,0.0,0.0,0.0,2.0,2.0,1.2,0.9600000000000002,2.0,0.0,9.0,9.0,1.6,2.24,0.0,0.0,0.0,0.0,0.0,0.0,0.0,0.0,9.0,9.0,2.8,1.5199999999999998,2.0,9.105,63.59,54.485,17.68965,13.021640000000001,9.105,0.0,0.0,0.0,0.0,0.0,0.0,0.0,1.5484712,1.5484712,0.2787252666666667,0.45710853600000007,0.0,12.0,229.0,217.0,88.3,91.55999999999999,12.0,5,0.6424951361683604,0.6071731604581663,0.6003221230724812,0.6000193562296577,0.6000003562776286,2.0,2.4,1.4,0.0,0.3448275862068966,0.41379310344827586,0.24137931034482757,0.0,d,Co,-0.322368,d,Co,-0.322368,0.0,,,
Perovskite,{'a': '3.8929'},La0.5Ba0.5Co0.9Ru0.1O3,170.0,Pm-3m,La0.5 Ba0.5 Co0.9 Ru0.1 O3,8.0,57.0,49.0,21.84,16.607999999999997,8.0,9.0,87.0,78.0,65.96000000000001,25.247999999999998,87.0,15.9994,138.90547,122.90607000000001,49.852262100000004,40.62343452,15.9994,54.8,2607.0,2552.2,622.56,681.3120000000001,54.8,2.0,16.0,14.0,11.879999999999999,4.944,16.0,2.0,6.0,4.0,3.22,1.464,2.0,66.0,215.0,149.0,107.4,49.68,66.0,0.89,3.44,2.55,2.6454,0.9535199999999999,3.44,1.0,2.0,1.0,1.98,0.03920000000000002,2.0,0.0,4.0,4.0,2.4,1.9200000000000004,4.0,0.0,7.0,7.0,1.5,2.2,0.0,0.0,0.0,0.0,0.0,0.0,0.0,2.0,9.0,7.0,5.88,1.352,6.0,0.0,1.0,1.0,0.02,0.0392,0.0,0.0,2.0,2.0,1.2,0.9600000000000002,2.0,0.0,9.0,9.0,1.5,2.1,0.0,0.0,0.0,0.0,0.0,0.0,0.0,0.0,9.0,9.0,2.72,1.4080000000000001,2.0,9.105,63.59,54.485,17.62605,13.04708,9.105,0.0,0.0,0.0,0.0,0.0,0.0,0.0,1.5484712,1.5484712,0.27872481600000004,0.45710869824000006,0.0,12.0,229.0,217.0,88.3,91.55999999999999,12.0,5,0.6424951361683604,0.6071731604581663,0.6003221230724812,0.6000193562296577,0.6000003562776286,1.98,2.4,1.5,0.0,0.336734693877551,0.40816326530612246,0.25510204081632654,0.0,d,Co,-0.322368,d,Co,-0.322368,0.0,,,
Antiperovskite,,Mn3GaC,157.0,,Mn3 Ga1 C1,6.0,31.0,25.0,22.4,6.5600000000000005,25.0,52.0,77.0,25.0,61.4,11.28,52.0,12.0107,69.723,57.7123,49.309567,14.9195468,54.938045,302.91,3823.0,3520.09,1736.5819999999999,834.5671999999998,1519.0,7.0,14.0,7.0,9.6,3.12,7.0,2.0,4.0,2.0,3.6,0.6399999999999999,4.0,76.0,139.0,63.0,123.0,19.2,139.0,1.55,2.55,0.9999999999999998,1.8020000000000003,0.3024,1.55,2.0,2.0,0.0,2.0,0.0,2.0,0.0,2.0,2.0,0.6,0.72,0.0,0.0,10.0,10.0,5.0,2.0,5.0,0.0,0.0,0.0,0.0,0.0,0.0,4.0,13.0,9.0,7.6,2.1599999999999997,7.0,0.0,0.0,0.0,0.0,0.0,0.0,0.0,5.0,5.0,1.8,2.16,0.0,0.0,5.0,5.0,3.0,2.4,5.0,0.0,0.0,0.0,0.0,0.0,0.0,4.0,5.0,1.0,4.8,0.3200000000000001,5.0,5.64,18.8575,13.217500000000001,11.19205172414,3.066179310344001,10.4875862069,0.0,4.496,4.496,0.8992000000000001,1.4387200000000002,0.0,0.0,0.000310120689655,0.000310120689655,0.000186072413793,0.00014885793103439998,0.000310120689655,64.0,217.0,153.0,181.8,47.11999999999999,217.0,3,0.66332495807108,0.6144633651371695,0.6009844187491661,0.6000783545597032,0.6000020321795635,2.0,0.6,5.0,0.0,0.2631578947368421,0.07894736842105263,0.6578947368421053,0.0,d,Mn,-0.26654,d,Mn,-0.26654,0.0,False,0.221199216928595,0.03367256846053199
Antiperovskite,,Mn3GaC0.9,155.0,,Mn3 Ga1 C0.9,6.0,31.0,25.0,22.73469387755102,6.14743856726364,25.0,52.0,77.0,25.0,61.08163265306122,11.120366513952519,52.0,12.0107,69.723,57.7123,50.07076836734694,13.981249604331525,54.938045,302.91,3823.0,3520.09,1694.0020408163266,782.0808829654311,1519.0,7.0,14.0,7.0,9.510204081632653,3.07371928363182,7.0,2.0,4.0,2.0,3.63265306122449,0.5997501041232819,4.0,76.0,139.0,63.0,123.95918367346937,18.41732611411912,139.0,1.55,2.55,0.9999999999999998,1.786734693877551,0.2898792169929195,1.55,2.0,2.0,0.0,2.0,0.0,2.0,0.0,2.0,2.0,0.5714285714285714,0.6997084548104956,0.0,0.0,10.0,10.0,5.1020408163265305,1.9991670137442732,5.0,0.0,0.0,0.0,0.0,0.0,0.0,4.0,13.0,9.0,7.673469387755102,2.174094127446897,7.0,0.0,0.0,0.0,0.0,0.0,0.0,0.0,5.0,5.0,1.7551020408163263,2.1491045397750934,0.0,0.0,5.0,5.0,3.061224489795918,2.3740108288213246,5.0,0.0,0.0,0.0,0.0,0.0,0.0,4.0,5.0,1.0,4.816326530612245,0.29987505206164095,5.0,5.64,18.8575,13.217500000000001,11.305358902183674,3.0825065705372765,10.4875862069,0.0,4.496,4.496,0.8257959183673469,1.348238234069138,0.0,0.0,0.000310120689655,0.000310120689655,0.0001898698099928571,0.00014724597509650146,0.000310120689655,64.0,217.0,153.0,181.55102040816325,47.980008329862564,217.0,3,0.6709911111336161,0.6250442386386454,0.613044264162968,0.612304001600848,0.6122462963114119,2.0,0.5714285714285714,5.1020408163265305,0.0,0.26063829787234044,0.07446808510638298,0.6648936170212766,0.0,d,Mn,-0.26654,d,Mn,-0.26654,0.0,,,
Orthorhombic perovskite,"{'a': '5.4159 Ã…', 'b': '5.8379 Ã…', 'c': '7.5481 Ã…'}",NdMnO3,85.0,Pnma,Nd1 Mn1 O3,8.0,60.0,52.0,21.8,16.560000000000002,8.0,19.0,87.0,68.0,66.4,24.72,87.0,15.9994,144.242,128.24259999999998,49.435649,40.12349879999999,15.9994,54.8,1519.0,1464.2,595.48,648.816,54.8,3.0,16.0,13.0,11.6,5.279999999999999,16.0,2.0,6.0,4.0,3.2,1.44,2.0,66.0,201.0,135.0,107.6,49.92,66.0,1.14,3.44,2.3,2.602,1.0056,3.44,2.0,2.0,0.0,2.0,0.0,2.0,0.0,4.0,4.0,2.4,1.9200000000000004,4.0,0.0,5.0,5.0,1.0,1.6,0.0,0.0,4.0,4.0,0.8,1.28,0.0,6.0,7.0,1.0,6.2,0.3200000000000001,6.0,0.0,0.0,0.0,0.0,0.0,0.0,0.0,2.0,2.0,1.2,0.9600000000000002,2.0,0.0,5.0,5.0,1.0,1.6,0.0,0.0,10.0,10.0,2.0,3.2,0.0,2.0,10.0,8.0,4.2,2.6399999999999997,2.0,9.105,34.81,25.705000000000002,14.522517241380001,8.114993103448,9.105,0.0,0.0,0.0,0.0,0.0,0.0,0.0,0.000310120689655,0.000310120689655,6.2024137931e-05,9.923862068959999e-05,0.0,12.0,217.0,205.0,89.4,92.88,12.0,3,0.6633249580710799,0.6144633651371695,0.6009844187491661,0.6000783545597032,0.6000020321795635,2.0,2.4,1.0,0.8,0.3225806451612903,0.3870967741935484,0.16129032258064516,0.12903225806451613,d,Mn,-0.26654,d,Mn,-0.26654,0.0,False,0.7335317021864758,0.16054012436700477
Pnma,,Sm0.1Ca0.7Sr0.2MnO3,90.0,,Sm0.1 Ca0.7 Sr0.2 Mn1 O3,8.0,62.0,54.0,15.36,8.831999999999999,8.0,7.0,87.0,80.0,64.36,27.167999999999996,87.0,15.9994,150.36,134.3606,32.710169,20.0529228,15.9994,54.8,1519.0,1464.2,561.6800000000001,608.256,54.8,2.0,16.0,14.0,11.42,5.496,16.0,2.0,6.0,4.0,2.88,1.0559999999999998,2.0,66.0,198.0,132.0,103.8,45.36,66.0,0.95,3.44,2.49,2.5754,1.03752,3.44,2.0,2.0,0.0,2.0,0.0,2.0,0.0,4.0,4.0,2.4,1.9200000000000004,4.0,0.0,5.0,5.0,1.0,1.6,0.0,0.0,6.0,6.0,0.12000000000000002,0.23520000000000002,0.0,2.0,8.0,6.0,5.5200000000000005,1.2671999999999994,6.0,0.0,0.0,0.0,0.0,0.0,0.0,0.0,2.0,2.0,1.2,0.9600000000000002,2.0,0.0,5.0,5.0,1.0,1.6,0.0,0.0,8.0,8.0,0.16,0.3136,0.0,0.0,8.0,8.0,2.3600000000000003,1.2816,2.0,9.105,54.23,45.125,15.682117241380002,9.970353103448002,9.105,0.0,0.0,0.0,0.0,0.0,0.0,0.0,0.000310120689655,0.000310120689655,6.2024137931e-05,9.923862068959999e-05,0.0,12.0,225.0,213.0,94.42,98.904,12.0,5,0.649307323229917,0.6098521544410335,0.6005758811292023,0.6000424118242522,0.6000010447996444,2.0,2.4,1.0,0.12000000000000002,0.3623188405797101,0.4347826086956521,0.18115942028985504,0.02173913043478261,d,Mn,-0.26654,d,Mn,-0.26654,0.0,,,
Pnma,,Sm0.1Ca0.6Sr0.3MnO3,110.0,,Sm0.1 Ca0.6 Sr0.3 Mn1 O3,8.0,62.0,54.0,15.719999999999999,9.264,8.0,7.0,87.0,80.0,64.38,27.144,87.0,15.9994,150.36,134.3606,33.661009,21.1939308,15.9994,54.8,1519.0,1464.2,560.38,606.696,54.8,2.0,16.0,14.0,11.42,5.496,16.0,2.0,6.0,4.0,2.9,1.08,2.0,66.0,198.0,132.0,104.17999999999999,45.815999999999995,66.0,0.95,3.44,2.49,2.5744,1.03872,3.44,2.0,2.0,0.0,2.0,0.0,2.0,0.0,4.0,4.0,2.4,1.9200000000000004,4.0,0.0,5.0,5.0,1.0,1.6,0.0,0.0,6.0,6.0,0.12000000000000002,0.23520000000000002,0.0,2.0,8.0,6.0,5.5200000000000005,1.2671999999999994,6.0,0.0,0.0,0.0,0.0,0.0,0.0,0.0,2.0,2.0,1.2,0.9600000000000002,2.0,0.0,5.0,5.0,1.0,1.6,0.0,0.0,8.0,8.0,0.16,0.3136,0.0,0.0,8.0,8.0,2.3600000000000003,1.2816,2.0,9.105,54.23,45.125,16.011317241380002,10.497073103448,9.105,0.0,0.0,0.0,0.0,0.0,0.0,0.0,0.000310120689655,0.000310120689655,6.2024137931e-05,9.923862068959999e-05,0.0,12.0,225.0,213.0,94.42,98.904,12.0,5,0.6468384651518492,0.6090768083034109,0.6005324861213732,0.6000402902325676,0.6000010222474311,2.0,2.4,1.0,0.12000000000000002,0.3623188405797101,0.4347826086956521,0.18115942028985504,0.02173913043478261,d,Mn,-0.26654,d,Mn,-0.26654,0.0,,,
Perovskite,"{'a': '5.424 Ã…', 'b': '7.678 Ã…', 'c': '5.434 Ã…'}",Sm0.55Sr0.45MnO3,36.0,Pnma,Sm0.55 Sr0.45 Mn1 O3,8.0,62.0,54.0,20.04,14.448000000000002,8.0,8.0,87.0,79.0,65.85,25.380000000000003,87.0,15.9994,150.36,134.3606,45.012648999999996,34.8158988,15.9994,54.8,1519.0,1464.2,579.13,629.1960000000001,54.8,2.0,16.0,14.0,11.51,5.388,16.0,2.0,6.0,4.0,3.1100000000000003,1.332,2.0,66.0,198.0,132.0,106.72999999999999,48.876,66.0,0.95,3.44,2.49,2.5882,1.02216,3.44,2.0,2.0,0.0,2.0,0.0,2.0,0.0,4.0,4.0,2.4,1.9200000000000004,4.0,0.0,5.0,5.0,1.0,1.6,0.0,0.0,6.0,6.0,0.66,1.1748,0.0,2.0,8.0,6.0,6.0600000000000005,0.8028000000000002,6.0,0.0,0.0,0.0,0.0,0.0,0.0,0.0,2.0,2.0,1.2,0.9600000000000002,2.0,0.0,5.0,5.0,1.0,1.6,0.0,0.0,8.0,8.0,0.8800000000000001,1.5664000000000002,0.0,0.0,8.0,8.0,3.08,1.8504,2.0,9.105,54.23,45.125,16.09651724138,10.633393103448,9.105,0.0,0.0,0.0,0.0,0.0,0.0,0.0,0.000310120689655,0.000310120689655,6.2024137931e-05,9.923862068959999e-05,0.0,12.0,225.0,213.0,89.11,92.532,12.0,4,0.6482283548256741,0.6091738345413964,0.6005268671005338,0.6000399277930862,0.6000010190172161,2.0,2.4,1.0,0.66,0.33003300330033003,0.396039603960396,0.16501650165016502,0.10891089108910891,d,Mn,-0.26654,d,Mn,-0.26654,0.0,,,
Perovskite-type,"{'a': '0.54463 nm', 'b': '0.57104 nm', 'c': '0.78048 nm'}",Sm2MnTiO6,21.0,P21/n,Sm2 Mn1 Ti1 O6,8.0,62.0,54.0,21.9,16.68,8.0,23.0,87.0,64.0,66.3,24.84,87.0,15.9994,150.36,134.3606,49.9521445,41.160322300000004,15.9994,54.8,1941.0,1886.2,647.88,711.6960000000001,54.8,3.0,16.0,13.0,11.3,5.64,16.0,2.0,6.0,4.0,3.2,1.44,2.0,66.0,198.0,132.0,109.1,51.720000000000006,66.0,1.17,3.44,2.27,2.607,0.9995999999999998,3.44,2.0,2.0,0.0,2.0,0.0,2.0,0.0,4.0,4.0,2.4,1.9200000000000004,4.0,0.0,5.0,5.0,0.7,1.1199999999999999,0.0,0.0,6.0,6.0,1.2,1.9199999999999995,0.0,4.0,8.0,4.0,6.3,0.82,6.0,0.0,0.0,0.0,0.0,0.0,0.0,0.0,2.0,2.0,1.2,0.9600000000000002,2.0,0.0,8.0,8.0,1.3,2.08,0.0,0.0,8.0,8.0,1.6,2.56,0.0,2.0,8.0,6.0,4.1,2.52,2.0,9.105,33.23,24.124999999999996,14.82675862069,7.733944827586001,9.105,0.0,0.0,0.0,0.0,0.0,0.0,0.0,0.000310120689655,0.000310120689655,3.326540229883e-05,5.5371057471234e-05,0.0,12.0,217.0,205.0,81.5,83.4,12.0,4,0.648074069840786,0.6091199348919785,0.6005237760880777,0.6000397970967368,0.6000010180820754,2.0,2.4,0.7,1.2,0.31746031746031744,0.38095238095238093,0.1111111111111111,0.19047619047619047,f,Sm,-0.21776,f,Sm,-0.21776,0.0,True,0.7242401773760752,0.15939291951726522
Orthorhombic Perovskite,"{'a': '5.69083 Ã…', 'b': '7.61428 Ã…', 'c': '5.37981 Ã…'}",SmFe0.5Mn0.5O3,286.0,Pnma,Sm1 Fe0.5 Mn0.5 O3,8.0,62.0,54.0,22.3,17.160000000000004,8.0,23.0,87.0,64.0,67.5,23.4,87.0,15.9994,150.36,134.3606,50.749944500000005,41.70065340000001,15.9994,54.8,1811.0,1756.2,634.88,696.096,54.8,3.0,16.0,13.0,11.7,5.16,16.0,2.0,6.0,4.0,3.2,1.44,2.0,66.0,198.0,132.0,106.3,48.36,66.0,1.17,3.44,2.27,2.636,0.9648,3.44,2.0,2.0,0.0,2.0,0.0,2.0,0.0,4.0,4.0,2.4,1.9200000000000004,4.0,0.0,6.0,6.0,1.1,1.7600000000000002,0.0,0.0,6.0,6.0,1.2,1.9199999999999995,0.0,6.0,8.0,2.0,6.7,0.8400000000000001,6.0,0.0,0.0,0.0,0.0,0.0,0.0,0.0,2.0,2.0,1.2,0.9600000000000002,2.0,0.0,5.0,5.0,0.9,1.44,0.0,0.0,8.0,8.0,1.6,2.56,0.0,2.0,8.0,6.0,3.7,2.04,2.0,9.105,33.23,24.124999999999996,14.23075862069,7.599696551724,9.105,0.0,0.0,0.0,0.0,0.0,0.0,0.0,2.1106628,2.1106628,0.2110972920689655,0.3799131015862069,0.0,12.0,229.0,217.0,85.0,87.6,12.0,4,0.648074069840786,0.6091199348919785,0.6005237760880777,0.6000397970967368,0.6000010180820754,2.0,2.4,1.1,1.2,0.29850746268656714,0.3582089552238806,0.16417910447761194,0.1791044776119403,d,Mn,-0.26654,d,Mn,-0.26654,0.0,,,
Perovskite,,SrFeO3,130.0,,Sr1 Fe1 O3,8.0,38.0,30.0,17.6,11.52,8.0,8.0,87.0,79.0,64.8,26.639999999999997,87.0,15.9994,87.62,71.62060000000001,38.29264,26.751887999999997,15.9994,54.8,1811.0,1756.2,605.08,660.336,54.8,2.0,16.0,14.0,11.6,5.279999999999999,16.0,2.0,5.0,3.0,3.0,1.2,2.0,66.0,195.0,129.0,105.0,46.8,66.0,0.95,3.44,2.49,2.62,0.984,3.44,2.0,2.0,0.0,2.0,0.0,2.0,0.0,4.0,4.0,2.4,1.9200000000000004,4.0,0.0,6.0,6.0,1.2,1.92,0.0,0.0,0.0,0.0,0.0,0.0,0.0,2.0,8.0,6.0,5.6,1.4400000000000002,6.0,0.0,0.0,0.0,0.0,0.0,0.0,0.0,2.0,2.0,1.2,0.9600000000000002,2.0,0.0,4.0,4.0,0.8,1.28,0.0,0.0,0.0,0.0,0.0,0.0,0.0,0.0,4.0,4.0,2.0,0.8,2.0,9.105,54.23,45.125,18.455,14.309999999999999,9.105,0.0,0.0,0.0,0.0,0.0,0.0,0.0,2.1106628,2.1106628,0.42213256,0.675412096,0.0,12.0,229.0,217.0,98.0,103.2,12.0,3,0.6633249580710799,0.6144633651371695,0.6009844187491661,0.6000783545597032,0.6000020321795635,2.0,2.4,1.2,0.0,0.35714285714285715,0.4285714285714286,0.2142857142857143,0.0,d,Fe,-0.295049,d,Fe,-0.295049,0.0,False,0.7877573323062756,0.1588020422243084
Perovskite,,CaFeO3,120.0,,Ca1 Fe1 O3,8.0,26.0,18.0,14.0,7.2,8.0,7.0,87.0,80.0,64.6,26.880000000000003,87.0,15.9994,55.845,39.8456,28.78424,15.341808,15.9994,54.8,1811.0,1756.2,618.08,675.936,54.8,2.0,16.0,14.0,11.6,5.279999999999999,16.0,2.0,4.0,2.0,2.8,0.96,2.0,66.0,176.0,110.0,101.2,42.239999999999995,66.0,1.0,3.44,2.44,2.63,0.9719999999999999,3.44,2.0,2.0,0.0,2.0,0.0,2.0,0.0,4.0,4.0,2.4,1.9200000000000004,4.0,0.0,6.0,6.0,1.2,1.92,0.0,0.0,0.0,0.0,0.0,0.0,0.0,2.0,8.0,6.0,5.6,1.4400000000000002,6.0,0.0,0.0,0.0,0.0,0.0,0.0,0.0,2.0,2.0,1.2,0.9600000000000002,2.0,0.0,4.0,4.0,0.8,1.28,0.0,0.0,0.0,0.0,0.0,0.0,0.0,0.0,4.0,4.0,2.0,0.8,2.0,9.105,37.77,28.665000000000003,15.163,9.0428,9.105,0.0,0.0,0.0,0.0,0.0,0.0,0.0,2.1106628,2.1106628,0.42213256,0.675412096,0.0,12.0,229.0,217.0,98.0,103.2,12.0,3,0.6633249580710799,0.6144633651371695,0.6009844187491661,0.6000783545597032,0.6000020321795635,2.0,2.4,1.2,0.0,0.35714285714285715,0.4285714285714286,0.2142857142857143,0.0,d,Fe,-0.295049,d,Fe,-0.295049,0.0,False,0.7742664595807831,0.15647104486389596
Perovskite,"{'a': '5.244 Ã…', 'b': '5.532 Ã…', 'c': '7.543 Ã…'}",YFe0.25Cr0.75O3,160.0,Pbnm,Y1 Fe0.25 Cr0.75 O3,8.0,39.0,31.0,17.5,11.4,8.0,12.0,87.0,75.0,64.7,26.76,87.0,15.9994,88.90585,72.90645,37.972474999999996,26.36769,15.9994,54.8,2180.0,2125.2,810.23,906.516,54.8,3.0,16.0,13.0,11.5,5.4,16.0,2.0,5.0,3.0,3.0,1.2,2.0,66.0,190.0,124.0,105.05,46.86,66.0,1.22,3.44,2.2199999999999998,2.6485,0.9498,3.44,1.0,2.0,1.0,1.85,0.25499999999999995,2.0,0.0,4.0,4.0,2.4,1.9200000000000004,4.0,0.0,6.0,6.0,1.25,1.6,0.0,0.0,0.0,0.0,0.0,0.0,0.0,3.0,8.0,5.0,5.5,1.0,6.0,0.0,1.0,1.0,0.15,0.255,0.0,0.0,2.0,2.0,1.2,0.9600000000000002,2.0,0.0,9.0,9.0,2.75,3.3,0.0,0.0,0.0,0.0,0.0,0.0,0.0,2.0,9.0,7.0,4.1,2.5300000000000002,2.0,9.105,32.365,23.26,14.151,7.2856,9.105,0.0,0.0,0.0,0.0,0.0,0.0,0.0,2.1106628,2.1106628,0.10553314,0.20051296600000001,0.0,12.0,229.0,217.0,91.8,95.75999999999999,12.0,4,0.6519202405202649,0.610464574873397,0.6006102542827229,0.6000444167432825,0.6000010733180564,1.85,2.4,1.25,0.0,0.33636363636363636,0.43636363636363634,0.22727272727272727,0.0,s,Y,-0.150727,s,Y,-0.150727,0.0,,,
Perovskite,,YFeO3,648.0,Pbnm,Y1 Fe1 O3,8.0,39.0,31.0,17.8,11.76,8.0,12.0,87.0,75.0,65.6,25.68,87.0,15.9994,88.90585,72.90645,38.54981,27.060492,15.9994,54.8,1811.0,1756.2,754.88,840.0959999999999,54.8,3.0,16.0,13.0,11.8,5.04,16.0,2.0,5.0,3.0,3.0,1.2,2.0,66.0,190.0,124.0,104.0,45.6,66.0,1.22,3.44,2.2199999999999998,2.6740000000000004,0.9192,3.44,2.0,2.0,0.0,2.0,0.0,2.0,0.0,4.0,4.0,2.4,1.9200000000000004,4.0,0.0,6.0,6.0,1.4,1.8399999999999999,0.0,0.0,0.0,0.0,0.0,0.0,0.0,3.0,8.0,5.0,5.8,1.12,6.0,0.0,0.0,0.0,0.0,0.0,0.0,0.0,2.0,2.0,1.2,0.9600000000000002,2.0,0.0,9.0,9.0,2.6,3.12,0.0,0.0,0.0,0.0,0.0,0.0,0.0,2.0,9.0,7.0,3.8,2.16,2.0,9.105,32.365,23.26,14.081999999999999,7.313199999999999,9.105,0.0,0.0,0.0,0.0,0.0,0.0,0.0,2.1106628,2.1106628,0.42213256,0.675412096,0.0,12.0,229.0,217.0,91.8,95.75999999999999,12.0,3,0.6633249580710799,0.6144633651371695,0.6009844187491661,0.6000783545597032,0.6000020321795635,2.0,2.4,1.4,0.0,0.3448275862068966,0.41379310344827586,0.24137931034482757,0.0,d,Fe,-0.295049,d,Fe,-0.295049,0.0,True,0.7083205926780534,0.1457823019724547
Perovskite,,YCrO3,141.0,Pbnm,Y1 Cr1 O3,8.0,39.0,31.0,17.4,11.28,8.0,12.0,87.0,75.0,64.4,27.119999999999997,87.0,15.9994,88.90585,72.90645,37.78003,26.136756,15.9994,54.8,2180.0,2125.2,828.68,928.6560000000002,54.8,3.0,16.0,13.0,11.4,5.5200000000000005,16.0,2.0,5.0,3.0,3.0,1.2,2.0,66.0,190.0,124.0,105.4,47.28,66.0,1.22,3.44,2.2199999999999998,2.6399999999999997,0.9600000000000002,3.44,1.0,2.0,1.0,1.8,0.31999999999999995,2.0,0.0,4.0,4.0,2.4,1.9200000000000004,4.0,0.0,5.0,5.0,1.2,1.52,0.0,0.0,0.0,0.0,0.0,0.0,0.0,3.0,6.0,3.0,5.4,0.9599999999999997,6.0,0.0,1.0,1.0,0.2,0.32,0.0,0.0,2.0,2.0,1.2,0.9600000000000002,2.0,0.0,9.0,9.0,2.8,3.3599999999999994,0.0,0.0,0.0,0.0,0.0,0.0,0.0,2.0,9.0,7.0,4.2,2.6399999999999997,2.0,9.105,32.365,23.26,14.174000000000001,7.276400000000001,9.105,0.0,0.0,0.0,0.0,0.0,0.0,0.0,0.0,0.0,0.0,0.0,0.0,12.0,229.0,217.0,91.8,95.75999999999999,12.0,3,0.6633249580710799,0.6144633651371695,0.6009844187491661,0.6000783545597032,0.6000020321795635,1.8,2.4,1.2,0.0,0.3333333333333333,0.4444444444444444,0.2222222222222222,0.0,s,Cr,-0.150445,s,Cr,-0.150445,0.0,True,0.7083205926780534,0.1525412401804506
Orthorhombic Perovskite,,YFe0.8Mn0.2O3,400.0,Pbnm,Y1 Fe0.8 Mn0.2 O3,8.0,39.0,31.0,17.759999999999998,11.712,8.0,12.0,87.0,75.0,65.47999999999999,25.824,87.0,15.9994,88.90585,72.90645,38.513531799999996,27.016958159999994,15.9994,54.8,1811.0,1756.2,743.2,826.0799999999999,54.8,3.0,16.0,13.0,11.76,5.088,16.0,2.0,5.0,3.0,3.0,1.2,2.0,66.0,190.0,124.0,104.28000000000002,45.936,66.0,1.22,3.44,2.2199999999999998,2.6628,0.9326399999999999,3.44,2.0,2.0,0.0,2.0,0.0,2.0,0.0,4.0,4.0,2.4,1.9200000000000004,4.0,0.0,6.0,6.0,1.36,1.7759999999999998,0.0,0.0,0.0,0.0,0.0,0.0,0.0,3.0,8.0,5.0,5.76,1.104,6.0,0.0,0.0,0.0,0.0,0.0,0.0,0.0,2.0,2.0,1.2,0.9600000000000002,2.0,0.0,9.0,9.0,2.6399999999999997,3.168,0.0,0.0,0.0,0.0,0.0,0.0,0.0,2.0,9.0,7.0,3.84,2.2079999999999997,2.0,9.105,32.365,23.26,14.072303448276,7.3170786206896,9.105,0.0,0.0,0.0,0.0,0.0,0.0,0.0,2.1106628,2.1106628,0.3377184528275862,0.5673421910951724,0.0,12.0,229.0,217.0,91.32000000000001,95.18400000000001,12.0,4,0.6536053855347277,0.6110543442831938,0.6006543735623902,0.6000474011882218,0.6000011251993493,2.0,2.4,1.36,0.0,0.3472222222222222,0.4166666666666667,0.23611111111111113,0.0,d,Fe,-0.295049,d,Fe,-0.295049,0.0,,,
Orthorhombic Perovskite,,YFeO3,640.0,Pbnm,Y1 Fe1 O3,8.0,39.0,31.0,17.8,11.76,8.0,12.0,87.0,75.0,65.6,25.68,87.0,15.9994,88.90585,72.90645,38.54981,27.060492,15.9994,54.8,1811.0,1756.2,754.88,840.0959999999999,54.8,3.0,16.0,13.0,11.8,5.04,16.0,2.0,5.0,3.0,3.0,1.2,2.0,66.0,190.0,124.0,104.0,45.6,66.0,1.22,3.44,2.2199999999999998,2.6740000000000004,0.9192,3.44,2.0,2.0,0.0,2.0,0.0,2.0,0.0,4.0,4.0,2.4,1.9200000000000004,4.0,0.0,6.0,6.0,1.4,1.8399999999999999,0.0,0.0,0.0,0.0,0.0,0.0,0.0,3.0,8.0,5.0,5.8,1.12,6.0,0.0,0.0,0.0,0.0,0.0,0.0,0.0,2.0,2.0,1.2,0.9600000000000002,2.0,0.0,9.0,9.0,2.6,3.12,0.0,0.0,0.0,0.0,0.0,0.0,0.0,2.0,9.0,7.0,3.8,2.16,2.0,9.105,32.365,23.26,14.081999999999999,7.313199999999999,9.105,0.0,0.0,0.0,0.0,0.0,0.0,0.0,2.1106628,2.1106628,0.42213256,0.675412096,0.0,12.0,229.0,217.0,91.8,95.75999999999999,12.0,3,0.6633249580710799,0.6144633651371695,0.6009844187491661,0.6000783545597032,0.6000020321795635,2.0,2.4,1.4,0.0,0.3448275862068966,0.41379310344827586,0.24137931034482757,0.0,d,Fe,-0.295049,d,Fe,-0.295049,0.0,True,0.7083205926780534,0.1457823019724547
Pnma,"{'a': '5.62644', 'b': '7.80144', 'c': '5.43049'}",Bi0.80Tb0.20FeO3,638.15,Pnma,Bi0.8 Tb0.2 Fe1 O3,8.0,83.0,75.0,25.880000000000003,21.456,8.0,29.0,87.0,58.0,78.12,13.177599999999998,87.0,15.9994,208.9804,192.981,60.562518,55.3627488,15.9994,54.8,1811.0,1756.2,547.3439999999999,591.99488,54.8,3.0,16.0,13.0,13.719999999999999,3.145600000000001,16.0,2.0,6.0,4.0,3.2,1.44,2.0,66.0,194.0,128.0,97.44000000000001,37.728,66.0,1.21,3.44,2.23,2.8016,0.7660799999999999,3.44,2.0,2.0,0.0,2.0,0.0,2.0,0.0,4.0,4.0,2.88,1.3824,4.0,0.0,10.0,10.0,2.8,3.5839999999999996,0.0,0.0,14.0,14.0,2.6000000000000005,4.16,0.0,6.0,29.0,23.0,10.280000000000001,6.048,6.0,0.0,0.0,0.0,0.0,0.0,0.0,0.0,3.0,3.0,1.6800000000000002,0.8064,2.0,0.0,4.0,4.0,0.8,1.28,0.0,0.0,5.0,5.0,0.2,0.384,0.0,2.0,5.0,3.0,2.68,0.8160000000000001,2.0,9.105,32.95,23.845000000000002,14.150466666668,7.4227466666688,9.105,0.0,0.0,0.0,0.0,0.0,0.0,0.0,2.1106628,2.1106628,0.42213256,0.675412096,0.0,12.0,229.0,217.0,62.67999999999999,77.03359999999999,12.0,4,0.6536053855347277,0.6110543442831938,0.6006543735623902,0.6000474011882218,0.6000011251993493,2.0,2.88,2.8,2.6000000000000005,0.19455252918287935,0.28015564202334625,0.2723735408560311,0.25291828793774324,d,Fe,-0.295049,d,Fe,-0.295049,0.0,,,
GdFeO3-type perovskite,"{'a': '5.9065 Ã…', 'b': '7.5529 Ã…', 'c': '5.3987 Ã…'}",Bi0.9Y0.1MnO3,68.0,Pnma,Bi0.9 Y0.1 Mn1 O3,8.0,83.0,75.0,25.520000000000003,21.232000000000003,8.0,12.0,87.0,75.0,78.32000000000001,13.180799999999996,87.0,15.9994,208.9804,192.981,59.981837999999996,54.7964428,15.9994,54.8,1799.0,1744.2,470.65200000000004,499.0224,54.8,3.0,16.0,13.0,13.76,3.1344000000000003,16.0,2.0,6.0,4.0,3.18,1.416,2.0,66.0,190.0,124.0,97.84,38.208000000000006,66.0,1.22,3.44,2.2199999999999998,2.762,0.8135999999999999,3.44,2.0,2.0,0.0,2.0,0.0,2.0,0.0,4.0,4.0,2.94,1.2936,4.0,0.0,10.0,10.0,2.82,3.4568,0.0,0.0,14.0,14.0,2.52,4.1328000000000005,0.0,3.0,29.0,26.0,10.280000000000001,6.739200000000001,6.0,0.0,0.0,0.0,0.0,0.0,0.0,0.0,3.0,3.0,1.7399999999999998,0.7656000000000002,2.0,0.0,9.0,9.0,1.1800000000000002,1.8408000000000002,0.0,0.0,0.0,0.0,0.0,0.0,0.0,2.0,9.0,7.0,2.92,1.1039999999999999,2.0,9.105,32.95,23.845000000000002,14.138817241380002,7.501073103448,9.105,0.0,0.0,0.0,0.0,0.0,0.0,0.0,0.000310120689655,0.000310120689655,6.2024137931e-05,9.923862068959999e-05,0.0,12.0,217.0,205.0,56.64,69.6384,12.0,4,0.657875368135941,0.6125504609266458,0.6007833837922739,0.6000579215727481,0.6000013703851839,2.0,2.94,2.82,2.52,0.19455252918287935,0.28599221789883267,0.2743190661478599,0.24513618677042798,d,Mn,-0.26654,d,Mn,-0.26654,0.0,,,
GdFeO3-type perovskite,"{'a': '5.9037 Ã…', 'b': '7.5282 Ã…', 'c': '5.3798 Ã…'}",Bi0.8Y0.2MnO3,58.0,Pnma,Bi0.8 Y0.2 Mn1 O3,8.0,83.0,75.0,24.64,19.968,8.0,12.0,87.0,75.0,76.84,15.123199999999997,87.0,15.9994,208.9804,192.981,57.580347,50.9540572,15.9994,54.8,1799.0,1744.2,495.74399999999997,529.1328,54.8,3.0,16.0,13.0,13.52,3.4496,16.0,2.0,6.0,4.0,3.16,1.392,2.0,66.0,190.0,124.0,98.67999999999999,39.215999999999994,66.0,1.22,3.44,2.2199999999999998,2.746,0.8328,3.44,2.0,2.0,0.0,2.0,0.0,2.0,0.0,4.0,4.0,2.88,1.3824,4.0,0.0,10.0,10.0,2.6399999999999997,3.2992,0.0,0.0,14.0,14.0,2.24,3.7632000000000003,0.0,3.0,29.0,26.0,9.760000000000002,6.156800000000001,6.0,0.0,0.0,0.0,0.0,0.0,0.0,0.0,3.0,3.0,1.6800000000000002,0.8064,2.0,0.0,9.0,9.0,1.3599999999999999,2.0672,0.0,0.0,0.0,0.0,0.0,0.0,0.0,2.0,9.0,7.0,3.04,1.2608000000000001,2.0,9.105,32.95,23.845000000000002,14.12711724138,7.482353103448001,9.105,0.0,0.0,0.0,0.0,0.0,0.0,0.0,0.000310120689655,0.000310120689655,6.2024137931e-05,9.923862068959999e-05,0.0,12.0,217.0,205.0,60.279999999999994,73.3856,12.0,4,0.6536053855347277,0.6110543442831938,0.6006543735623902,0.6000474011882218,0.6000011251993493,2.0,2.88,2.6399999999999997,2.24,0.20491803278688522,0.2950819672131147,0.27049180327868844,0.22950819672131145,d,Mn,-0.26654,d,Mn,-0.26654,0.0,,,
GdFeO3-type perovskite,"{'a': '5.8950 Ã…', 'b': '7.5049 Ã…', 'c': '5.3628 Ã…'}",Bi0.7Y0.3MnO3,46.0,Pnma,Bi0.7 Y0.3 Mn1 O3,8.0,83.0,75.0,23.759999999999998,18.912,8.0,12.0,87.0,75.0,75.36,16.947200000000002,87.0,15.9994,208.9804,192.981,55.178855999999996,47.1116716,15.9994,54.8,1799.0,1744.2,520.836,559.2432,54.8,3.0,16.0,13.0,13.280000000000001,3.7455999999999996,16.0,2.0,6.0,4.0,3.1399999999999997,1.3679999999999999,2.0,66.0,190.0,124.0,99.52000000000001,40.224000000000004,66.0,1.22,3.44,2.2199999999999998,2.73,0.852,3.44,2.0,2.0,0.0,2.0,0.0,2.0,0.0,4.0,4.0,2.82,1.4664000000000001,4.0,0.0,10.0,10.0,2.46,3.1271999999999998,0.0,0.0,14.0,14.0,1.9599999999999997,3.3711999999999995,0.0,3.0,29.0,26.0,9.239999999999998,5.532799999999999,6.0,0.0,0.0,0.0,0.0,0.0,0.0,0.0,3.0,3.0,1.6199999999999999,0.8424000000000001,2.0,0.0,9.0,9.0,1.5399999999999998,2.2792,0.0,0.0,0.0,0.0,0.0,0.0,0.0,2.0,9.0,7.0,3.1599999999999997,1.4367999999999999,2.0,9.105,32.95,23.845000000000002,14.115417241380001,7.463633103448001,9.105,0.0,0.0,0.0,0.0,0.0,0.0,0.0,0.000310120689655,0.000310120689655,6.2024137931e-05,9.923862068959999e-05,0.0,12.0,217.0,205.0,63.92,76.8416,12.0,4,0.6505382386916237,0.6099811872725391,0.6005769141908202,0.6000424198866755,0.6000010448055402,2.0,2.82,2.46,1.9599999999999997,0.21645021645021648,0.30519480519480524,0.26623376623376627,0.21212121212121213,d,Mn,-0.26654,d,Mn,-0.26654,0.0,,,
GdFeO3-type perovskite,"{'a': '5.8787 Ã…', 'b': '7.4578 Ã…', 'c': '5.3278 Ã…'}",Bi0.5Y0.5MnO3,44.0,Pnma,Bi0.5 Y0.5 Mn1 O3,8.0,83.0,75.0,22.0,16.8,8.0,12.0,87.0,75.0,72.4,20.24,87.0,15.9994,208.9804,192.981,50.375873999999996,41.2517688,15.9994,54.8,1799.0,1744.2,571.02,624.788,54.8,3.0,16.0,13.0,12.8,4.279999999999999,16.0,2.0,6.0,4.0,3.1,1.3199999999999998,2.0,66.0,190.0,124.0,101.2,42.239999999999995,66.0,1.22,3.44,2.2199999999999998,2.698,0.8904,3.44,2.0,2.0,0.0,2.0,0.0,2.0,0.0,4.0,4.0,2.7,1.6199999999999999,4.0,0.0,10.0,10.0,2.1,2.74,0.0,0.0,14.0,14.0,1.4,2.52,0.0,3.0,29.0,26.0,8.2,4.159999999999999,6.0,0.0,0.0,0.0,0.0,0.0,0.0,0.0,3.0,3.0,1.5,0.9,2.0,0.0,9.0,9.0,1.9,2.6599999999999997,0.0,0.0,0.0,0.0,0.0,0.0,0.0,2.0,9.0,7.0,3.4,1.7599999999999998,2.0,9.105,32.95,23.845000000000002,14.09201724138,7.426193103448002,9.105,0.0,0.0,0.0,0.0,0.0,0.0,0.0,0.000310120689655,0.000310120689655,6.2024137931e-05,9.923862068959999e-05,0.0,12.0,217.0,205.0,71.2,82.88000000000001,12.0,4,0.648074069840786,0.6091199348919785,0.6005237760880777,0.6000397970967368,0.6000010180820754,2.0,2.7,2.1,1.4,0.24390243902439027,0.3292682926829269,0.25609756097560976,0.17073170731707318,d,Mn,-0.26654,d,Mn,-0.26654,0.0,,,
GdFeO3-type perovskite,"{'a': '5.8672 Ã…', 'b': '7.4349 Ã…', 'c': '5.3113 Ã…'}",Bi0.4Y0.6MnO3,44.0,Pnma,Bi0.4 Y0.6 Mn1 O3,8.0,83.0,75.0,21.119999999999997,15.744,8.0,12.0,87.0,75.0,70.92,21.7088,87.0,15.9994,208.9804,192.981,47.974383,38.3699796,15.9994,54.8,1799.0,1744.2,596.112,657.8483200000001,54.8,3.0,16.0,13.0,12.559999999999999,4.518400000000001,16.0,2.0,6.0,4.0,3.08,1.296,2.0,66.0,190.0,124.0,102.03999999999999,43.248000000000005,66.0,1.22,3.44,2.2199999999999998,2.682,0.9096,3.44,2.0,2.0,0.0,2.0,0.0,2.0,0.0,4.0,4.0,2.6399999999999997,1.6896,4.0,0.0,10.0,10.0,1.92,2.5248,0.0,0.0,14.0,14.0,1.12,2.0608,0.0,3.0,29.0,26.0,7.6800000000000015,3.411200000000002,6.0,0.0,0.0,0.0,0.0,0.0,0.0,0.0,3.0,3.0,1.44,0.9216000000000001,2.0,0.0,9.0,9.0,2.0799999999999996,2.8287999999999998,0.0,0.0,0.0,0.0,0.0,0.0,0.0,2.0,9.0,7.0,3.5200000000000005,1.9072000000000002,2.0,9.105,32.95,23.845000000000002,14.080317241380001,7.407473103448001,9.105,0.0,0.0,0.0,0.0,0.0,0.0,0.0,0.000310120689655,0.000310120689655,6.2024137931e-05,9.923862068959999e-05,0.0,12.0,217.0,205.0,74.84,85.4624,12.0,4,0.6486909896090742,0.609335476288203,0.6005363242807298,0.6000403458480008,0.6000010223479758,2.0,2.6399999999999997,1.92,1.12,0.26041666666666663,0.3437499999999999,0.24999999999999994,0.14583333333333331,d,Mn,-0.26654,d,Mn,-0.26654,0.0,,,
GdFeO3-type perovskite,"{'a': '5.8550 Ã…', 'b': '7.4132 Ã…', 'c': '5.2958 Ã…'}",Bi0.3Y0.7MnO3,44.0,Pnma,Bi0.3 Y0.7 Mn1 O3,8.0,83.0,75.0,20.24,14.687999999999999,8.0,12.0,87.0,75.0,69.44,23.0592,87.0,15.9994,208.9804,192.981,45.572892,35.48819039999999,15.9994,54.8,1799.0,1744.2,621.204,688.90128,54.8,3.0,16.0,13.0,12.32,4.7376,16.0,2.0,6.0,4.0,3.06,1.2719999999999998,2.0,66.0,190.0,124.0,102.88,44.256,66.0,1.22,3.44,2.2199999999999998,2.666,0.9288000000000001,3.44,2.0,2.0,0.0,2.0,0.0,2.0,0.0,4.0,4.0,2.58,1.7543999999999997,4.0,0.0,10.0,10.0,1.7399999999999998,2.2952,0.0,0.0,14.0,14.0,0.8400000000000001,1.5792,0.0,3.0,29.0,26.0,7.159999999999999,2.620799999999999,6.0,0.0,0.0,0.0,0.0,0.0,0.0,0.0,3.0,3.0,1.3800000000000001,0.9383999999999999,2.0,0.0,9.0,9.0,2.2600000000000002,2.9832,0.0,0.0,0.0,0.0,0.0,0.0,0.0,2.0,9.0,7.0,3.6399999999999997,2.0448,2.0,9.105,32.95,23.845000000000002,14.06861724138,7.388753103448001,9.105,0.0,0.0,0.0,0.0,0.0,0.0,0.0,0.000310120689655,0.000310120689655,6.2024137931e-05,9.923862068959999e-05,0.0,12.0,217.0,205.0,78.47999999999999,87.75359999999999,12.0,4,0.6505382386916237,0.6099811872725391,0.6005769141908202,0.6000424198866755,0.6000010448055402,2.0,2.58,1.7399999999999998,0.8400000000000001,0.2793296089385475,0.3603351955307263,0.2430167597765363,0.11731843575418997,d,Mn,-0.26654,d,Mn,-0.26654,0.0,,,
GdFeO3-type perovskite,"{'a': '5.8429 Ã…', 'b': '7.3922 Ã…', 'c': '5.2815 Ã…'}",Bi0.2Y0.8MnO3,44.0,Pnma,Bi0.2 Y0.8 Mn1 O3,8.0,83.0,75.0,19.360000000000003,13.632000000000001,8.0,12.0,87.0,75.0,67.96000000000001,24.291199999999996,87.0,15.9994,208.9804,192.981,43.171401,32.60640120000001,15.9994,54.8,1799.0,1744.2,646.296,717.9468800000001,54.8,3.0,16.0,13.0,12.08,4.937600000000001,16.0,2.0,6.0,4.0,3.04,1.248,2.0,66.0,190.0,124.0,103.72,45.263999999999996,66.0,1.22,3.44,2.2199999999999998,2.65,0.9480000000000001,3.44,2.0,2.0,0.0,2.0,0.0,2.0,0.0,4.0,4.0,2.52,1.8143999999999998,4.0,0.0,10.0,10.0,1.56,2.0512,0.0,0.0,14.0,14.0,0.56,1.0752000000000002,0.0,3.0,29.0,26.0,6.640000000000001,1.9328000000000003,6.0,0.0,0.0,0.0,0.0,0.0,0.0,0.0,3.0,3.0,1.3199999999999998,0.9504000000000001,2.0,0.0,9.0,9.0,2.44,3.1232,0.0,0.0,0.0,0.0,0.0,0.0,0.0,2.0,9.0,7.0,3.7600000000000002,2.1728,2.0,9.105,32.95,23.845000000000002,14.05691724138,7.3700331034480016,9.105,0.0,0.0,0.0,0.0,0.0,0.0,0.0,0.000310120689655,0.000310120689655,6.2024137931e-05,9.923862068959999e-05,0.0,12.0,217.0,205.0,82.12,89.7536,12.0,4,0.6536053855347277,0.6110543442831938,0.6006543735623902,0.6000474011882218,0.6000011251993493,2.0,2.52,1.56,0.56,0.3012048192771084,0.37951807228915657,0.23493975903614456,0.08433734939759036,d,Mn,-0.26654,d,Mn,-0.26654,0.0,,,
GdFeO3-type perovskite,"{'a': '5.8351 Ã…', 'b': '7.3728 Ã…', 'c': '5.2696 Ã…'}",Bi0.1Y0.9MnO3,44.0,Pnma,Bi0.1 Y0.9 Mn1 O3,8.0,83.0,75.0,18.48,12.576,8.0,12.0,87.0,75.0,66.47999999999999,25.4048,87.0,15.9994,208.9804,192.981,40.76991,29.724612,15.9994,54.8,1799.0,1744.2,671.388,744.98512,54.8,3.0,16.0,13.0,11.84,5.118399999999999,16.0,2.0,6.0,4.0,3.02,1.224,2.0,66.0,190.0,124.0,104.55999999999999,46.272,66.0,1.22,3.44,2.2199999999999998,2.634,0.9672000000000001,3.44,2.0,2.0,0.0,2.0,0.0,2.0,0.0,4.0,4.0,2.46,1.8695999999999997,4.0,0.0,10.0,10.0,1.3800000000000001,1.7928000000000002,0.0,0.0,14.0,14.0,0.28,0.5488000000000001,0.0,3.0,29.0,26.0,6.12,1.2672,6.0,0.0,0.0,0.0,0.0,0.0,0.0,0.0,3.0,3.0,1.26,0.9576,2.0,0.0,9.0,9.0,2.62,3.2488,0.0,0.0,0.0,0.0,0.0,0.0,0.0,2.0,9.0,7.0,3.88,2.2912,2.0,9.105,32.95,23.845000000000002,14.045217241380001,7.3513131034480015,9.105,0.0,0.0,0.0,0.0,0.0,0.0,0.0,0.000310120689655,0.000310120689655,6.2024137931e-05,9.923862068959999e-05,0.0,12.0,217.0,205.0,85.75999999999999,91.4624,12.0,4,0.657875368135941,0.6125504609266458,0.6007833837922739,0.6000579215727481,0.6000013703851839,2.0,2.46,1.3800000000000001,0.28,0.32679738562091504,0.40196078431372545,0.22549019607843138,0.04575163398692811,d,Mn,-0.26654,d,Mn,-0.26654,0.0,,,
Pnma,"{'a': '5.3986', 'b': '14.7040', 'c': '5.6041'}",Ca2FeGaO5,400.0,Pnma,Ca2 Fe1 Ga1 O5,8.0,31.0,23.0,15.222222222222221,8.024691358024691,8.0,7.0,87.0,80.0,64.22222222222223,27.48148148148148,87.0,15.9994,69.723,53.7236,31.74677777777778,17.49708641975309,15.9994,54.8,1811.0,1756.2,513.1011111111111,555.9325925925926,54.8,2.0,16.0,14.0,11.666666666666666,5.111111111111112,16.0,2.0,4.0,2.0,2.888888888888889,0.9876543209876544,2.0,66.0,176.0,110.0,104.0,42.22222222222222,66.0,1.0,3.44,2.44,2.537777777777778,1.002469135802469,3.44,2.0,2.0,0.0,2.0,0.0,2.0,0.0,4.0,4.0,2.3333333333333335,1.8518518518518516,4.0,0.0,10.0,10.0,1.7777777777777777,2.765432098765432,0.0,0.0,0.0,0.0,0.0,0.0,0.0,2.0,13.0,11.0,6.111111111111111,1.950617283950617,6.0,0.0,0.0,0.0,0.0,0.0,0.0,0.0,5.0,5.0,1.6666666666666667,1.111111111111111,2.0,0.0,4.0,4.0,0.4444444444444444,0.7901234567901235,0.0,0.0,0.0,0.0,0.0,0.0,0.0,0.0,5.0,5.0,2.111111111111111,1.0617283950617284,2.0,9.105,37.77,28.665000000000003,16.73916666666667,9.81777777777778,9.105,0.0,0.0,0.0,0.0,0.0,0.0,0.0,2.1106628,2.1106628,0.2345180888888889,0.41692104691358023,0.0,12.0,229.0,217.0,89.22222222222223,91.40740740740742,12.0,4,0.6186404847588913,0.5699919822255657,0.5567592174449368,0.5556875249643823,0.5555613920796212,2.0,2.3333333333333335,1.7777777777777777,0.0,0.32727272727272727,0.3818181818181819,0.2909090909090909,0.0,d,Fe,-0.295049,d,Fe,-0.295049,0.0,True,0.7742664595807831,0.16262954425253162
Pnma,"{'a': '5.429', 'b': '14.771', 'c': '5.559'}",Ca2Fe2O5,725.0,Pnma,Ca2 Fe2 O5,8.0,26.0,18.0,14.666666666666666,7.4074074074074066,8.0,7.0,87.0,80.0,62.111111111111114,27.65432098765432,87.0,15.9994,55.845,39.8456,30.204777777777778,15.783753086419754,15.9994,54.8,1811.0,1756.2,680.6666666666666,695.4074074074075,54.8,2.0,16.0,14.0,11.11111111111111,5.432098765432098,16.0,2.0,4.0,2.0,2.888888888888889,0.9876543209876544,2.0,66.0,176.0,110.0,105.11111111111111,43.456790123456784,66.0,1.0,3.44,2.44,2.54,1.0,3.44,2.0,2.0,0.0,2.0,0.0,2.0,0.0,4.0,4.0,2.2222222222222223,1.9753086419753088,4.0,0.0,6.0,6.0,1.3333333333333333,2.074074074074074,0.0,0.0,0.0,0.0,0.0,0.0,0.0,2.0,8.0,6.0,5.555555555555555,1.580246913580247,6.0,0.0,0.0,0.0,0.0,0.0,0.0,0.0,2.0,2.0,1.1111111111111112,0.9876543209876544,2.0,0.0,4.0,4.0,0.8888888888888888,1.382716049382716,0.0,0.0,0.0,0.0,0.0,0.0,0.0,0.0,4.0,4.0,2.0,0.8888888888888888,2.0,9.105,37.77,28.665000000000003,15.836111111111112,9.748395061728395,9.105,0.0,0.0,0.0,0.0,0.0,0.0,0.0,2.1106628,2.1106628,0.4690361777777778,0.7296118320987655,0.0,12.0,229.0,217.0,107.55555555555556,106.17283950617283,12.0,3,0.6382847385042254,0.5783142070438002,0.5578126955913372,0.5558152545684256,0.5555672053006344,2.0,2.2222222222222223,1.3333333333333333,0.0,0.36,0.4,0.24,0.0,d,Fe,-0.295049,d,Fe,-0.295049,0.0,True,0.7742664595807831,0.16228058320017663
Perovskite,,Gd0.75Ca0.25MnO3,56.0,,Gd0.75 Ca0.25 Mn1 O3,8.0,64.0,56.0,20.4,14.919999999999998,8.0,7.0,87.0,80.0,67.0,24.0,87.0,15.9994,157.25,141.2506,46.17864899999999,36.8251637,15.9994,54.8,1586.0,1531.2,630.33,690.6360000000001,54.8,2.0,16.0,14.0,11.55,5.34,16.0,2.0,6.0,4.0,3.1,1.3199999999999998,2.0,66.0,196.0,130.0,105.6,47.519999999999996,66.0,1.0,3.44,2.44,2.604,1.0032,3.44,2.0,2.0,0.0,2.0,0.0,2.0,0.0,4.0,4.0,2.4,1.9200000000000004,4.0,0.0,5.0,5.0,1.15,1.5399999999999998,0.0,0.0,7.0,7.0,1.05,1.7850000000000001,0.0,2.0,10.0,8.0,6.6,1.18,6.0,0.0,0.0,0.0,0.0,0.0,0.0,0.0,2.0,2.0,1.2,0.9600000000000002,2.0,0.0,9.0,9.0,2.35,3.0550000000000006,0.0,0.0,7.0,7.0,1.05,1.7850000000000001,0.0,0.0,16.0,16.0,4.6,3.5799999999999996,2.0,9.105,37.77,28.665000000000003,14.25651724138,7.689393103447999,9.105,0.0,0.0,0.0,0.0,0.0,0.0,0.0,0.000310120689655,0.000310120689655,6.2024137931e-05,9.923862068959999e-05,0.0,12.0,225.0,213.0,90.95,94.74000000000001,12.0,4,0.6519202405202649,0.610464574873397,0.6006102542827229,0.6000444167432825,0.6000010733180564,2.0,2.4,1.15,1.05,0.30303030303030304,0.36363636363636365,0.17424242424242423,0.15909090909090912,p,O,-0.338381,p,O,-0.338381,0.0,,,
Perovskite,,Bi0.9Ba0.1FeO3,644.45,,Bi0.9 Ba0.1 Fe1 O3,8.0,83.0,75.0,26.060000000000002,21.696000000000005,8.0,9.0,87.0,78.0,78.86,12.338400000000002,87.0,15.9994,208.9804,192.981,61.131651999999995,56.27336319999999,15.9994,54.8,1811.0,1756.2,513.072,549.9264,54.8,2.0,16.0,14.0,13.940000000000001,2.8535999999999992,16.0,2.0,6.0,4.0,3.2,1.44,2.0,66.0,215.0,149.0,96.94000000000001,37.128,66.0,0.89,3.44,2.55,2.8114,0.75432,3.44,2.0,2.0,0.0,2.0,0.0,2.0,0.0,4.0,4.0,2.94,1.2936,4.0,0.0,10.0,10.0,3.0,3.72,0.0,0.0,14.0,14.0,2.52,4.1328000000000005,0.0,2.0,29.0,27.0,10.459999999999999,6.674399999999999,6.0,0.0,0.0,0.0,0.0,0.0,0.0,0.0,3.0,3.0,1.7399999999999998,0.7656000000000002,2.0,0.0,4.0,4.0,0.8,1.28,0.0,0.0,0.0,0.0,0.0,0.0,0.0,0.0,4.0,4.0,2.54,0.7496,2.0,9.105,63.59,54.485,14.8118,8.48088,9.105,0.0,0.0,0.0,0.0,0.0,0.0,0.0,2.1106628,2.1106628,0.42213256,0.675412096,0.0,12.0,229.0,217.0,59.739999999999995,74.47439999999999,12.0,4,0.657875368135941,0.6125504609266458,0.6007833837922739,0.6000579215727481,0.6000013703851839,2.0,2.94,3.0,2.52,0.19120458891013387,0.28107074569789675,0.28680688336520077,0.24091778202676867,d,Fe,-0.295049,d,Fe,-0.295049,0.0,,,
Perovskite,,Bi0.85Ba0.15FeO3,646.45,,Bi0.85 Ba0.15 Fe1 O3,8.0,83.0,75.0,25.79,21.348000000000003,8.0,9.0,87.0,78.0,78.09,13.381399999999996,87.0,15.9994,208.9804,192.981,60.41511800000001,55.1269088,15.9994,54.8,1811.0,1756.2,517.6279999999999,555.3936,54.8,2.0,16.0,14.0,13.809999999999999,3.032600000000001,16.0,2.0,6.0,4.0,3.2,1.44,2.0,66.0,215.0,149.0,97.61,37.932,66.0,0.89,3.44,2.55,2.8001,0.7678799999999999,3.44,2.0,2.0,0.0,2.0,0.0,2.0,0.0,4.0,4.0,2.91,1.3386,4.0,0.0,10.0,10.0,2.9,3.653999999999999,0.0,0.0,14.0,14.0,2.38,3.9508,0.0,2.0,29.0,27.0,10.190000000000001,6.3954,6.0,0.0,0.0,0.0,0.0,0.0,0.0,0.0,3.0,3.0,1.7100000000000002,0.7865999999999997,2.0,0.0,4.0,4.0,0.8,1.28,0.0,0.0,0.0,0.0,0.0,0.0,0.0,0.0,4.0,4.0,2.5100000000000002,0.7626000000000001,2.0,9.105,63.59,54.485,15.118199999999998,8.971119999999999,9.105,0.0,0.0,0.0,0.0,0.0,0.0,0.0,2.1106628,2.1106628,0.42213256,0.675412096,0.0,12.0,229.0,217.0,61.910000000000004,76.8614,12.0,4,0.6555913361233505,0.6117498799922518,0.6007112899499814,0.60005174356962,0.6000012161393012,2.0,2.91,2.9,2.38,0.1962708537782139,0.28557409224730124,0.28459273797841017,0.23356231599607455,d,Fe,-0.295049,d,Fe,-0.295049,0.0,,,
Perovskite,,Bi0.8Ba0.2FeO3,653.35,,Bi0.8 Ba0.2 Fe1 O3,8.0,83.0,75.0,25.520000000000003,21.024,8.0,9.0,87.0,78.0,77.32000000000001,14.393599999999998,87.0,15.9994,208.9804,192.981,59.698584000000004,53.980454400000006,15.9994,54.8,1811.0,1756.2,522.184,560.8608,54.8,2.0,16.0,14.0,13.680000000000001,3.2063999999999995,16.0,2.0,6.0,4.0,3.2,1.44,2.0,66.0,215.0,149.0,98.28,38.736000000000004,66.0,0.89,3.44,2.55,2.7888,0.7814399999999999,3.44,2.0,2.0,0.0,2.0,0.0,2.0,0.0,4.0,4.0,2.88,1.3824,4.0,0.0,10.0,10.0,2.8,3.5839999999999996,0.0,0.0,14.0,14.0,2.24,3.7632000000000003,0.0,2.0,29.0,27.0,9.92,6.1056,6.0,0.0,0.0,0.0,0.0,0.0,0.0,0.0,3.0,3.0,1.6800000000000002,0.8064,2.0,0.0,4.0,4.0,0.8,1.28,0.0,0.0,0.0,0.0,0.0,0.0,0.0,0.0,4.0,4.0,2.48,0.7744,2.0,9.105,63.59,54.485,15.424600000000002,9.461360000000003,9.105,0.0,0.0,0.0,0.0,0.0,0.0,0.0,2.1106628,2.1106628,0.42213256,0.675412096,0.0,12.0,229.0,217.0,64.08,79.16159999999999,12.0,4,0.6536053855347277,0.6110543442831938,0.6006543735623902,0.6000474011882218,0.6000011251993493,2.0,2.88,2.8,2.24,0.20161290322580647,0.29032258064516125,0.282258064516129,0.22580645161290325,d,Fe,-0.295049,d,Fe,-0.295049,0.0,,,
Perovskite,,Bi0.75Ba0.25FeO3,659.35,,Bi0.75 Ba0.25 Fe1 O3,8.0,83.0,75.0,25.25,20.7,8.0,9.0,87.0,78.0,76.55,15.375,87.0,15.9994,208.9804,192.981,58.98205,52.834,15.9994,54.8,1811.0,1756.2,526.74,566.328,54.8,2.0,16.0,14.0,13.55,3.375,16.0,2.0,6.0,4.0,3.2,1.44,2.0,66.0,215.0,149.0,98.95,39.54,66.0,0.89,3.44,2.55,2.7775,0.7949999999999999,3.44,2.0,2.0,0.0,2.0,0.0,2.0,0.0,4.0,4.0,2.85,1.425,4.0,0.0,10.0,10.0,2.7,3.5100000000000002,0.0,0.0,14.0,14.0,2.1,3.5700000000000003,0.0,2.0,29.0,27.0,9.65,5.8050000000000015,6.0,0.0,0.0,0.0,0.0,0.0,0.0,0.0,3.0,3.0,1.65,0.825,2.0,0.0,4.0,4.0,0.8,1.28,0.0,0.0,0.0,0.0,0.0,0.0,0.0,0.0,4.0,4.0,2.45,0.785,2.0,9.105,63.59,54.485,15.731,9.951600000000001,9.105,0.0,0.0,0.0,0.0,0.0,0.0,0.0,2.1106628,2.1106628,0.42213256,0.675412096,0.0,12.0,229.0,217.0,66.25,81.375,12.0,4,0.6519202405202649,0.610464574873397,0.6006102542827229,0.6000444167432825,0.6000010733180564,2.0,2.85,2.7,2.1,0.20725388601036268,0.29533678756476683,0.27979274611398963,0.21761658031088082,d,Fe,-0.295049,d,Fe,-0.295049,0.0,,,
Perovskite rhombohedral,{'a': '3.967'},BiFe0.85Ni0.15O3,668.15,R3c,Bi1 Fe0.85 Ni0.15 O3,8.0,83.0,75.0,26.660000000000004,22.616400000000002,8.0,55.0,87.0,32.0,80.58,9.872000000000002,87.0,15.9994,208.9804,192.981,62.650172,58.5320912,15.9994,54.8,1811.0,1756.2,501.46999999999997,536.0039999999999,54.8,8.0,16.0,8.0,14.26,2.3840000000000003,16.0,2.0,6.0,4.0,3.2,1.44,2.0,66.0,148.0,82.0,95.36,35.232,66.0,1.83,3.44,1.6099999999999999,2.8364000000000003,0.7243199999999999,3.44,2.0,2.0,0.0,2.0,0.0,2.0,0.0,4.0,4.0,3.0,1.2,4.0,0.0,10.0,10.0,3.2600000000000002,3.9120000000000004,0.0,0.0,14.0,14.0,2.8,4.4799999999999995,0.0,6.0,29.0,23.0,11.059999999999999,7.175999999999999,6.0,0.0,0.0,0.0,0.0,0.0,0.0,0.0,3.0,3.0,1.8,0.72,2.0,0.0,4.0,4.0,0.74,1.184,0.0,0.0,0.0,0.0,0.0,0.0,0.0,2.0,4.0,2.0,2.54,0.6804,2.0,9.105,32.95,23.845000000000002,14.186700000000002,7.50532,9.105,0.0,0.0,0.0,0.0,0.0,0.0,0.0,2.1106628,2.1106628,0.376674517,0.6026792272,0.0,12.0,229.0,217.0,55.279999999999994,69.248,12.0,4,0.6555913361233505,0.6117498799922518,0.6007112899499814,0.60005174356962,0.6000012161393012,2.0,3.0,3.2600000000000002,2.8,0.18083182640144668,0.27124773960217,0.2947558770343581,0.25316455696202533,d,Fe,-0.295049,d,Fe,-0.295049,0.0,,,
Perovskite rhombohedral,{'a': '3.9713'},BiFe0.80Ni0.20O3,663.15,R3c,Bi1 Fe0.8 Ni0.2 O3,8.0,83.0,75.0,26.679999999999996,22.6336,8.0,55.0,87.0,32.0,80.64,9.776,87.0,15.9994,208.9804,192.981,62.678656000000004,58.52069759999999,15.9994,54.8,1811.0,1756.2,500.64000000000004,535.008,54.8,8.0,16.0,8.0,14.280000000000001,2.3519999999999994,16.0,2.0,6.0,4.0,3.2,1.44,2.0,66.0,148.0,82.0,95.28,35.136,66.0,1.83,3.44,1.6099999999999999,2.8372,0.7233599999999999,3.44,2.0,2.0,0.0,2.0,0.0,2.0,0.0,4.0,4.0,3.0,1.2,4.0,0.0,10.0,10.0,3.2800000000000002,3.936,0.0,0.0,14.0,14.0,2.8,4.4799999999999995,0.0,6.0,29.0,23.0,11.08,7.168000000000001,6.0,0.0,0.0,0.0,0.0,0.0,0.0,0.0,3.0,3.0,1.8,0.72,2.0,0.0,4.0,4.0,0.72,1.1520000000000001,0.0,0.0,0.0,0.0,0.0,0.0,0.0,2.0,4.0,2.0,2.5200000000000005,0.6656000000000002,2.0,9.105,32.95,23.845000000000002,14.182600000000003,7.506960000000002,9.105,0.0,0.0,0.0,0.0,0.0,0.0,0.0,2.1106628,2.1106628,0.36152183600000004,0.5784349376,0.0,12.0,229.0,217.0,55.24000000000001,69.18400000000001,12.0,4,0.6536053855347277,0.6110543442831938,0.6006543735623902,0.6000474011882218,0.6000011251993493,2.0,3.0,3.2800000000000002,2.8,0.18050541516245489,0.27075812274368233,0.29602888086642604,0.2527075812274368,d,Fe,-0.295049,d,Fe,-0.295049,0.0,,,
Perovskite rhombohedral,{'a': '3.9753'},BiFe0.75Ni0.25O3,661.15,R3c,Bi1 Fe0.75 Ni0.25 O3,8.0,83.0,75.0,26.7,22.65,8.0,55.0,87.0,32.0,80.7,9.679999999999998,87.0,15.9994,208.9804,192.981,62.70714,58.509304,15.9994,54.8,1811.0,1756.2,499.81000000000006,534.0120000000001,54.8,8.0,16.0,8.0,14.3,2.3199999999999994,16.0,2.0,6.0,4.0,3.2,1.44,2.0,66.0,148.0,82.0,95.2,35.04,66.0,1.83,3.44,1.6099999999999999,2.838,0.7223999999999999,3.44,2.0,2.0,0.0,2.0,0.0,2.0,0.0,4.0,4.0,3.0,1.2,4.0,0.0,10.0,10.0,3.3,3.96,0.0,0.0,14.0,14.0,2.8,4.4799999999999995,0.0,6.0,29.0,23.0,11.1,7.159999999999999,6.0,0.0,0.0,0.0,0.0,0.0,0.0,0.0,3.0,3.0,1.8,0.72,2.0,0.0,4.0,4.0,0.7,1.1199999999999999,0.0,0.0,0.0,0.0,0.0,0.0,0.0,2.0,4.0,2.0,2.5,0.65,2.0,9.105,32.95,23.845000000000002,14.1785,7.508600000000001,9.105,0.0,0.0,0.0,0.0,0.0,0.0,0.0,2.1106628,2.1106628,0.346369155,0.554190648,0.0,12.0,229.0,217.0,55.2,69.12,12.0,4,0.6519202405202649,0.610464574873397,0.6006102542827229,0.6000444167432825,0.6000010733180564,2.0,3.0,3.3,2.8,0.1801801801801802,0.2702702702702703,0.2972972972972973,0.25225225225225223,d,Fe,-0.295049,d,Fe,-0.295049,0.0,,,
Distorted perovskite-type,,CaMn0.98V0.02O3,118.0,Pnma,Ca1 Mn0.98 V0.02 O3,8.0,25.0,17.0,13.792000000000002,6.9504,8.0,7.0,87.0,80.0,63.976,27.628800000000002,87.0,15.9994,54.938045,38.938645,28.58686282,15.104955384000002,15.9994,54.8,2183.0,2128.2,562.336,609.0432,54.8,2.0,16.0,14.0,11.392,5.5296,16.0,2.0,4.0,2.0,2.8,0.96,2.0,66.0,176.0,110.0,102.65599999999999,43.987199999999994,66.0,1.0,3.44,2.44,2.57432,1.038816,3.44,2.0,2.0,0.0,2.0,0.0,2.0,0.0,4.0,4.0,2.4,1.9200000000000004,4.0,0.0,5.0,5.0,0.992,1.5872,0.0,0.0,0.0,0.0,0.0,0.0,0.0,2.0,7.0,5.0,5.392,1.3599359999999998,6.0,0.0,0.0,0.0,0.0,0.0,0.0,0.0,2.0,2.0,1.2,0.9600000000000002,2.0,0.0,7.0,7.0,1.008,1.6128,0.0,0.0,0.0,0.0,0.0,0.0,0.0,0.0,7.0,7.0,2.2079999999999997,1.1328,2.0,9.105,37.77,28.665000000000003,15.124606896552399,9.058157241379039,9.105,0.0,0.0,0.0,0.0,0.0,0.0,0.0,0.000310120689655,0.000310120689655,6.0783655172379996e-05,9.774011751718702e-05,0.0,12.0,229.0,217.0,95.648,100.3776,12.0,4,0.6621419787326582,0.6140477916588719,0.6009372749434887,0.600073189966851,0.6000018463116856,2.0,2.4,0.992,0.0,0.37091988130563797,0.4451038575667655,0.18397626112759644,0.0,d,Mn,-0.26654,d,Mn,-0.26654,0.0,,,
Distorted perovskite-type,,CaMn0.96V0.04O3,111.0,Pnma,Ca1 Mn0.96 V0.04 O3,8.0,25.0,17.0,13.784,6.9408,8.0,7.0,87.0,80.0,63.952,27.657600000000002,87.0,15.9994,54.938045,38.938645,28.57087664,15.085771968,15.9994,54.8,2183.0,2128.2,564.992,612.2304,54.8,2.0,16.0,14.0,11.384,5.539199999999999,16.0,2.0,4.0,2.0,2.8,0.96,2.0,66.0,176.0,110.0,102.71199999999999,44.0544,66.0,1.0,3.44,2.44,2.57464,1.0384319999999998,3.44,2.0,2.0,0.0,2.0,0.0,2.0,0.0,4.0,4.0,2.4,1.9200000000000004,4.0,0.0,5.0,5.0,0.984,1.5743999999999998,0.0,0.0,0.0,0.0,0.0,0.0,0.0,2.0,7.0,5.0,5.3839999999999995,1.3597440000000005,6.0,0.0,0.0,0.0,0.0,0.0,0.0,0.0,2.0,2.0,1.2,0.9600000000000002,2.0,0.0,7.0,7.0,1.016,1.6256,0.0,0.0,0.0,0.0,0.0,0.0,0.0,0.0,7.0,7.0,2.216,1.1456000000000004,2.0,9.105,37.77,28.665000000000003,15.1346965517248,9.05412137931008,9.105,0.0,0.0,0.0,0.0,0.0,0.0,0.0,0.000310120689655,0.000310120689655,5.9543172413759995e-05,9.622176662063615e-05,0.0,12.0,229.0,217.0,95.696,100.4352,12.0,4,0.6610052949863564,0.6136486511402433,0.6008938134169709,0.6000686202878993,0.6000016916237505,2.0,2.4,0.984,0.0,0.37147102526002973,0.4457652303120357,0.18276374442793464,0.0,d,Mn,-0.26654,d,Mn,-0.26654,0.0,,,
Distorted perovskite-type,,CaMn0.94V0.06O3,99.0,Pnma,Ca1 Mn0.94 V0.06 O3,8.0,25.0,17.0,13.776,6.9312,8.0,7.0,87.0,80.0,63.928,27.686400000000003,87.0,15.9994,54.938045,38.938645,28.554890460000003,15.066588552000002,15.9994,54.8,2183.0,2128.2,567.6479999999999,615.4176,54.8,2.0,16.0,14.0,11.376000000000001,5.5488,16.0,2.0,4.0,2.0,2.8,0.96,2.0,66.0,176.0,110.0,102.76799999999999,44.121599999999994,66.0,1.0,3.44,2.44,2.57496,1.038048,3.44,2.0,2.0,0.0,2.0,0.0,2.0,0.0,4.0,4.0,2.4,1.9200000000000004,4.0,0.0,5.0,5.0,0.9759999999999998,1.5615999999999997,0.0,0.0,0.0,0.0,0.0,0.0,0.0,2.0,7.0,5.0,5.376,1.359424,6.0,0.0,0.0,0.0,0.0,0.0,0.0,0.0,2.0,2.0,1.2,0.9600000000000002,2.0,0.0,7.0,7.0,1.0239999999999998,1.6383999999999996,0.0,0.0,0.0,0.0,0.0,0.0,0.0,0.0,7.0,7.0,2.2239999999999998,1.1583999999999997,2.0,9.105,37.77,28.665000000000003,15.1447862068972,9.05008551724112,9.105,0.0,0.0,0.0,0.0,0.0,0.0,0.0,0.000310120689655,0.000310120689655,5.830268965513999e-05,9.468356799994734e-05,0.0,12.0,229.0,217.0,95.744,100.4928,12.0,4,0.6599151460604613,0.6132660081529846,0.6008538158186877,0.6000645873141169,0.6000015633765924,2.0,2.4,0.9759999999999998,0.0,0.3720238095238095,0.4464285714285714,0.18154761904761899,0.0,d,Mn,-0.26654,d,Mn,-0.26654,0.0,,,
Distorted perovskite-type,,CaMn0.92V0.08O3,102.0,Pnma,Ca1 Mn0.92 V0.08 O3,8.0,25.0,17.0,13.768,6.921600000000001,8.0,7.0,87.0,80.0,63.903999999999996,27.715200000000003,87.0,15.9994,54.938045,38.938645,28.538904280000004,15.047405136000004,15.9994,54.8,2183.0,2128.2,570.304,618.6048000000001,54.8,2.0,16.0,14.0,11.368,5.558400000000001,16.0,2.0,4.0,2.0,2.8,0.96,2.0,66.0,176.0,110.0,102.824,44.1888,66.0,1.0,3.44,2.44,2.5752800000000002,1.037664,3.44,2.0,2.0,0.0,2.0,0.0,2.0,0.0,4.0,4.0,2.4,1.9200000000000004,4.0,0.0,5.0,5.0,0.9680000000000002,1.5488000000000004,0.0,0.0,0.0,0.0,0.0,0.0,0.0,2.0,7.0,5.0,5.368,1.3589759999999997,6.0,0.0,0.0,0.0,0.0,0.0,0.0,0.0,2.0,2.0,1.2,0.9600000000000002,2.0,0.0,7.0,7.0,1.032,1.6512,0.0,0.0,0.0,0.0,0.0,0.0,0.0,0.0,7.0,7.0,2.232,1.1712000000000002,2.0,9.105,37.77,28.665000000000003,15.154875862069598,9.04604965517216,9.105,0.0,0.0,0.0,0.0,0.0,0.0,0.0,0.000310120689655,0.000310120689655,5.706220689652e-05,9.312552165512063e-05,0.0,12.0,229.0,217.0,95.792,100.5504,12.0,4,0.6588717629402553,0.6128999248504196,0.600817072743709,0.6000610374780148,0.6000014574737336,2.0,2.4,0.9680000000000002,0.0,0.37257824143070045,0.4470938897168405,0.18032786885245905,0.0,d,Mn,-0.26654,d,Mn,-0.26654,0.0,,,
Distorted perovskite-type,,CaMnO3,121.0,Pnma,Ca1 Mn1 O3,8.0,25.0,17.0,13.8,6.959999999999999,8.0,7.0,87.0,80.0,64.0,27.6,87.0,15.9994,54.938045,38.938645,28.602849000000003,15.124138800000003,15.9994,54.8,1519.0,1464.2,559.6800000000001,605.856,54.8,2.0,16.0,14.0,11.4,5.5200000000000005,16.0,2.0,4.0,2.0,2.8,0.96,2.0,66.0,176.0,110.0,102.6,43.92,66.0,1.0,3.44,2.44,2.5740000000000003,1.0392,3.44,2.0,2.0,0.0,2.0,0.0,2.0,0.0,4.0,4.0,2.4,1.9200000000000004,4.0,0.0,5.0,5.0,1.0,1.6,0.0,0.0,0.0,0.0,0.0,0.0,0.0,2.0,7.0,5.0,5.4,1.3599999999999999,6.0,0.0,0.0,0.0,0.0,0.0,0.0,0.0,2.0,2.0,1.2,0.9600000000000002,2.0,0.0,5.0,5.0,1.0,1.6,0.0,0.0,0.0,0.0,0.0,0.0,0.0,0.0,5.0,5.0,2.2,1.12,2.0,9.105,37.77,28.665000000000003,15.11451724138,9.062193103448001,9.105,0.0,0.0,0.0,0.0,0.0,0.0,0.0,0.000310120689655,0.000310120689655,6.2024137931e-05,9.923862068959999e-05,0.0,12.0,225.0,213.0,95.6,100.32000000000001,12.0,3,0.6633249580710799,0.6144633651371695,0.6009844187491661,0.6000783545597032,0.6000020321795635,2.0,2.4,1.0,0.0,0.37037037037037035,0.4444444444444444,0.18518518518518517,0.0,d,Mn,-0.26654,d,Mn,-0.26654,0.0,True,0.7742664595807831,0.1666955745069561
GdFeO3 type distorted perovskite,,HoFeO3,647.0,Pbnm,Ho1 Fe1 O3,8.0,67.0,59.0,23.4,18.48,8.0,33.0,87.0,54.0,69.8,20.64,87.0,15.9994,164.93032,148.93092,53.75470399999999,45.3063648,15.9994,54.8,1811.0,1756.2,744.48,827.616,54.8,3.0,16.0,13.0,11.8,5.04,16.0,2.0,6.0,4.0,3.2,1.44,2.0,66.0,192.0,126.0,104.4,46.08,66.0,1.23,3.44,2.21,2.676,0.9168,3.44,2.0,2.0,0.0,2.0,0.0,2.0,0.0,4.0,4.0,2.4,1.9200000000000004,4.0,0.0,6.0,6.0,1.2,1.92,0.0,0.0,11.0,11.0,2.2,3.5200000000000005,0.0,6.0,13.0,7.0,7.8,2.16,6.0,0.0,0.0,0.0,0.0,0.0,0.0,0.0,2.0,2.0,1.2,0.9600000000000002,2.0,0.0,4.0,4.0,0.8,1.28,0.0,0.0,3.0,3.0,0.6,0.96,0.0,2.0,4.0,2.0,2.6,0.72,2.0,9.105,30.7333333333,21.6283333333,13.75566666666,6.791066666655999,9.105,0.0,0.0,0.0,0.0,0.0,0.0,0.0,2.1106628,2.1106628,0.42213256,0.675412096,0.0,12.0,229.0,217.0,91.8,95.75999999999999,12.0,3,0.6633249580710799,0.6144633651371695,0.6009844187491661,0.6000783545597032,0.6000020321795635,2.0,2.4,1.2,2.2,0.25641025641025644,0.3076923076923077,0.15384615384615385,0.2820512820512821,f,Ho,-0.272677,f,Ho,-0.272677,0.0,True,0.7050722889619607,0.14528208694540962
GdFeO3 type distorted perovskite,,HoFe0.75Cr0.25O3,495.0,Pbnm,Ho1 Fe0.75 Cr0.25 O3,8.0,67.0,59.0,23.3,18.360000000000003,8.0,33.0,87.0,54.0,69.5,21.0,87.0,15.9994,164.93032,148.93092,53.562259,45.2320467,15.9994,54.8,2180.0,2125.2,762.9300000000001,849.7560000000001,54.8,3.0,16.0,13.0,11.7,5.16,16.0,2.0,6.0,4.0,3.2,1.44,2.0,66.0,192.0,126.0,104.75,46.5,66.0,1.23,3.44,2.21,2.6675,0.9269999999999999,3.44,1.0,2.0,1.0,1.95,0.09500000000000004,2.0,0.0,4.0,4.0,2.4,1.92,4.0,0.0,6.0,6.0,1.15,1.8399999999999999,0.0,0.0,11.0,11.0,2.2,3.5200000000000005,0.0,6.0,13.0,7.0,7.7,2.21,6.0,0.0,1.0,1.0,0.05,0.095,0.0,0.0,2.0,2.0,1.2,0.96,2.0,0.0,5.0,5.0,0.85,1.3599999999999999,0.0,0.0,3.0,3.0,0.6,0.9599999999999997,0.0,2.0,6.0,4.0,2.7,0.8400000000000001,2.0,9.105,30.7333333333,21.6283333333,13.778666666659998,6.781866666655998,9.105,0.0,0.0,0.0,0.0,0.0,0.0,0.0,2.1106628,2.1106628,0.31659942,0.538219014,0.0,12.0,229.0,217.0,91.8,95.75999999999999,12.0,4,0.6519202405202649,0.610464574873397,0.6006102542827229,0.6000444167432825,0.6000010733180564,1.95,2.4,1.15,2.2,0.2532467532467532,0.3116883116883117,0.14935064935064934,0.28571428571428575,f,Ho,-0.272677,f,Ho,-0.272677,0.0,,,
GdFeO3 type distorted perovskite,,HoFe0.5Cr0.5O3,273.0,Pbnm,Ho1 Fe0.5 Cr0.5 O3,8.0,67.0,59.0,23.2,18.24,8.0,33.0,87.0,54.0,69.2,21.36,87.0,15.9994,164.93032,148.93092,53.369814,45.1192396,15.9994,54.8,2180.0,2125.2,781.38,871.896,54.8,3.0,16.0,13.0,11.6,5.279999999999999,16.0,2.0,6.0,4.0,3.2,1.44,2.0,66.0,192.0,126.0,105.1,46.92,66.0,1.23,3.44,2.21,2.659,0.9372,3.44,1.0,2.0,1.0,1.9,0.18000000000000008,2.0,0.0,4.0,4.0,2.4,1.9200000000000004,4.0,0.0,6.0,6.0,1.1,1.7600000000000002,0.0,0.0,11.0,11.0,2.2,3.5200000000000005,0.0,6.0,13.0,7.0,7.6,2.2399999999999998,6.0,0.0,1.0,1.0,0.1,0.18000000000000002,0.0,0.0,2.0,2.0,1.2,0.9600000000000002,2.0,0.0,5.0,5.0,0.9,1.44,0.0,0.0,3.0,3.0,0.6,0.9599999999999997,0.0,2.0,6.0,4.0,2.8,0.96,2.0,9.105,30.7333333333,21.6283333333,13.801666666660001,6.772666666655999,9.105,0.0,0.0,0.0,0.0,0.0,0.0,0.0,2.1106628,2.1106628,0.21106628,0.37991930399999996,0.0,12.0,229.0,217.0,91.8,95.75999999999999,12.0,4,0.648074069840786,0.6091199348919785,0.6005237760880777,0.6000397970967368,0.6000010180820754,1.9,2.4,1.1,2.2,0.25,0.3157894736842105,0.14473684210526316,0.2894736842105263,f,Ho,-0.272677,f,Ho,-0.272677,0.0,,,
GdFeO3 type distorted perovskite,,HoFe0.25Cr0.75O3,157.0,Pbnm,Ho1 Fe0.25 Cr0.75 O3,8.0,67.0,59.0,23.1,18.119999999999997,8.0,33.0,87.0,54.0,68.9,21.72,87.0,15.9994,164.93032,148.93092,53.177369,44.967943500000004,15.9994,54.8,2180.0,2125.2,799.83,894.0360000000001,54.8,3.0,16.0,13.0,11.5,5.4,16.0,2.0,6.0,4.0,3.2,1.44,2.0,66.0,192.0,126.0,105.45,47.339999999999996,66.0,1.23,3.44,2.21,2.6505,0.9474,3.44,1.0,2.0,1.0,1.85,0.25499999999999995,2.0,0.0,4.0,4.0,2.4,1.9200000000000004,4.0,0.0,6.0,6.0,1.05,1.6800000000000002,0.0,0.0,11.0,11.0,2.2,3.5200000000000005,0.0,6.0,13.0,7.0,7.5,2.25,6.0,0.0,1.0,1.0,0.15,0.255,0.0,0.0,2.0,2.0,1.2,0.9600000000000002,2.0,0.0,5.0,5.0,0.95,1.52,0.0,0.0,3.0,3.0,0.6,0.96,0.0,2.0,6.0,4.0,2.9,1.08,2.0,9.105,30.7333333333,21.6283333333,13.824666666659999,6.763466666655999,9.105,0.0,0.0,0.0,0.0,0.0,0.0,0.0,2.1106628,2.1106628,0.10553314,0.20051296600000001,0.0,12.0,229.0,217.0,91.8,95.75999999999999,12.0,4,0.6519202405202649,0.610464574873397,0.6006102542827229,0.6000444167432825,0.6000010733180564,1.85,2.4,1.05,2.2,0.24666666666666667,0.32,0.14,0.29333333333333333,f,Ho,-0.272677,f,Ho,-0.272677,0.0,,,
GdFeO3 type distorted perovskite,,HoCrO3,142.0,Pbnm,Ho1 Cr1 O3,8.0,67.0,59.0,23.0,18.0,8.0,33.0,87.0,54.0,68.6,22.080000000000002,87.0,15.9994,164.93032,148.93092,52.984924,44.778158399999995,15.9994,54.8,2180.0,2125.2,818.28,916.176,54.8,3.0,16.0,13.0,11.4,5.5200000000000005,16.0,2.0,6.0,4.0,3.2,1.44,2.0,66.0,192.0,126.0,105.8,47.760000000000005,66.0,1.23,3.44,2.21,2.6420000000000003,0.9576,3.44,1.0,2.0,1.0,1.8,0.31999999999999995,2.0,0.0,4.0,4.0,2.4,1.9200000000000004,4.0,0.0,5.0,5.0,1.0,1.6,0.0,0.0,11.0,11.0,2.2,3.5200000000000005,0.0,6.0,13.0,7.0,7.4,2.24,6.0,0.0,1.0,1.0,0.2,0.32,0.0,0.0,2.0,2.0,1.2,0.9600000000000002,2.0,0.0,5.0,5.0,1.0,1.6,0.0,0.0,3.0,3.0,0.6,0.96,0.0,2.0,6.0,4.0,3.0,1.2,2.0,9.105,30.7333333333,21.6283333333,13.84766666666,6.754266666655999,9.105,0.0,0.0,0.0,0.0,0.0,0.0,0.0,0.0,0.0,0.0,0.0,0.0,12.0,229.0,217.0,91.8,95.75999999999999,12.0,3,0.6633249580710799,0.6144633651371695,0.6009844187491661,0.6000783545597032,0.6000020321795635,1.8,2.4,1.0,2.2,0.24324324324324323,0.3243243243243243,0.13513513513513511,0.2972972972972973,f,Ho,-0.272677,f,Ho,-0.272677,0.0,True,0.7050722889619607,0.1520684640497716
Perovskite,,La0.5Sr0.5Mn0.85Ti0.15O3,80.0,,La0.5 Sr0.5 Mn0.85 Ti0.15 O3,8.0,57.0,49.0,19.21,13.452000000000002,8.0,8.0,87.0,79.0,64.42999999999999,27.084000000000003,87.0,15.9994,138.90547,122.90607000000001,43.02766465,32.43391758,15.9994,54.8,1941.0,1886.2,573.64,622.608,54.8,2.0,16.0,14.0,11.41,5.508,16.0,2.0,6.0,4.0,3.1,1.3199999999999998,2.0,66.0,207.0,141.0,108.22999999999999,50.676,66.0,0.95,3.44,2.49,2.5787,1.03356,3.44,2.0,2.0,0.0,2.0,0.0,2.0,0.0,4.0,4.0,2.4,1.9200000000000004,4.0,0.0,5.0,5.0,1.01,1.4160000000000001,0.0,0.0,0.0,0.0,0.0,0.0,0.0,2.0,7.0,5.0,5.409999999999999,1.2486000000000004,6.0,0.0,0.0,0.0,0.0,0.0,0.0,0.0,2.0,2.0,1.2,0.9600000000000002,2.0,0.0,9.0,9.0,1.9899999999999998,2.786,0.0,0.0,0.0,0.0,0.0,0.0,0.0,0.0,9.0,9.0,3.19,2.066,2.0,9.105,54.23,45.125,16.859339655173,11.4817641379308,9.105,0.0,0.0,0.0,0.0,0.0,0.0,0.0,0.000310120689655,0.000310120689655,5.339651724134899e-05,8.728621862064133e-05,0.0,12.0,225.0,213.0,91.81,95.772,12.0,5,0.6401562309311689,0.6063583077830397,0.60024980733313,0.6000131758435697,0.6000002020293997,2.0,2.4,1.01,0.0,0.3696857670979668,0.44362292051756014,0.18669131238447323,0.0,d,Mn,-0.26654,d,Mn,-0.26654,0.0,,,
Perovskite,,La0.5Sr0.5Mn0.825Ti0.175O3,80.0,,La0.5 Sr0.5 Mn0.825 Ti0.175 O3,8.0,57.0,49.0,19.195,13.434000000000001,8.0,8.0,87.0,79.0,64.385,27.137999999999998,87.0,15.9994,138.90547,122.90607000000001,42.992309425,32.391491310000006,15.9994,54.8,1941.0,1886.2,575.7500000000001,625.14,54.8,2.0,16.0,14.0,11.395,5.526,16.0,2.0,6.0,4.0,3.1,1.3199999999999998,2.0,66.0,207.0,141.0,108.335,50.802,66.0,0.95,3.44,2.49,2.57865,1.03362,3.44,2.0,2.0,0.0,2.0,0.0,2.0,0.0,4.0,4.0,2.4,1.9200000000000004,4.0,0.0,5.0,5.0,0.9949999999999999,1.3929999999999998,0.0,0.0,0.0,0.0,0.0,0.0,0.0,2.0,7.0,5.0,5.395,1.2556500000000002,6.0,0.0,0.0,0.0,0.0,0.0,0.0,0.0,2.0,2.0,1.2,0.9600000000000002,2.0,0.0,9.0,9.0,2.005,2.807,0.0,0.0,0.0,0.0,0.0,0.0,0.0,0.0,9.0,9.0,3.2049999999999996,2.0869999999999997,2.0,9.105,54.23,45.125,16.8903517241385,11.4693593103446,9.105,0.0,0.0,0.0,0.0,0.0,0.0,0.0,0.000310120689655,0.000310120689655,5.195858045974049e-05,8.519349603443562e-05,0.0,12.0,225.0,213.0,91.695,95.63399999999999,12.0,5,0.639100930996036,0.6059909085254297,0.6002195162071046,0.6000108068767148,0.6000001503995723,2.0,2.4,0.9949999999999999,0.0,0.37071362372567196,0.4448563484708063,0.18443002780352177,0.0,d,Mn,-0.26654,d,Mn,-0.26654,0.0,,,
Perovskite,,La0.5Sr0.5Mn0.8Ti0.2O3,80.0,,La0.5 Sr0.5 Mn0.8 Ti0.2 O3,8.0,57.0,49.0,19.18,13.416,8.0,8.0,87.0,79.0,64.34,27.191999999999997,87.0,15.9994,138.90547,122.90607000000001,42.9569542,32.34906504,15.9994,54.8,1941.0,1886.2,577.8599999999999,627.672,54.8,2.0,16.0,14.0,11.38,5.544,16.0,2.0,6.0,4.0,3.1,1.32,2.0,66.0,207.0,141.0,108.44000000000001,50.928000000000004,66.0,0.95,3.44,2.49,2.5786000000000002,1.03368,3.44,2.0,2.0,0.0,2.0,0.0,2.0,0.0,4.0,4.0,2.4,1.9200000000000004,4.0,0.0,5.0,5.0,0.9800000000000001,1.372,0.0,0.0,0.0,0.0,0.0,0.0,0.0,2.0,7.0,5.0,5.380000000000001,1.2623999999999995,6.0,0.0,0.0,0.0,0.0,0.0,0.0,0.0,2.0,2.0,1.2,0.9600000000000002,2.0,0.0,9.0,9.0,2.02,2.8280000000000003,0.0,0.0,0.0,0.0,0.0,0.0,0.0,0.0,9.0,9.0,3.22,2.1079999999999997,2.0,9.105,54.23,45.125,16.921363793104,11.4569544827584,9.105,0.0,0.0,0.0,0.0,0.0,0.0,0.0,0.000310120689655,0.000310120689655,5.0520643678132e-05,8.307201471259776e-05,0.0,12.0,225.0,213.0,91.58000000000001,95.49600000000001,12.0,5,0.6381222453417527,0.6056503263595132,0.6001927156686403,0.6000088317871388,0.6000001110880645,2.0,2.4,0.9800000000000001,0.0,0.3717472118959107,0.4460966542750929,0.1821561338289963,0.0,d,Mn,-0.26654,d,Mn,-0.26654,0.0,,,
Perovskite,,LaMnO3,137.5,,La1 Mn1 O3,8.0,57.0,49.0,21.2,15.839999999999998,8.0,13.0,87.0,74.0,65.2,26.160000000000004,87.0,15.9994,138.90547,122.90607000000001,48.368343,38.8427316,15.9994,54.8,1519.0,1464.2,575.28,624.576,54.8,3.0,16.0,13.0,11.6,5.279999999999999,16.0,2.0,6.0,4.0,3.2,1.44,2.0,66.0,207.0,141.0,108.8,51.35999999999999,66.0,1.1,3.44,2.34,2.5940000000000003,1.0151999999999997,3.44,2.0,2.0,0.0,2.0,0.0,2.0,0.0,4.0,4.0,2.4,1.9200000000000004,4.0,0.0,5.0,5.0,1.2,1.52,0.0,0.0,0.0,0.0,0.0,0.0,0.0,3.0,7.0,4.0,5.6,1.0400000000000003,6.0,0.0,0.0,0.0,0.0,0.0,0.0,0.0,2.0,2.0,1.2,0.9600000000000002,2.0,0.0,9.0,9.0,2.8,3.3599999999999994,0.0,0.0,0.0,0.0,0.0,0.0,0.0,2.0,9.0,7.0,4.0,2.4,2.0,9.105,36.8975,27.7925,14.94001724138,8.782993103448,9.105,0.0,0.0,0.0,0.0,0.0,0.0,0.0,0.000310120689655,0.000310120689655,6.2024137931e-05,9.923862068959999e-05,0.0,12.0,217.0,205.0,89.4,92.88,12.0,3,0.6633249580710799,0.6144633651371695,0.6009844187491661,0.6000783545597032,0.6000020321795635,2.0,2.4,1.2,0.0,0.35714285714285715,0.4285714285714286,0.2142857142857143,0.0,d,Mn,-0.26654,d,Mn,-0.26654,0.0,False,0.7456133690005962,0.16231835307545583
Perovskite,,LaSr2Mn2O7,170.0,,La1 Sr2 Mn2 O7,8.0,57.0,49.0,19.916666666666668,13.902777777777777,8.0,8.0,87.0,79.0,61.833333333333336,29.361111111111114,87.0,15.9994,138.90547,122.90607000000001,44.66811333333334,33.44683222222222,15.9994,54.8,1519.0,1464.2,559.5500000000001,588.875,54.8,2.0,16.0,14.0,11.083333333333334,5.736111111111112,16.0,2.0,6.0,4.0,3.1666666666666665,1.3611111111111114,2.0,66.0,207.0,141.0,111.41666666666667,52.98611111111111,66.0,0.95,3.44,2.49,2.515,1.0791666666666666,3.44,2.0,2.0,0.0,2.0,0.0,2.0,0.0,4.0,4.0,2.3333333333333335,1.9444444444444446,4.0,0.0,5.0,5.0,0.9166666666666666,1.375,0.0,0.0,0.0,0.0,0.0,0.0,0.0,2.0,7.0,5.0,5.25,1.4583333333333333,6.0,0.0,0.0,0.0,0.0,0.0,0.0,0.0,2.0,2.0,1.1666666666666667,0.9722222222222223,2.0,0.0,9.0,9.0,1.5833333333333333,2.375,0.0,0.0,0.0,0.0,0.0,0.0,0.0,0.0,9.0,9.0,2.75,1.7916666666666667,2.0,9.105,54.23,45.125,19.17230603448333,14.640096982758331,9.105,0.0,0.0,0.0,0.0,0.0,0.0,0.0,0.000310120689655,0.000310120689655,5.1686781609166664e-05,8.614463601527778e-05,0.0,12.0,225.0,213.0,96.83333333333333,98.97222222222221,12.0,4,0.6346477588219924,0.5928155507483438,0.583783837840896,0.5833593353792463,0.5833337564663699,2.0,2.3333333333333335,0.9166666666666666,0.0,0.38095238095238093,0.4444444444444445,0.1746031746031746,0.0,d,Mn,-0.26654,d,Mn,-0.26654,0.0,False,0.7877573323062756,0.17340489016603927
Antiperovskite,{'a': '3.905 Ã…'},Mn3Cu0.8Si0.2N,127.0,Pm3m,Mn3 Cu0.8 Si0.2 N1,7.0,29.0,22.0,21.6,6.447999999999999,25.0,52.0,82.0,30.0,60.959999999999994,10.751999999999999,52.0,14.0067,63.546,49.5393,47.054947000000006,14.736854559999998,54.938045,63.05,1687.0,1623.95,1208.7332000000001,458.27328,1519.0,7.0,15.0,8.0,9.52,3.024,7.0,2.0,4.0,2.0,3.5599999999999996,0.6688000000000003,4.0,71.0,139.0,68.0,123.16000000000001,21.836799999999993,139.0,1.55,3.04,1.49,1.918,0.4488,1.55,1.0,2.0,1.0,1.8399999999999999,0.2688000000000001,2.0,0.0,3.0,3.0,0.6799999999999999,1.0336,0.0,0.0,10.0,10.0,4.6,2.208,5.0,0.0,0.0,0.0,0.0,0.0,0.0,4.0,11.0,7.0,7.12,1.2416000000000003,7.0,0.0,1.0,1.0,0.16,0.26880000000000004,0.0,0.0,4.0,4.0,0.76,1.1552000000000002,0.0,0.0,5.0,5.0,3.0,2.4,5.0,0.0,0.0,0.0,0.0,0.0,0.0,1.0,5.0,4.0,3.9200000000000004,1.3023999999999998,5.0,10.4875862069,20.44,9.952413793100002,11.83510172414,1.8618511724128002,10.4875862069,0.0,6.437,6.437,1.3183200000000002,2.0474720000000004,0.0,0.0,0.000310120689655,0.000310120689655,0.000186072413793,0.00014885793103439998,0.000310120689655,194.0,227.0,33.0,214.08,8.031999999999993,217.0,4,0.6536053855347277,0.6110543442831938,0.6006543735623902,0.6000474011882218,0.6000011251993493,1.8399999999999999,0.6799999999999999,4.6,0.0,0.2584269662921348,0.09550561797752807,0.646067415730337,0.0,p,N,-0.266297,p,N,-0.266297,0.0,,,
Antiperovskite,{'a': '3.903 Ã…'},Mn3Cu0.7Si0.3N,143.0,Pm3m,Mn3 Cu0.7 Si0.3 N1,7.0,29.0,22.0,21.3,6.595999999999999,25.0,52.0,82.0,30.0,61.24000000000001,11.088000000000003,52.0,14.0067,63.546,49.5393,46.345737,15.12684324,54.938045,63.05,1687.0,1623.95,1215.3178000000003,460.90711999999985,1519.0,7.0,15.0,8.0,9.58,3.096,7.0,2.0,4.0,2.0,3.5400000000000005,0.6807999999999998,4.0,71.0,139.0,68.0,122.73999999999998,22.104800000000008,139.0,1.55,3.04,1.49,1.918,0.4488,1.55,1.0,2.0,1.0,1.86,0.24079999999999996,2.0,0.0,3.0,3.0,0.72,1.0656,0.0,0.0,10.0,10.0,4.4,2.288,5.0,0.0,0.0,0.0,0.0,0.0,0.0,4.0,11.0,7.0,6.9799999999999995,1.1496000000000002,7.0,0.0,1.0,1.0,0.13999999999999999,0.24079999999999996,0.0,0.0,4.0,4.0,0.8400000000000001,1.2432000000000003,0.0,0.0,5.0,5.0,3.0,2.4,5.0,0.0,0.0,0.0,0.0,0.0,0.0,1.0,5.0,4.0,3.9799999999999995,1.2264000000000002,5.0,10.4875862069,20.44,9.952413793100002,12.02250172414,2.1085991034472,10.4875862069,0.0,6.437,6.437,1.3337800000000002,2.041288,0.0,0.0,0.000310120689655,0.000310120689655,0.000186072413793,0.00014885793103439998,0.000310120689655,194.0,227.0,33.0,214.11999999999998,8.048000000000014,217.0,4,0.6505382386916237,0.6099811872725391,0.6005769141908202,0.6000424198866755,0.6000010448055402,1.86,0.72,4.4,0.0,0.2664756446991404,0.10315186246418338,0.6303724928366763,0.0,p,N,-0.266297,p,N,-0.266297,0.0,,,
Antiperovskite,{'a': '3.900 Ã…'},Mn3Cu0.6Si0.4N,107.0,Pm3m,Mn3 Cu0.6 Si0.4 N1,7.0,29.0,22.0,21.0,6.720000000000001,25.0,52.0,82.0,30.0,61.52,11.424000000000001,52.0,14.0067,63.546,49.5393,45.63652700000001,15.460095119999997,54.938045,63.05,1687.0,1623.95,1221.9024000000002,463.5409599999999,1519.0,7.0,15.0,8.0,9.64,3.168,7.0,2.0,4.0,2.0,3.5200000000000005,0.6911999999999998,4.0,71.0,139.0,68.0,122.32000000000001,22.339199999999998,139.0,1.55,3.04,1.49,1.918,0.4488,1.55,1.0,2.0,1.0,1.8799999999999997,0.21120000000000028,2.0,0.0,3.0,3.0,0.76,1.0944,0.0,0.0,10.0,10.0,4.2,2.3519999999999994,5.0,0.0,0.0,0.0,0.0,0.0,0.0,4.0,11.0,7.0,6.840000000000001,1.1903999999999997,7.0,0.0,1.0,1.0,0.12,0.2112,0.0,0.0,4.0,4.0,0.9199999999999999,1.3248000000000002,0.0,0.0,5.0,5.0,3.0,2.4,5.0,0.0,0.0,0.0,0.0,0.0,0.0,1.0,5.0,4.0,4.04,1.152,5.0,10.4875862069,20.44,9.952413793100002,12.209901724140002,2.3403550344816013,10.4875862069,0.0,6.437,6.437,1.34924,2.0351039999999996,0.0,0.0,0.000310120689655,0.000310120689655,0.000186072413793,0.00014885793103439998,0.000310120689655,194.0,227.0,33.0,214.16,8.064000000000002,217.0,4,0.6486909896090742,0.609335476288203,0.6005363242807298,0.6000403458480008,0.6000010223479758,1.8799999999999997,0.76,4.2,0.0,0.2748538011695906,0.1111111111111111,0.6140350877192982,0.0,p,N,-0.266297,p,N,-0.266297,0.0,,,
Antiperovskite,{'a': '3.898 Ã…'},Mn3Cu0.5Si0.5N,77.0,Pm3m,Mn3 Cu0.5 Si0.5 N1,7.0,29.0,22.0,20.7,6.820000000000002,25.0,52.0,82.0,30.0,61.8,11.76,52.0,14.0067,63.546,49.5393,44.927317,15.736610200000001,54.938045,63.05,1687.0,1623.95,1228.487,466.17479999999995,1519.0,7.0,15.0,8.0,9.7,3.2399999999999998,7.0,2.0,4.0,2.0,3.5,0.7,4.0,71.0,139.0,68.0,121.9,22.54,139.0,1.55,3.04,1.49,1.918,0.4488,1.55,1.0,2.0,1.0,1.9,0.18000000000000008,2.0,0.0,3.0,3.0,0.8,1.12,0.0,0.0,10.0,10.0,4.0,2.4,5.0,0.0,0.0,0.0,0.0,0.0,0.0,4.0,11.0,7.0,6.7,1.22,7.0,0.0,1.0,1.0,0.1,0.18,0.0,0.0,4.0,4.0,1.0,1.4,0.0,0.0,5.0,5.0,3.0,2.4,5.0,0.0,0.0,0.0,0.0,0.0,0.0,1.0,5.0,4.0,4.1,1.08,5.0,10.4875862069,20.44,9.952413793100002,12.397301724139998,2.5571189655159996,10.4875862069,0.0,6.437,6.437,1.3647,2.0289200000000003,0.0,0.0,0.000310120689655,0.000310120689655,0.000186072413793,0.00014885793103439998,0.000310120689655,194.0,227.0,33.0,214.2,8.080000000000007,217.0,4,0.6480740698407861,0.6091199348919785,0.6005237760880776,0.6000397970967368,0.6000010180820753,1.9,0.8,4.0,0.0,0.2835820895522388,0.11940298507462686,0.5970149253731343,0.0,p,N,-0.266297,p,N,-0.266297,0.0,,,
Perovskite,,Sr2MnMoO6,12.0,,Sr2 Mn1 Mo1 O6,8.0,42.0,34.0,19.1,13.319999999999999,8.0,8.0,87.0,79.0,64.0,27.6,87.0,15.9994,95.96,79.9606,42.213444499999994,31.4568534,15.9994,54.8,2896.0,2841.2,684.38,755.4960000000001,54.8,2.0,16.0,14.0,11.3,5.64,16.0,2.0,5.0,3.0,3.1,1.3199999999999998,2.0,66.0,195.0,129.0,107.9,50.28,66.0,0.95,3.44,2.49,2.625,0.978,3.44,1.0,2.0,1.0,1.9,0.18000000000000008,2.0,0.0,4.0,4.0,2.4,1.9200000000000004,4.0,0.0,5.0,5.0,1.0,1.6,0.0,0.0,0.0,0.0,0.0,0.0,0.0,2.0,7.0,5.0,5.3,1.32,6.0,0.0,1.0,1.0,0.1,0.18000000000000002,0.0,0.0,2.0,2.0,1.2,0.9600000000000002,2.0,0.0,5.0,5.0,1.0,1.6,0.0,0.0,0.0,0.0,0.0,0.0,0.0,0.0,6.0,6.0,2.3,1.2799999999999998,2.0,9.105,54.23,45.125,18.926758620690002,14.121296551724,9.105,0.0,0.0,0.0,0.0,0.0,0.0,0.0,0.000310120689655,0.000310120689655,3.10120689655e-05,5.58217241379e-05,0.0,12.0,229.0,217.0,96.8,101.75999999999999,12.0,4,0.648074069840786,0.6091199348919785,0.6005237760880777,0.6000397970967368,0.6000010180820754,1.9,2.4,1.0,0.0,0.3584905660377358,0.4528301886792453,0.18867924528301888,0.0,d,Mn,-0.26654,d,Mn,-0.26654,0.0,True,0.7877573323062756,0.15887097012150359
Antiperovskite,{'a': '3.7656 Ã…'},Mn3NiN,185.0,,Mn3 Ni1 N1,7.0,28.0,21.0,22.0,6.0,25.0,52.0,82.0,30.0,59.8,9.36,52.0,14.0067,58.6934,44.686699999999995,47.502847,13.398458799999997,54.938045,63.05,1728.0,1664.95,1269.6100000000001,482.62399999999997,1519.0,7.0,15.0,8.0,9.2,2.6399999999999997,7.0,2.0,4.0,2.0,3.6,0.6399999999999999,4.0,71.0,139.0,68.0,122.4,20.559999999999995,139.0,1.55,3.04,1.49,1.9200000000000004,0.44800000000000023,1.55,2.0,2.0,0.0,2.0,0.0,2.0,0.0,3.0,3.0,0.6,0.96,0.0,0.0,8.0,8.0,4.6,1.8400000000000003,5.0,0.0,0.0,0.0,0.0,0.0,0.0,5.0,10.0,5.0,7.2,1.12,7.0,0.0,0.0,0.0,0.0,0.0,0.0,0.0,3.0,3.0,0.6,0.96,0.0,0.0,5.0,5.0,3.4,1.9200000000000004,5.0,0.0,0.0,0.0,0.0,0.0,0.0,2.0,5.0,3.0,4.0,1.2,5.0,10.32,14.76875,4.44875,11.31030172414,1.3833793103440004,10.4875862069,0.0,6.437,6.437,1.2874,2.0598400000000003,0.0,0.0,0.5953947,0.5953947,0.11926501241379302,0.19045187503448285,0.000310120689655,194.0,225.0,31.0,214.0,8.0,217.0,3,0.66332495807108,0.6144633651371695,0.6009844187491661,0.6000783545597032,0.6000020321795635,2.0,0.6,4.6,0.0,0.2777777777777778,0.08333333333333333,0.6388888888888888,0.0,d,Mn,-0.26654,d,Mn,-0.26654,0.0,False,0.42594209043069775,0.06587025919348014
Antiperovskite,,Mn3Ni0.977Cu0.023N,166.0,,Mn3 Ni0.977 Cu0.023 N1,7.0,29.0,22.0,22.0046,6.00184,25.0,52.0,82.0,30.0,59.8138,9.376560000000001,52.0,14.0067,63.546,49.5393,47.52516896,13.407387584,54.938045,63.05,1728.0,1664.95,1267.906942,481.94277679999993,1519.0,7.0,15.0,8.0,9.2046,2.64552,7.0,2.0,4.0,2.0,3.6,0.64,4.0,71.0,139.0,68.0,122.43679999999999,20.574720000000006,139.0,1.55,3.04,1.49,1.919954,0.44801839999999993,1.55,1.0,2.0,1.0,1.9954,0.009157679999999937,2.0,0.0,3.0,3.0,0.6,0.9599999999999997,0.0,0.0,10.0,10.0,4.6091999999999995,1.8436800000000002,5.0,0.0,0.0,0.0,0.0,0.0,0.0,5.0,11.0,6.0,7.204599999999999,1.1273599999999995,7.0,0.0,1.0,1.0,0.0046,0.00915768,0.0,0.0,3.0,3.0,0.6,0.9599999999999997,0.0,0.0,5.0,5.0,3.3908,1.93104,5.0,0.0,0.0,0.0,0.0,0.0,0.0,1.0,5.0,4.0,3.9954,1.20552,5.0,10.32,14.76875,4.44875,11.31375172414,1.381999310344,10.4875862069,0.0,6.437,6.437,1.2874,2.0598400000000003,0.0,0.0,0.5953947,0.5953947,0.11652619679379302,0.18714181105298572,0.000310120689655,194.0,225.0,31.0,214.0,8.0,217.0,4,0.6619685188889273,0.6139868713748631,0.60093052640587,0.6000724680660368,0.6000018212443757,1.9954,0.6,4.6091999999999995,0.0,0.2769619409821503,0.08328012658579241,0.6397579324320573,0.0,d,Mn,-0.26654,d,Mn,-0.26654,0.0,,,
Antiperovskite,,Mn3Ni0.945Cu0.055N,154.0,,Mn3 Ni0.945 Cu0.055 N1,7.0,29.0,22.0,22.011,6.0043999999999995,25.0,52.0,82.0,30.0,59.83299999999999,9.399599999999998,52.0,14.0067,63.546,49.5393,47.5562256,13.419810240000004,54.938045,63.05,1728.0,1664.95,1265.53747,480.99498800000003,1519.0,7.0,15.0,8.0,9.211,2.6532,7.0,2.0,4.0,2.0,3.6,0.6399999999999999,4.0,71.0,139.0,68.0,122.48799999999999,20.595200000000013,139.0,1.55,3.04,1.49,1.91989,0.44804400000000005,1.55,1.0,2.0,1.0,1.989,0.0217579999999999,2.0,0.0,3.0,3.0,0.6,0.96,0.0,0.0,10.0,10.0,4.622,1.8488,5.0,0.0,0.0,0.0,0.0,0.0,0.0,5.0,11.0,6.0,7.211,1.1376000000000002,7.0,0.0,1.0,1.0,0.011,0.021758,0.0,0.0,3.0,3.0,0.6,0.96,0.0,0.0,5.0,5.0,3.378,1.9464,5.0,0.0,0.0,0.0,0.0,0.0,0.0,1.0,5.0,4.0,3.989,1.2132,5.0,10.32,14.76875,4.44875,11.318551724139999,1.3800793103439997,10.4875862069,0.0,6.437,6.437,1.2874,2.0598400000000003,0.0,0.0,0.5953947,0.5953947,0.112715670713793,0.18245267307018626,0.000310120689655,194.0,225.0,31.0,214.0,8.0,217.0,4,0.660183307877441,0.6133601188155051,0.6008635020802813,0.6000655482475635,0.6000015931938242,1.989,0.6,4.622,0.0,0.27582859520177505,0.08320621273055054,0.6409651920676743,0.0,d,Mn,-0.26654,d,Mn,-0.26654,0.0,,,
Antiperovskite,,Mn3Ni0.844Cu0.156N,136.0,,Mn3 Ni0.844 Cu0.156 N1,7.0,29.0,22.0,22.031200000000002,6.012479999999998,25.0,52.0,82.0,30.0,59.893600000000006,9.472320000000002,52.0,14.0067,63.546,49.5393,47.65424812,13.459019248,54.938045,63.05,1728.0,1664.95,1258.058824,478.0035296,1519.0,7.0,15.0,8.0,9.2312,2.67744,7.0,2.0,4.0,2.0,3.6,0.6399999999999999,4.0,71.0,139.0,68.0,122.64959999999999,20.659840000000003,139.0,1.55,3.04,1.49,1.919688,0.4481248000000001,1.55,1.0,2.0,1.0,1.9687999999999999,0.06045312000000012,2.0,0.0,3.0,3.0,0.6,0.96,0.0,0.0,10.0,10.0,4.6624,1.86496,5.0,0.0,0.0,0.0,0.0,0.0,0.0,5.0,11.0,6.0,7.231199999999999,1.1699199999999996,7.0,0.0,1.0,1.0,0.0312,0.060453120000000006,0.0,0.0,3.0,3.0,0.6,0.96,0.0,0.0,5.0,5.0,3.3375999999999997,1.9948800000000002,5.0,0.0,0.0,0.0,0.0,0.0,0.0,1.0,5.0,4.0,3.9687999999999994,1.23744,5.0,10.32,14.76875,4.44875,11.333701724139999,1.3740193103439997,10.4875862069,0.0,6.437,6.437,1.2874,2.0598400000000003,0.0,0.0,0.5953947,0.5953947,0.10068869777379301,0.1670127463515675,0.000310120689655,194.0,225.0,31.0,214.0,8.0,217.0,4,0.6553372261668033,0.6116608541430375,0.6007037088790178,0.6000511360743324,0.6000012024589246,1.9687999999999999,0.6,4.6624,0.0,0.272264631043257,0.0829737802854298,0.6447615886713133,0.0,d,Mn,-0.26654,d,Mn,-0.26654,0.0,,,
Antiperovskite,,Mn3Ni0.808Cu0.192N,133.0,,Mn3 Ni0.808 Cu0.192 N1,7.0,29.0,22.0,22.0384,6.015360000000001,25.0,52.0,82.0,30.0,59.915200000000006,9.498240000000001,52.0,14.0067,63.546,49.5393,47.689186840000005,13.472994735999999,54.938045,63.05,1728.0,1664.95,1255.393168,476.93726719999995,1519.0,7.0,15.0,8.0,9.2384,2.68608,7.0,2.0,4.0,2.0,3.6,0.6399999999999999,4.0,71.0,139.0,68.0,122.70720000000001,20.68287999999999,139.0,1.55,3.04,1.49,1.919616,0.44815360000000004,1.55,1.0,2.0,1.0,1.9616,0.07385088,2.0,0.0,3.0,3.0,0.6,0.96,0.0,0.0,10.0,10.0,4.6768,1.87072,5.0,0.0,0.0,0.0,0.0,0.0,0.0,5.0,11.0,6.0,7.2384,1.1814400000000003,7.0,0.0,1.0,1.0,0.038400000000000004,0.07385088,0.0,0.0,3.0,3.0,0.6,0.96,0.0,0.0,5.0,5.0,3.3232,2.01216,5.0,0.0,0.0,0.0,0.0,0.0,0.0,1.0,5.0,4.0,3.9616,1.24608,5.0,10.32,14.76875,4.44875,11.339101724139999,1.3718593103439995,10.4875862069,0.0,6.437,6.437,1.2874,2.0598400000000003,0.0,0.0,0.5953947,0.5953947,0.09640185593379302,0.1612744872021981,0.000310120689655,194.0,225.0,31.0,214.0,8.0,217.0,4,0.6539029897469502,0.6111585399907772,0.6006625626867419,0.6000479936822932,0.600001136613758,1.9616,0.6,4.6768,0.0,0.270999115826702,0.08289124668435012,0.6461096374889478,0.0,d,Mn,-0.26654,d,Mn,-0.26654,0.0,,,
Antiperovskite,,Mn3Ni0.649Cu0.351N,163.0,,Mn3 Ni0.649 Cu0.351 N1,7.0,29.0,22.0,22.0702,6.02808,25.0,52.0,82.0,30.0,60.0106,9.61272,52.0,14.0067,63.546,49.5393,47.84349952,13.534719808,54.938045,63.05,1728.0,1664.95,1243.619854,472.22794159999995,1519.0,7.0,15.0,8.0,9.270199999999999,2.7242399999999996,7.0,2.0,4.0,2.0,3.6,0.6399999999999999,4.0,71.0,139.0,68.0,122.9616,20.784639999999996,139.0,1.55,3.04,1.49,1.919298,0.44828080000000003,1.55,1.0,2.0,1.0,1.9298000000000002,0.13054391999999984,2.0,0.0,3.0,3.0,0.6,0.96,0.0,0.0,10.0,10.0,4.740399999999999,1.8961600000000005,5.0,0.0,0.0,0.0,0.0,0.0,0.0,5.0,11.0,6.0,7.2702,1.23232,7.0,0.0,1.0,1.0,0.0702,0.13054391999999998,0.0,0.0,3.0,3.0,0.6,0.96,0.0,0.0,5.0,5.0,3.2596000000000003,2.0884799999999997,5.0,0.0,0.0,0.0,0.0,0.0,0.0,1.0,5.0,4.0,3.9298,1.28424,5.0,10.32,14.76875,4.44875,11.36295172414,1.3623193103440006,10.4875862069,0.0,6.437,6.437,1.2874,2.0598400000000003,0.0,0.0,0.5953947,0.5953947,0.07746830447379302,0.13445369227860335,0.000310120689655,194.0,225.0,31.0,214.0,8.0,217.0,4,0.6494428997225237,0.6095982519933435,0.600552299280493,0.600041110621662,0.6000010295967195,1.9298000000000002,0.6,4.740399999999999,0.0,0.26543974030975764,0.08252867871585376,0.6520315809743885,0.0,d,Mn,-0.26654,d,Mn,-0.26654,0.0,,,
Perovskite,,NdNiO3,57.5,Pbnm,Nd1 Ni1 O3,8.0,60.0,52.0,22.4,17.28,8.0,19.0,87.0,68.0,68.2,22.56,87.0,15.9994,144.242,128.24259999999998,50.186719999999994,41.024784,15.9994,54.8,1728.0,1673.2,637.28,698.976,54.8,3.0,16.0,13.0,12.2,4.5600000000000005,16.0,2.0,6.0,4.0,3.2,1.44,2.0,66.0,201.0,135.0,104.6,46.32,66.0,1.14,3.44,2.3,2.6740000000000004,0.9192,3.44,2.0,2.0,0.0,2.0,0.0,2.0,0.0,4.0,4.0,2.4,1.9200000000000004,4.0,0.0,8.0,8.0,1.6,2.56,0.0,0.0,4.0,4.0,0.8,1.28,0.0,6.0,10.0,4.0,6.8,1.2799999999999998,6.0,0.0,0.0,0.0,0.0,0.0,0.0,0.0,2.0,2.0,1.2,0.9600000000000002,2.0,0.0,2.0,2.0,0.4,0.64,0.0,0.0,10.0,10.0,2.0,3.2,0.0,2.0,10.0,8.0,3.6,2.56,2.0,9.105,34.81,25.705000000000002,14.489,8.128400000000001,9.105,0.0,0.0,0.0,0.0,0.0,0.0,0.0,0.5953947,0.5953947,0.11907894000000001,0.190526304,0.0,12.0,225.0,213.0,91.0,94.8,12.0,3,0.6633249580710799,0.6144633651371695,0.6009844187491661,0.6000783545597032,0.6000020321795635,2.0,2.4,1.6,0.8,0.29411764705882354,0.35294117647058826,0.23529411764705885,0.11764705882352942,p,O,-0.338381,s,Ni,-0.210764,0.12761699999999998,False,0.7335317021864758,0.14669665742030966
Tetragonally distorted perovskite,,Sr2FeWO6,37.0,,Sr2 Fe1 W1 O6,8.0,74.0,66.0,22.4,17.28,8.0,8.0,87.0,79.0,64.4,27.119999999999997,87.0,15.9994,183.84,167.8406,51.09214,42.111288,15.9994,54.8,3695.0,3640.2,793.48,886.4159999999999,54.8,2.0,16.0,14.0,11.4,5.5200000000000005,16.0,2.0,6.0,4.0,3.2,1.44,2.0,66.0,195.0,129.0,108.0,50.4,66.0,0.95,3.44,2.49,2.673,0.9204000000000001,3.44,2.0,2.0,0.0,2.0,0.0,2.0,0.0,4.0,4.0,2.4,1.9200000000000004,4.0,0.0,6.0,6.0,1.0,1.6,0.0,0.0,14.0,14.0,1.4,2.5199999999999996,0.0,2.0,20.0,18.0,6.8,2.88,6.0,0.0,0.0,0.0,0.0,0.0,0.0,0.0,2.0,2.0,1.2,0.9600000000000002,2.0,0.0,6.0,6.0,1.0,1.6,0.0,0.0,0.0,0.0,0.0,0.0,0.0,0.0,6.0,6.0,2.2,1.12,2.0,9.105,54.23,45.125,18.987000000000002,14.0972,9.105,0.0,0.0,0.0,0.0,0.0,0.0,0.0,2.1106628,2.1106628,0.21106628,0.37991930399999996,0.0,12.0,229.0,217.0,98.0,103.2,12.0,4,0.648074069840786,0.6091199348919785,0.6005237760880777,0.6000397970967368,0.6000010180820754,2.0,2.4,1.0,1.4,0.29411764705882354,0.35294117647058826,0.14705882352941177,0.20588235294117646,d,Fe,-0.295049,d,Fe,-0.295049,0.0,True,0.7877573323062756,0.150353826809806
Perovskite,,LaMnO3,128.0,,La1 Mn1 O3,8.0,57.0,49.0,21.2,15.839999999999998,8.0,13.0,87.0,74.0,65.2,26.160000000000004,87.0,15.9994,138.90547,122.90607000000001,48.368343,38.8427316,15.9994,54.8,1519.0,1464.2,575.28,624.576,54.8,3.0,16.0,13.0,11.6,5.279999999999999,16.0,2.0,6.0,4.0,3.2,1.44,2.0,66.0,207.0,141.0,108.8,51.35999999999999,66.0,1.1,3.44,2.34,2.5940000000000003,1.0151999999999997,3.44,2.0,2.0,0.0,2.0,0.0,2.0,0.0,4.0,4.0,2.4,1.9200000000000004,4.0,0.0,5.0,5.0,1.2,1.52,0.0,0.0,0.0,0.0,0.0,0.0,0.0,3.0,7.0,4.0,5.6,1.0400000000000003,6.0,0.0,0.0,0.0,0.0,0.0,0.0,0.0,2.0,2.0,1.2,0.9600000000000002,2.0,0.0,9.0,9.0,2.8,3.3599999999999994,0.0,0.0,0.0,0.0,0.0,0.0,0.0,2.0,9.0,7.0,4.0,2.4,2.0,9.105,36.8975,27.7925,14.94001724138,8.782993103448,9.105,0.0,0.0,0.0,0.0,0.0,0.0,0.0,0.000310120689655,0.000310120689655,6.2024137931e-05,9.923862068959999e-05,0.0,12.0,217.0,205.0,89.4,92.88,12.0,3,0.6633249580710799,0.6144633651371695,0.6009844187491661,0.6000783545597032,0.6000020321795635,2.0,2.4,1.2,0.0,0.35714285714285715,0.4285714285714286,0.2142857142857143,0.0,d,Mn,-0.26654,d,Mn,-0.26654,0.0,False,0.7456133690005962,0.16231835307545583
Perovskite,"{'a': '5.560 Ã…', 'b': '7.768 Ã…', 'c': '5.463 Ã…'}",Ca1.2La0.8Ru1.6Co0.4O6,22.0,Pnma,Ca1.2 La0.8 Ru1.6 Co0.4 O6,8.0,57.0,49.0,19.880000000000003,14.256,8.0,7.0,87.0,80.0,65.36,25.968,87.0,15.9994,138.90547,122.90607000000001,44.049965400000005,34.613950176,15.9994,54.8,2607.0,2552.2,749.96,834.1920000000002,54.8,2.0,16.0,14.0,11.72,5.136,16.0,2.0,6.0,4.0,3.12,1.344,2.0,66.0,207.0,141.0,105.68000000000002,47.616,66.0,1.0,3.44,2.44,2.6992000000000003,0.8889599999999998,3.44,1.0,2.0,1.0,1.8399999999999999,0.2688000000000001,2.0,0.0,4.0,4.0,2.4,1.9200000000000004,4.0,0.0,7.0,7.0,1.4800000000000002,2.2079999999999997,0.0,0.0,0.0,0.0,0.0,0.0,0.0,2.0,9.0,7.0,5.720000000000001,1.3279999999999996,6.0,0.0,1.0,1.0,0.16,0.26880000000000004,0.0,0.0,2.0,2.0,1.2,0.9600000000000002,2.0,0.0,9.0,9.0,1.3199999999999998,1.9007999999999998,0.0,0.0,0.0,0.0,0.0,0.0,0.0,0.0,9.0,9.0,2.68,1.4592000000000003,2.0,9.105,37.77,28.665000000000003,15.518600000000001,8.76096,9.105,0.0,0.0,0.0,0.0,0.0,0.0,0.0,1.5484712,1.5484712,0.061938848000000005,0.11892258816000001,0.0,12.0,225.0,213.0,88.52000000000001,91.824,12.0,5,0.6387487769068525,0.6058683430544989,0.600205291568597,0.6000093807083442,0.600000115354023,1.8399999999999999,2.4,1.4800000000000002,0.0,0.3216783216783216,0.41958041958041953,0.25874125874125875,0.0,d,Ru,-0.210375,d,Ru,-0.210375,0.0,,,
Perovskite,"{'a': '5.638 Ã…', 'b': '7.878 Ã…', 'c': '5.574 Ã…'}",La2CoRuO6,26.0,P 21/n,La2 Co1 Ru1 O6,8.0,57.0,49.0,23.3,18.360000000000003,8.0,13.0,87.0,74.0,66.2,24.96,87.0,15.9994,138.90547,122.90607000000001,53.38105350000001,44.857984200000004,15.9994,54.8,2607.0,2552.2,708.98,785.016,54.8,3.0,16.0,13.0,11.9,4.92,16.0,2.0,6.0,4.0,3.3,1.56,2.0,66.0,207.0,141.0,108.2,50.64,66.0,1.1,3.44,2.34,2.692,0.8976,3.44,1.0,2.0,1.0,1.9,0.18000000000000008,2.0,0.0,4.0,4.0,2.4,1.9200000000000004,4.0,0.0,7.0,7.0,1.6,2.16,0.0,0.0,0.0,0.0,0.0,0.0,0.0,3.0,9.0,6.0,5.9,1.1599999999999997,6.0,0.0,1.0,1.0,0.1,0.18000000000000002,0.0,0.0,2.0,2.0,1.2,0.9600000000000002,2.0,0.0,9.0,9.0,2.4,2.88,0.0,0.0,0.0,0.0,0.0,0.0,0.0,2.0,9.0,7.0,3.7,2.1800000000000006,2.0,9.105,36.8975,27.7925,15.218,8.6718,9.105,0.0,0.0,0.0,0.0,0.0,0.0,0.0,1.5484712,1.5484712,0.15484712,0.278724816,0.0,12.0,194.0,182.0,84.8,87.35999999999999,12.0,4,0.648074069840786,0.6091199348919785,0.6005237760880777,0.6000397970967368,0.6000010180820754,1.9,2.4,1.6,0.0,0.3220338983050847,0.4067796610169491,0.2711864406779661,0.0,d,Ru,-0.210375,d,Ru,-0.210375,0.0,True,0.7456133690005962,0.14426414044968983
Orthorhombic Distorted Perovskite,"{'a': '0.5556 nm', 'b': '0.5565 nm', 'c': '0.7862 nm'}",LaFeO3,750.0,,La1 Fe1 O3,8.0,57.0,49.0,21.4,16.080000000000002,8.0,13.0,87.0,74.0,65.8,25.44,87.0,15.9994,138.90547,122.90607000000001,48.549734,39.060400800000004,15.9994,54.8,1811.0,1756.2,633.6800000000001,694.6560000000001,54.8,3.0,16.0,13.0,11.8,5.04,16.0,2.0,6.0,4.0,3.2,1.44,2.0,66.0,207.0,141.0,107.4,49.68,66.0,1.1,3.44,2.34,2.65,0.9480000000000001,3.44,2.0,2.0,0.0,2.0,0.0,2.0,0.0,4.0,4.0,2.4,1.9200000000000004,4.0,0.0,6.0,6.0,1.4,1.8399999999999999,0.0,0.0,0.0,0.0,0.0,0.0,0.0,3.0,8.0,5.0,5.8,1.12,6.0,0.0,0.0,0.0,0.0,0.0,0.0,0.0,2.0,2.0,1.2,0.9600000000000002,2.0,0.0,9.0,9.0,2.6,3.12,0.0,0.0,0.0,0.0,0.0,0.0,0.0,2.0,9.0,7.0,3.8,2.16,2.0,9.105,36.8975,27.7925,14.988499999999998,8.7636,9.105,0.0,0.0,0.0,0.0,0.0,0.0,0.0,2.1106628,2.1106628,0.42213256,0.675412096,0.0,12.0,229.0,217.0,91.8,95.75999999999999,12.0,3,0.6633249580710799,0.6144633651371695,0.6009844187491661,0.6000783545597032,0.6000020321795635,2.0,2.4,1.4,0.0,0.3448275862068966,0.41379310344827586,0.24137931034482757,0.0,d,Fe,-0.295049,d,Fe,-0.295049,0.0,True,0.7456133690005962,0.15169353857603118
Perovskite,"{'a': '3.89 Ã…', 'b': '3.89 Ã…', 'c': '3.89 Ã…'}",La0.33333Ca0.66667MnO3,258.0,,La0.33333 Ca0.66667 Mn1 O3,8.0,57.0,49.0,16.266642,9.9199704,8.0,7.0,87.0,80.0,64.399996,27.120004800000004,87.0,15.9994,138.90547,122.90607000000001,35.191281115020004,23.030257338024,15.9994,54.8,1519.0,1464.2,564.879948,612.0959376,54.8,2.0,16.0,14.0,11.466666,5.4400008,16.0,2.0,6.0,4.0,2.933332,1.1199984,2.0,66.0,207.0,141.0,104.66664599999999,46.39997519999999,66.0,1.0,3.44,2.44,2.5806666,1.03120008,3.44,2.0,2.0,0.0,2.0,0.0,2.0,0.0,4.0,4.0,2.4,1.9200000000000004,4.0,0.0,5.0,5.0,1.0666660000000001,1.5733336000000002,0.0,0.0,0.0,0.0,0.0,0.0,0.0,2.0,7.0,5.0,5.466666,1.2533344,6.0,0.0,0.0,0.0,0.0,0.0,0.0,0.0,2.0,2.0,1.2,0.9600000000000002,2.0,0.0,9.0,9.0,1.5999940000000001,2.346659999992,0.0,0.0,0.0,0.0,0.0,0.0,0.0,0.0,9.0,9.0,2.7999940000000003,1.7066615999920003,2.0,9.105,37.77,28.665000000000003,15.05635115638,8.969127367448,9.105,0.0,0.0,0.0,0.0,0.0,0.0,0.0,0.000310120689655,0.000310120689655,6.2024137931e-05,9.923862068959999e-05,0.0,12.0,225.0,213.0,93.533354,97.8400248,12.0,4,0.6497863580531681,0.6097183088288148,0.6005598458989951,0.6000414958741779,0.600001033736161,2.0,2.4,1.0666660000000001,0.0,0.3658537031528906,0.4390244437834687,0.19512185306364063,0.0,d,Mn,-0.26654,d,Mn,-0.26654,0.0,,,
Perovskite,,La1.33333Sr1.66667Mn2O7,60.0,,La1.33333 Sr1.66667 Mn2 O7,8.0,57.0,49.0,20.444439166666665,14.518512361111112,8.0,8.0,87.0,79.0,61.97222083333333,29.199075694444446,87.0,15.9994,138.90547,122.90607000000001,46.092695476258335,35.10884472230139,15.9994,54.8,1519.0,1464.2,563.5221825,593.5092129166666,54.8,2.0,16.0,14.0,11.111110833333333,5.7037040277777775,16.0,2.0,6.0,4.0,3.194444166666667,1.3935181944444446,2.0,66.0,207.0,141.0,111.74999666666668,53.37499611111111,66.0,0.95,3.44,2.49,2.519166625,1.0743056041666668,3.44,2.0,2.0,0.0,2.0,0.0,2.0,0.0,4.0,4.0,2.3333333333333335,1.9444444444444446,4.0,0.0,5.0,5.0,0.9444441666666666,1.3641976543208332,0.0,0.0,0.0,0.0,0.0,0.0,0.0,2.0,7.0,5.0,5.2777775,1.4166670833333335,6.0,0.0,0.0,0.0,0.0,0.0,0.0,0.0,2.0,2.0,1.1666666666666667,0.9722222222222223,2.0,0.0,9.0,9.0,1.8333308333333331,2.648145555554166,0.0,0.0,0.0,0.0,0.0,0.0,0.0,0.0,9.0,9.0,2.9999974999999997,1.9999980555541665,2.0,9.105,54.23,45.125,18.690852515733337,13.917916704633335,9.105,0.0,0.0,0.0,0.0,0.0,0.0,0.0,0.000310120689655,0.000310120689655,5.1686781609166664e-05,8.614463601527778e-05,0.0,12.0,225.0,213.0,95.97223083333334,97.96760263888889,12.0,4,0.6322114942461459,0.5917157104093075,0.5836735869379163,0.5833506567667152,0.5833335826171181,2.0,2.3333333333333335,0.9444441666666666,0.0,0.378947388365652,0.442105286426594,0.17894732520775394,0.0,d,Mn,-0.26654,d,Mn,-0.26654,0.0,,,
Perovskite,,Bi0.9Pb0.1Fe0.9Mg0.033333Nb0.066667O3,543.15,,Bi0.9 Pb0.1 Fe0.9 Mg0.033333 Nb0.066667 O3,8.0,83.0,75.0,26.6866686,22.86702330577752,8.0,47.0,87.0,40.0,80.2799986,10.152002240000002,87.0,15.9994,208.9804,192.981,62.813001640092,59.19823744601119,15.9994,54.8,2750.0,2695.2,511.6843218000001,548.26118616,54.8,2.0,16.0,14.0,14.1000002,2.6039996879999996,16.0,2.0,6.0,4.0,3.2066668,1.45075568977776,2.0,66.0,164.0,98.0,96.0466682,36.05600184,66.0,1.31,3.44,2.13,2.833666686,0.7275999768,3.44,1.0,2.0,1.0,1.9866666,0.02631124088888005,2.0,0.0,4.0,4.0,2.98,1.2312,4.0,0.0,10.0,10.0,3.1333336,3.8017776835555197,0.0,0.0,14.0,14.0,2.8,4.4799999999999995,0.0,2.0,29.0,27.0,10.9000002,7.199999919999999,6.0,0.0,1.0,1.0,0.0133334,0.02631124088888,0.0,0.0,4.0,4.0,1.8199999999999998,0.7280000000000001,2.0,0.0,6.0,6.0,0.8000004000000001,1.29066720533328,0.0,0.0,0.0,0.0,0.0,0.0,0.0,0.0,7.0,7.0,2.6333338,0.7951113262221601,2.0,9.105,32.95,23.845000000000002,14.282599686000001,7.492055510160002,9.105,0.0,0.0,0.0,0.0,0.0,0.0,0.0,2.1106628,2.1106628,0.379919304,0.62306765856,0.0,12.0,229.0,217.0,59.42666899999999,73.98560364,12.0,6,0.6522439904752821,0.6106207661582732,0.6005820751411862,0.6000374844065867,0.6000007085842344,1.9866666,2.98,3.1333336,2.8,0.1822629874814131,0.2733944903964314,0.2874617928906093,0.25688072923154626,d,Fe,-0.295049,d,Fe,-0.295049,0.0,,,
Perovskite,,Bi0.8Pb0.2Fe0.8Mg0.066667Nb0.133333O3,593.15,,Bi0.8 Pb0.2 Fe0.8 Mg0.066667 Nb0.133333 O3,8.0,83.0,75.0,26.7733314,23.16942120177752,8.0,47.0,87.0,40.0,80.1600014,10.143997760000001,87.0,15.9994,208.9804,192.981,63.061269559908,59.81695542016032,15.9994,54.8,2750.0,2695.2,519.4082782000002,557.52993384,54.8,2.0,16.0,14.0,13.999999800000001,2.720000319999999,16.0,2.0,6.0,4.0,3.2133332,1.46168875377776,2.0,66.0,164.0,98.0,96.49333179999999,36.59199816,66.0,1.31,3.44,2.13,2.833333314,0.7280000231999999,3.44,1.0,2.0,1.0,1.9733334,0.05191098488888,2.0,0.0,4.0,4.0,2.96,1.2608000000000001,4.0,0.0,10.0,10.0,3.0666664,3.76177785955552,0.0,0.0,14.0,14.0,2.8000000000000003,4.4799999999999995,0.0,2.0,29.0,27.0,10.7999998,7.20000008,6.0,0.0,1.0,1.0,0.026666600000000002,0.051910984888880005,0.0,0.0,4.0,4.0,1.8399999999999999,0.7360000000000001,2.0,0.0,6.0,6.0,0.7999996,1.30133278933328,0.0,0.0,0.0,0.0,0.0,0.0,0.0,0.0,7.0,7.0,2.6666662000000003,0.8711108942221599,2.0,9.105,32.95,23.845000000000002,14.366200314000002,7.477024477280001,9.105,0.0,0.0,0.0,0.0,0.0,0.0,0.0,2.1106628,2.1106628,0.33770604800000004,0.56734616064,0.0,12.0,229.0,217.0,63.453331000000006,78.20906312000002,12.0,6,0.6431865103615902,0.6075683300012898,0.6003234650988516,0.6000164377614209,0.6000002182066936,1.9733334,2.96,3.0666664,2.8000000000000003,0.18271605893918627,0.27407407914952,0.28395059785093696,0.25925926406035676,d,Fe,-0.295049,d,Fe,-0.295049,0.0,,,
Perovskite,,Bi0.7Pb0.3Fe0.7Mg0.1Nb0.2O3,633.15,,Bi0.7 Pb0.3 Fe0.7 Mg0.1 Nb0.2 O3,8.0,83.0,75.0,26.860000000000003,23.4672,8.0,47.0,87.0,40.0,80.04,10.135999999999996,87.0,15.9994,208.9804,192.981,63.3095512,60.422437824,15.9994,54.8,2750.0,2695.2,527.1326,566.79912,54.8,2.0,16.0,14.0,13.9,2.84,16.0,2.0,6.0,4.0,3.22,1.4728,2.0,66.0,164.0,98.0,96.93999999999998,37.128,66.0,1.31,3.44,2.13,2.833,0.7283999999999999,3.44,1.0,2.0,1.0,1.9600000000000002,0.07679999999999984,2.0,0.0,4.0,4.0,2.94,1.2888,4.0,0.0,10.0,10.0,3.0,3.72,0.0,0.0,14.0,14.0,2.8,4.4799999999999995,0.0,2.0,29.0,27.0,10.7,7.2,6.0,0.0,1.0,1.0,0.04,0.07680000000000001,0.0,0.0,4.0,4.0,1.86,0.744,2.0,0.0,6.0,6.0,0.8,1.312,0.0,0.0,0.0,0.0,0.0,0.0,0.0,0.0,7.0,7.0,2.7,0.9480000000000001,2.0,9.105,32.95,23.845000000000002,14.449800000000002,7.455304000000001,9.105,0.0,0.0,0.0,0.0,0.0,0.0,0.0,2.1106628,2.1106628,0.295492792,0.50824760224,0.0,12.0,229.0,217.0,67.47999999999999,82.1104,12.0,6,0.6362389488234746,0.6053011728187837,0.6001672647403784,0.60000646423159,0.6000000574109972,1.9600000000000002,2.94,3.0,2.8,0.18317757009345798,0.27476635514018694,0.28037383177570097,0.2616822429906542,d,Fe,-0.295049,d,Fe,-0.295049,0.0,,,
Perovskite,"{'a': '0.407 nm', 'b': '0.407 nm', 'c': '0.407 nm'}",FeKCoF3,114.0,,Fe1 K1 Co1 F3,9.0,27.0,18.0,16.5,7.5,9.0,3.0,93.0,90.0,65.83333333333333,27.166666666666668,93.0,18.9984032,58.933195,39.9347918,35.1452841,16.1468809,18.9984032,53.5,1811.0,1757.5,679.3383333333333,740.1077777777779,53.5,1.0,17.0,16.0,11.5,5.5,17.0,2.0,4.0,2.0,3.0,1.0,2.0,57.0,203.0,146.0,105.33333333333333,48.333333333333336,57.0,0.82,3.98,3.16,2.7449999999999997,1.235,3.98,1.0,2.0,1.0,1.8333333333333333,0.27777777777777785,2.0,0.0,5.0,5.0,2.5,2.5,5.0,0.0,7.0,7.0,2.1666666666666665,2.8888888888888893,0.0,0.0,0.0,0.0,0.0,0.0,0.0,1.0,9.0,8.0,6.5,1.8333333333333333,7.0,0.0,1.0,1.0,0.16666666666666666,0.2777777777777778,0.0,0.0,1.0,1.0,0.5,0.5,1.0,0.0,4.0,4.0,1.1666666666666667,1.5555555555555554,0.0,0.0,0.0,0.0,0.0,0.0,0.0,1.0,4.0,3.0,1.8333333333333333,1.1111111111111112,1.0,9.7075,73.1066666667,63.3991666667,20.534027777783333,17.524212962972218,9.7075,0.0,1.97,1.97,0.985,0.985,1.97,0.0,2.1106628,2.1106628,0.6098556666666667,0.8131408888888889,0.0,15.0,229.0,214.0,116.16666666666667,101.16666666666667,15.0,4,0.5773502691896257,0.5178720843256431,0.5012285160432101,0.5000979240259901,0.5000025402050967,1.8333333333333333,2.5,2.1666666666666665,0.0,0.28205128205128205,0.38461538461538464,0.3333333333333333,0.0,d,Fe,-0.295049,d,Fe,-0.295049,0.0,False,0.9176189628313963,0.20229941187262382
Perovskite,"{'a': '4.0504 Ã…', 'b': '4.0504 Ã…', 'c': '4.1190 Ã…'}",PbFe0.5Nb0.5O3,156.5,,Pb1 Fe0.5 Nb0.5 O3,8.0,82.0,74.0,27.9,24.259999999999998,8.0,47.0,87.0,40.0,78.6,11.040000000000003,87.0,15.9994,207.2,191.20059999999998,65.914778,61.91240919999999,15.9994,54.8,2750.0,2695.2,609.1020000000001,668.5592,54.8,5.0,16.0,11.0,13.7,2.8800000000000003,16.0,2.0,6.0,4.0,3.3,1.56,2.0,66.0,164.0,98.0,98.4,38.88,66.0,1.6,3.44,1.8399999999999999,2.873,0.6803999999999999,3.44,1.0,2.0,1.0,1.9,0.18000000000000008,2.0,0.0,4.0,4.0,2.8,1.44,4.0,0.0,10.0,10.0,3.0,3.6,0.0,0.0,14.0,14.0,2.8,4.4799999999999995,0.0,5.0,28.0,23.0,10.5,7.0,6.0,0.0,1.0,1.0,0.1,0.18000000000000002,0.0,0.0,4.0,4.0,2.0,0.8,2.0,0.0,6.0,6.0,1.0,1.6,0.0,0.0,0.0,0.0,0.0,0.0,0.0,2.0,7.0,5.0,3.1,1.3199999999999998,2.0,9.105,28.11,19.005,13.975999999999999,6.494399999999999,9.105,0.0,0.0,0.0,0.0,0.0,0.0,0.0,2.1106628,2.1106628,0.21106628,0.37991930399999996,0.0,12.0,229.0,217.0,98.0,103.2,12.0,4,0.648074069840786,0.6091199348919785,0.6005237760880777,0.6000397970967368,0.6000010180820754,1.9,2.8,3.0,2.8,0.18095238095238095,0.26666666666666666,0.2857142857142857,0.26666666666666666,d,Fe,-0.295049,d,Fe,-0.295049,0.0,,,
Perovskite,"{'a': '4.0504 Ã…', 'b': '4.0504 Ã…', 'c': '4.1190 Ã…'}",PbFe0.5Ta0.5O3,156.5,,Pb1 Fe0.5 Ta0.5 O3,8.0,82.0,74.0,31.1,28.740000000000002,8.0,48.0,87.0,39.0,78.7,10.879999999999999,87.0,15.9994,207.2,191.20059999999998,74.718928,74.2382192,15.9994,54.8,3290.0,3235.2,663.1020000000001,754.9592,54.8,5.0,16.0,11.0,13.7,2.8800000000000003,16.0,2.0,6.0,4.0,3.4,1.6799999999999997,2.0,66.0,170.0,104.0,99.0,39.6,66.0,1.5,3.44,1.94,2.8630000000000004,0.6923999999999999,3.44,2.0,2.0,0.0,2.0,0.0,2.0,0.0,4.0,4.0,2.8,1.44,4.0,0.0,10.0,10.0,2.9,3.4799999999999995,0.0,0.0,14.0,14.0,4.2,5.880000000000001,0.0,6.0,28.0,22.0,11.9,7.860000000000001,6.0,0.0,0.0,0.0,0.0,0.0,0.0,0.0,4.0,4.0,2.0,0.8,2.0,0.0,7.0,7.0,1.1,1.7600000000000002,0.0,0.0,0.0,0.0,0.0,0.0,0.0,2.0,7.0,5.0,3.1,1.3199999999999998,2.0,9.105,28.11,19.005,13.970000000000002,6.4860000000000015,9.105,0.0,0.0,0.0,0.0,0.0,0.0,0.0,2.1106628,2.1106628,0.21106628,0.37991930399999996,0.0,12.0,229.0,217.0,98.0,103.2,12.0,4,0.648074069840786,0.6091199348919785,0.6005237760880777,0.6000397970967368,0.6000010180820754,2.0,2.8,2.9,4.2,0.1680672268907563,0.2352941176470588,0.24369747899159663,0.35294117647058826,d,Fe,-0.295049,d,Fe,-0.295049,0.0,,,
Perovskite,,TbMnO3,40.0,,Tb1 Mn1 O3,8.0,65.0,57.0,22.8,17.76,8.0,29.0,87.0,58.0,68.4,22.32,87.0,15.9994,158.92535,142.92595,52.372319000000005,43.647502800000005,15.9994,54.8,1629.0,1574.2,662.48,729.216,54.8,3.0,16.0,13.0,11.6,5.279999999999999,16.0,2.0,6.0,4.0,3.2,1.44,2.0,66.0,194.0,128.0,106.2,48.239999999999995,66.0,1.21,3.44,2.23,2.616,0.9888,3.44,2.0,2.0,0.0,2.0,0.0,2.0,0.0,4.0,4.0,2.4,1.9200000000000004,4.0,0.0,5.0,5.0,1.0,1.6,0.0,0.0,9.0,9.0,1.8,2.88,0.0,6.0,11.0,5.0,7.2,1.52,6.0,0.0,0.0,0.0,0.0,0.0,0.0,0.0,2.0,2.0,1.2,0.9600000000000002,2.0,0.0,5.0,5.0,1.0,1.6,0.0,0.0,5.0,5.0,1.0,1.6,0.0,2.0,5.0,3.0,3.2,1.44,2.0,9.105,31.7366666667,22.6316666667,13.907850574720001,7.131526436792001,9.105,0.0,0.0,0.0,0.0,0.0,0.0,0.0,0.000310120689655,0.000310120689655,6.2024137931e-05,9.923862068959999e-05,0.0,12.0,217.0,205.0,89.4,92.88,12.0,3,0.6633249580710799,0.6144633651371695,0.6009844187491661,0.6000783545597032,0.6000020321795635,2.0,2.4,1.0,1.8,0.2777777777777778,0.3333333333333333,0.1388888888888889,0.25,f,Tb,-0.256311,f,Tb,-0.256311,0.0,False,0.7456133690005962,0.16231835307545583
Hexagonal perovskite-type,,Sr6Co5O15,32.0,R32,Sr6 Co5 O15,8.0,38.0,30.0,18.576923076923077,12.20414201183432,8.0,8.0,87.0,79.0,63.19230769230769,27.470414201183434,87.0,15.9994,87.62,71.62060000000001,40.78372980769231,28.597303624260356,15.9994,54.8,1768.0,1713.2,613.9230769230769,645.1420118343195,54.8,2.0,16.0,14.0,11.423076923076923,5.281065088757397,16.0,2.0,5.0,3.0,3.076923076923077,1.242603550295858,2.0,66.0,195.0,129.0,107.3076923076923,47.662721893491124,66.0,0.95,3.44,2.49,2.5653846153846156,1.009171597633136,3.44,2.0,2.0,0.0,2.0,0.0,2.0,0.0,4.0,4.0,2.3076923076923075,1.952662721893491,4.0,0.0,7.0,7.0,1.3461538461538463,2.1745562130177514,0.0,0.0,0.0,0.0,0.0,0.0,0.0,2.0,9.0,7.0,5.653846153846154,1.6863905325443787,6.0,0.0,0.0,0.0,0.0,0.0,0.0,0.0,2.0,2.0,1.1538461538461537,0.9763313609467456,2.0,0.0,3.0,3.0,0.5769230769230769,0.9319526627218936,0.0,0.0,0.0,0.0,0.0,0.0,0.0,0.0,3.0,3.0,1.7307692307692308,0.7988165680473371,2.0,9.105,54.23,45.125,19.73769230769231,15.919526627218936,9.105,0.0,0.0,0.0,0.0,0.0,0.0,0.0,1.5484712,1.5484712,0.29778292307692306,0.4810339526627218,0.0,12.0,225.0,213.0,96.15384615384616,97.10059171597634,12.0,3,0.6504436355879908,0.5957333142450874,0.5785700192588195,0.5770956401897427,0.5769301030392269,2.0,2.3076923076923075,1.3461538461538463,0.0,0.35374149659863946,0.4081632653061224,0.2380952380952381,0.0,d,Co,-0.322368,d,Co,-0.322368,0.0,False,0.7877573323062756,0.16407539863675763
Perovskite,,Bi0.65La0.35Fe0.5Sc0.5O3,237.0,Pnma,Bi0.65 La0.35 Fe0.5 Sc0.5 O3,8.0,83.0,75.0,24.28,20.192,8.0,11.0,87.0,76.0,70.89,23.2606,87.0,15.9994,208.9804,192.981,56.57056610000001,51.153443360000004,15.9994,54.8,1814.0,1759.2,549.662,595.20252,54.8,3.0,16.0,13.0,12.86,4.3244,16.0,2.0,6.0,4.0,3.2,1.44,2.0,66.0,207.0,141.0,103.53,45.036,66.0,1.1,3.44,2.34,2.7226000000000004,0.8608799999999999,3.44,2.0,2.0,0.0,2.0,0.0,2.0,0.0,4.0,4.0,2.79,1.5066,4.0,0.0,10.0,10.0,2.07,2.8478,0.0,0.0,14.0,14.0,1.8199999999999998,3.1668,0.0,3.0,29.0,26.0,8.680000000000001,5.283200000000001,6.0,0.0,0.0,0.0,0.0,0.0,0.0,0.0,3.0,3.0,1.59,0.8585999999999998,2.0,0.0,9.0,9.0,1.9300000000000002,2.8178,0.0,0.0,0.0,0.0,0.0,0.0,0.0,2.0,9.0,7.0,3.5200000000000005,1.9592000000000003,2.0,9.105,36.8975,27.7925,15.625825,8.804155,9.105,0.0,0.0,0.0,0.0,0.0,0.0,0.0,2.1106628,2.1106628,0.21106691500000002,0.379919177,0.0,12.0,229.0,217.0,64.64,76.85440000000001,12.0,5,0.6338769596696192,0.6041745909913201,0.600090728729682,0.6000025588805222,0.6000000156921729,2.0,2.79,2.07,1.8199999999999998,0.23041474654377878,0.3214285714285714,0.238479262672811,0.20967741935483866,d,Fe,-0.295049,d,Fe,-0.295049,0.0,,,
Perovskite,,BiFe0.5Sc0.5O3,220.0,Pnma,Bi1 Fe0.5 Sc0.5 O3,8.0,83.0,75.0,26.1,22.76,8.0,11.0,87.0,76.0,76.0,17.2,87.0,15.9994,208.9804,192.981,61.475811199999995,59.00183552,15.9994,54.8,1814.0,1759.2,504.26000000000005,539.3520000000001,54.8,3.0,16.0,13.0,13.7,3.2800000000000002,16.0,2.0,6.0,4.0,3.2,1.44,2.0,66.0,170.0,104.0,99.4,40.08,66.0,1.36,3.44,2.08,2.787,0.7836,3.44,2.0,2.0,0.0,2.0,0.0,2.0,0.0,4.0,4.0,3.0,1.2,4.0,0.0,10.0,10.0,2.7,3.5799999999999996,0.0,0.0,14.0,14.0,2.8,4.4799999999999995,0.0,3.0,29.0,26.0,10.5,7.4,6.0,0.0,0.0,0.0,0.0,0.0,0.0,0.0,3.0,3.0,1.8,0.72,2.0,0.0,9.0,9.0,1.3,2.08,0.0,0.0,0.0,0.0,0.0,0.0,0.0,2.0,9.0,7.0,3.1,1.36,2.0,9.105,32.95,23.845000000000002,15.3495,8.417300000000001,9.105,0.0,0.0,0.0,0.0,0.0,0.0,0.0,2.1106628,2.1106628,0.21106691500000002,0.379919177,0.0,12.0,229.0,217.0,51.9,63.839999999999996,12.0,4,0.648074069840786,0.6091199348919785,0.6005237760880777,0.6000397970967368,0.6000010180820754,2.0,3.0,2.7,2.8,0.19047619047619047,0.2857142857142857,0.2571428571428572,0.26666666666666666,d,Fe,-0.295049,d,Fe,-0.295049,0.0,,,
Disordered Spinel,,ZnFe2O4 ,10.0,,Zn1 Fe2 O4,8.0,30.0,22.0,16.285714285714285,9.469387755102039,8.0,55.0,87.0,32.0,75.28571428571429,13.387755102040815,87.0,15.9994,65.38,49.380599999999994,34.438228571428574,21.07294693877551,15.9994,54.8,1811.0,1756.2,647.6971428571429,677.5967346938776,54.8,8.0,16.0,8.0,13.142857142857142,3.2653061224489797,16.0,2.0,4.0,2.0,2.857142857142857,0.979591836734694,2.0,66.0,132.0,66.0,92.85714285714286,30.69387755102041,66.0,1.65,3.44,1.79,2.724285714285714,0.8179591836734694,3.44,2.0,2.0,0.0,2.0,0.0,2.0,0.0,4.0,4.0,2.2857142857142856,1.959183673469388,4.0,0.0,10.0,10.0,3.142857142857143,3.591836734693878,0.0,0.0,0.0,0.0,0.0,0.0,0.0,6.0,12.0,6.0,7.428571428571429,1.6326530612244898,6.0,0.0,0.0,0.0,0.0,0.0,0.0,0.0,2.0,2.0,1.1428571428571428,0.979591836734694,2.0,0.0,4.0,4.0,1.1428571428571428,1.6326530612244898,0.0,0.0,0.0,0.0,0.0,0.0,0.0,0.0,4.0,4.0,2.2857142857142856,0.9795918367346939,2.0,9.105,13.96,4.855,10.262857142857143,1.323265306122449,9.105,0.0,0.0,0.0,0.0,0.0,0.0,0.0,2.1106628,2.1106628,0.6030465142857143,0.8614950204081632,0.0,12.0,229.0,217.0,100.0,100.57142857142857,12.0,3,0.6546536707079771,0.5970484566258902,0.5750650283013602,0.5720691506685885,0.5714844049399023,2.0,2.2857142857142856,3.142857142857143,0.0,0.2692307692307692,0.30769230769230765,0.4230769230769231,0.0,d,Fe,-0.295049,d,Fe,-0.295049,0.0,True,0.5511313621135028,0.1231844352509748
Double-cell perovskite,"{'a': '3.928890 Ã… (300 K), 7.888681 Ã… (100 K)', 'b': '3.924363 Ã… (300 K), 3.912156 Ã… (100 K)', 'c': '7.520852 Ã… (300 K), 7.486775 Ã… (100 K)'}",EuBaCo2O5,360.0,"Pmmm (300 K), Pmma (100 K)",Eu1 Ba1 Co2 O5,8.0,63.0,55.0,23.666666666666668,17.407407407407405,8.0,9.0,87.0,78.0,65.0,24.444444444444443,87.0,15.9994,151.964,135.9646,54.12826555555555,42.3654061728395,15.9994,54.8,1768.0,1713.2,656.1111111111111,668.1234567901234,54.8,2.0,16.0,14.0,11.444444444444445,5.061728395061729,16.0,2.0,6.0,4.0,3.3333333333333335,1.4814814814814816,2.0,66.0,215.0,149.0,110.55555555555556,49.50617283950617,66.0,0.89,3.44,2.55,2.5594444444444444,0.9783950617283951,3.44,2.0,2.0,0.0,2.0,0.0,2.0,0.0,4.0,4.0,2.2222222222222223,1.9753086419753088,4.0,0.0,7.0,7.0,1.5555555555555556,2.419753086419753,0.0,0.0,7.0,7.0,0.7777777777777778,1.382716049382716,0.0,2.0,9.0,7.0,6.555555555555555,1.6296296296296295,6.0,0.0,0.0,0.0,0.0,0.0,0.0,0.0,2.0,2.0,1.1111111111111112,0.9876543209876544,2.0,0.0,3.0,3.0,0.6666666666666666,1.037037037037037,0.0,0.0,7.0,7.0,0.7777777777777778,1.382716049382716,0.0,0.0,7.0,7.0,2.5555555555555554,1.1851851851851851,2.0,9.105,63.59,54.485,18.451666666666668,14.032592592592593,9.105,0.0,0.0,0.0,0.0,0.0,0.0,0.0,1.5484712,1.5484712,0.34410471111111113,0.5352739950617285,0.0,12.0,229.0,217.0,100.66666666666667,98.51851851851852,12.0,4,0.6186404847588913,0.5699919822255657,0.5567592174449368,0.5556875249643823,0.5555613920796212,2.0,2.2222222222222223,1.5555555555555556,0.7777777777777778,0.3050847457627119,0.33898305084745767,0.23728813559322035,0.11864406779661017,d,Co,-0.322368,d,Co,-0.322368,0.0,True,0.8032113561415081,0.158324920718939
Perovskite,{'a': '7.95 Ã…'},Sr2FeWO6,26.5,,Sr2 Fe1 W1 O6,8.0,74.0,66.0,22.4,17.28,8.0,8.0,87.0,79.0,64.4,27.119999999999997,87.0,15.9994,183.84,167.8406,51.09214,42.111288,15.9994,54.8,3695.0,3640.2,793.48,886.4159999999999,54.8,2.0,16.0,14.0,11.4,5.5200000000000005,16.0,2.0,6.0,4.0,3.2,1.44,2.0,66.0,195.0,129.0,108.0,50.4,66.0,0.95,3.44,2.49,2.673,0.9204000000000001,3.44,2.0,2.0,0.0,2.0,0.0,2.0,0.0,4.0,4.0,2.4,1.9200000000000004,4.0,0.0,6.0,6.0,1.0,1.6,0.0,0.0,14.0,14.0,1.4,2.5199999999999996,0.0,2.0,20.0,18.0,6.8,2.88,6.0,0.0,0.0,0.0,0.0,0.0,0.0,0.0,2.0,2.0,1.2,0.9600000000000002,2.0,0.0,6.0,6.0,1.0,1.6,0.0,0.0,0.0,0.0,0.0,0.0,0.0,0.0,6.0,6.0,2.2,1.12,2.0,9.105,54.23,45.125,18.987000000000002,14.0972,9.105,0.0,0.0,0.0,0.0,0.0,0.0,0.0,2.1106628,2.1106628,0.21106628,0.37991930399999996,0.0,12.0,229.0,217.0,98.0,103.2,12.0,4,0.648074069840786,0.6091199348919785,0.6005237760880777,0.6000397970967368,0.6000010180820754,2.0,2.4,1.0,1.4,0.29411764705882354,0.35294117647058826,0.14705882352941177,0.20588235294117646,d,Fe,-0.295049,d,Fe,-0.295049,0.0,True,0.7877573323062756,0.150353826809806
GdFeO3-type,"{'a': '5.5185', 'b': '7.8153', 'c': '5.5501'}",Bi0.5La0.5Fe0.5Mn0.5O3,243.0,Pnma,Bi0.5 La0.5 Fe0.5 Mn0.5 O3,8.0,83.0,75.0,23.9,19.080000000000002,8.0,13.0,87.0,74.0,72.8,19.68,87.0,15.9994,208.9804,192.981,55.466531499999995,47.4662551,15.9994,54.8,1811.0,1756.2,539.62,581.784,54.8,3.0,16.0,13.0,12.9,4.139999999999999,16.0,2.0,6.0,4.0,3.2,1.44,2.0,66.0,207.0,141.0,102.2,43.44,66.0,1.1,3.44,2.34,2.714,0.8712,3.44,2.0,2.0,0.0,2.0,0.0,2.0,0.0,4.0,4.0,2.7,1.6199999999999999,4.0,0.0,10.0,10.0,2.2,2.8800000000000003,0.0,0.0,14.0,14.0,1.4,2.52,0.0,3.0,29.0,26.0,8.3,4.140000000000001,6.0,0.0,0.0,0.0,0.0,0.0,0.0,0.0,3.0,3.0,1.5,0.9,2.0,0.0,9.0,9.0,1.8,2.52,0.0,0.0,0.0,0.0,0.0,0.0,0.0,2.0,9.0,7.0,3.3,1.6199999999999999,2.0,9.105,36.8975,27.7925,14.569508620690002,8.141696551724001,9.105,0.0,0.0,0.0,0.0,0.0,0.0,0.0,2.1106628,2.1106628,0.2110972920689655,0.3799131015862069,0.0,12.0,229.0,217.0,72.4,84.56000000000002,12.0,5,0.6324555320336759,0.6036810736797685,0.6000617156976645,0.600001224762243,0.6000000039691611,2.0,2.7,2.2,1.4,0.24096385542168672,0.3253012048192771,0.26506024096385544,0.1686746987951807,d,Fe,-0.295049,d,Fe,-0.295049,0.0,,,
GdFeO3-type,"{'a': '5.54366', 'b': '7.82919', 'c': '5.56372'}",Bi0.1La0.9Fe0.5Mn0.5O3,245.0,Pnma,Bi0.1 La0.9 Fe0.5 Mn0.5 O3,8.0,83.0,75.0,21.82,16.584000000000003,8.0,13.0,87.0,74.0,66.96000000000001,24.809599999999996,87.0,15.9994,208.9804,192.981,49.8605371,40.63336452,15.9994,54.8,1811.0,1756.2,591.508,645.9339200000001,54.8,3.0,16.0,13.0,11.940000000000001,4.9944,16.0,2.0,6.0,4.0,3.2,1.44,2.0,66.0,207.0,141.0,106.92,49.104,66.0,1.1,3.44,2.34,2.6404,0.9595199999999998,3.44,2.0,2.0,0.0,2.0,0.0,2.0,0.0,4.0,4.0,2.46,1.8695999999999997,4.0,0.0,10.0,10.0,1.48,1.9487999999999999,0.0,0.0,14.0,14.0,0.28,0.5488000000000002,0.0,3.0,29.0,26.0,6.220000000000001,1.4232000000000002,6.0,0.0,0.0,0.0,0.0,0.0,0.0,0.0,3.0,3.0,1.26,0.9576,2.0,0.0,9.0,9.0,2.52,3.1248,0.0,0.0,0.0,0.0,0.0,0.0,0.0,2.0,9.0,7.0,3.78,2.1672000000000002,2.0,9.105,36.8975,27.7925,14.885308620690003,8.646976551724002,9.105,0.0,0.0,0.0,0.0,0.0,0.0,0.0,2.1106628,2.1106628,0.2110972920689655,0.3799131015862069,0.0,12.0,229.0,217.0,86.96,92.95040000000002,12.0,5,0.6424951361683604,0.6071731604581663,0.6003221230724812,0.6000193562296577,0.6000003562776286,2.0,2.46,1.48,0.28,0.32154340836012857,0.39549839228295813,0.23794212218649516,0.04501607717041801,d,Fe,-0.295049,d,Fe,-0.295049,0.0,,,
GdFeO3-type,"{'a': '5.63523', 'b': '7.73337', 'c': '5.43789'}",Bi0.5Nd0.5Fe0.5Mn0.5O3,252.0,Pnma,Bi0.5 Nd0.5 Fe0.5 Mn0.5 O3,8.0,83.0,75.0,24.2,19.439999999999998,8.0,19.0,87.0,68.0,73.4,18.839999999999996,87.0,15.9994,208.9804,192.981,56.0001845,48.2444062,15.9994,54.8,1811.0,1756.2,549.72,594.9680000000001,54.8,3.0,16.0,13.0,12.9,4.139999999999999,16.0,2.0,6.0,4.0,3.2,1.44,2.0,66.0,201.0,135.0,101.6,42.72,66.0,1.14,3.44,2.3,2.718,0.8664,3.44,2.0,2.0,0.0,2.0,0.0,2.0,0.0,4.0,4.0,2.7,1.6199999999999999,4.0,0.0,10.0,10.0,2.1,2.9400000000000004,0.0,0.0,14.0,14.0,1.8,2.88,0.0,6.0,29.0,23.0,8.6,4.08,6.0,0.0,0.0,0.0,0.0,0.0,0.0,0.0,3.0,3.0,1.5,0.9,2.0,0.0,5.0,5.0,0.9,1.44,0.0,0.0,10.0,10.0,1.0,1.8,0.0,2.0,10.0,8.0,3.4,1.7599999999999998,2.0,9.105,34.81,25.705000000000002,14.360758620690001,7.807696551724002,9.105,0.0,0.0,0.0,0.0,0.0,0.0,0.0,2.1106628,2.1106628,0.2110972920689655,0.3799131015862069,0.0,12.0,229.0,217.0,72.4,84.56000000000002,12.0,5,0.6324555320336759,0.6036810736797685,0.6000617156976645,0.600001224762243,0.6000000039691611,2.0,2.7,2.1,1.8,0.23255813953488372,0.3139534883720931,0.24418604651162792,0.20930232558139536,d,Mn,-0.26654,d,Mn,-0.26654,0.0,,,
GdFeO3-type,"{'a': '5.60647', 'b': '7.77011', 'c': '5.44564'}",Bi0.3Nd0.7Fe0.5Mn0.5O3,254.0,Pnma,Bi0.3 Nd0.7 Fe0.5 Mn0.5 O3,8.0,83.0,75.0,23.28,18.336000000000002,8.0,19.0,87.0,68.0,70.72,21.3696,87.0,15.9994,208.9804,192.981,53.4106485,44.893498199999996,15.9994,54.8,1811.0,1756.2,579.704,634.1212800000001,54.8,3.0,16.0,13.0,12.42,4.6056,16.0,2.0,6.0,4.0,3.2,1.44,2.0,66.0,201.0,135.0,103.72,45.263999999999996,66.0,1.14,3.44,2.3,2.6828,0.9086399999999999,3.44,2.0,2.0,0.0,2.0,0.0,2.0,0.0,4.0,4.0,2.58,1.7543999999999997,4.0,0.0,10.0,10.0,1.7,2.516,0.0,0.0,14.0,14.0,1.4,2.2399999999999998,0.0,6.0,29.0,23.0,7.68,2.6224,6.0,0.0,0.0,0.0,0.0,0.0,0.0,0.0,3.0,3.0,1.3800000000000001,0.9383999999999999,2.0,0.0,5.0,5.0,0.9,1.44,0.0,0.0,10.0,10.0,1.4,2.408,0.0,2.0,10.0,8.0,3.6799999999999997,2.0976,2.0,9.105,34.81,25.705000000000002,14.43515862069,7.926736551724,9.105,0.0,0.0,0.0,0.0,0.0,0.0,0.0,2.1106628,2.1106628,0.2110972920689655,0.3799131015862069,0.0,12.0,229.0,217.0,79.67999999999999,89.3376,12.0,5,0.6349803146555018,0.6045578811192273,0.6001150176230956,0.600003848563998,0.6000000306930323,2.0,2.58,1.7,1.4,0.2604166666666667,0.3359375,0.22135416666666666,0.18229166666666666,d,Mn,-0.26654,d,Mn,-0.26654,0.0,,,
GdFeO3-type,"{'a': '5.57584', 'b': '7.72696', 'c': '5.44263'}",Bi0.1Nd0.9Fe0.5Mn0.5O3,240.0,Pnma,Bi0.1 Nd0.9 Fe0.5 Mn0.5 O3,8.0,83.0,75.0,22.36,17.232,8.0,19.0,87.0,68.0,68.03999999999999,23.4704,87.0,15.9994,208.9804,192.981,50.821112500000005,41.786055,15.9994,54.8,1811.0,1756.2,609.688,668.47712,54.8,3.0,16.0,13.0,11.940000000000001,4.9944,16.0,2.0,6.0,4.0,3.2,1.44,2.0,66.0,201.0,135.0,105.84,47.80800000000001,66.0,1.14,3.44,2.3,2.6475999999999997,0.9508800000000001,3.44,2.0,2.0,0.0,2.0,0.0,2.0,0.0,4.0,4.0,2.46,1.8695999999999997,4.0,0.0,10.0,10.0,1.3,2.028,0.0,0.0,14.0,14.0,1.0,1.6,0.0,6.0,29.0,23.0,6.76,1.1855999999999998,6.0,0.0,0.0,0.0,0.0,0.0,0.0,0.0,3.0,3.0,1.26,0.9576,2.0,0.0,5.0,5.0,0.9,1.44,0.0,0.0,10.0,10.0,1.8,2.952,0.0,2.0,10.0,8.0,3.96,2.3903999999999996,2.0,9.105,34.81,25.705000000000002,14.509558620690001,8.045776551724,9.105,0.0,0.0,0.0,0.0,0.0,0.0,0.0,2.1106628,2.1106628,0.2110972920689655,0.3799131015862069,0.0,12.0,229.0,217.0,86.96,92.95040000000002,12.0,5,0.6424951361683604,0.6071731604581663,0.6003221230724812,0.6000193562296577,0.6000003562776286,2.0,2.46,1.3,1.0,0.2958579881656805,0.363905325443787,0.19230769230769232,0.14792899408284024,d,Mn,-0.26654,d,Mn,-0.26654,0.0,,,
Pnma,,Ca2Fe2O5,716.15,Pnma,Ca2 Fe2 O5,8.0,26.0,18.0,14.666666666666666,7.4074074074074066,8.0,7.0,87.0,80.0,62.111111111111114,27.65432098765432,87.0,15.9994,55.845,39.8456,30.204777777777778,15.783753086419754,15.9994,54.8,1811.0,1756.2,680.6666666666666,695.4074074074075,54.8,2.0,16.0,14.0,11.11111111111111,5.432098765432098,16.0,2.0,4.0,2.0,2.888888888888889,0.9876543209876544,2.0,66.0,176.0,110.0,105.11111111111111,43.456790123456784,66.0,1.0,3.44,2.44,2.54,1.0,3.44,2.0,2.0,0.0,2.0,0.0,2.0,0.0,4.0,4.0,2.2222222222222223,1.9753086419753088,4.0,0.0,6.0,6.0,1.3333333333333333,2.074074074074074,0.0,0.0,0.0,0.0,0.0,0.0,0.0,2.0,8.0,6.0,5.555555555555555,1.580246913580247,6.0,0.0,0.0,0.0,0.0,0.0,0.0,0.0,2.0,2.0,1.1111111111111112,0.9876543209876544,2.0,0.0,4.0,4.0,0.8888888888888888,1.382716049382716,0.0,0.0,0.0,0.0,0.0,0.0,0.0,0.0,4.0,4.0,2.0,0.8888888888888888,2.0,9.105,37.77,28.665000000000003,15.836111111111112,9.748395061728395,9.105,0.0,0.0,0.0,0.0,0.0,0.0,0.0,2.1106628,2.1106628,0.4690361777777778,0.7296118320987655,0.0,12.0,229.0,217.0,107.55555555555556,106.17283950617283,12.0,3,0.6382847385042254,0.5783142070438002,0.5578126955913372,0.5558152545684256,0.5555672053006344,2.0,2.2222222222222223,1.3333333333333333,0.0,0.36,0.4,0.24,0.0,d,Fe,-0.295049,d,Fe,-0.295049,0.0,True,0.7742664595807831,0.16228058320017663
Pnma,,Ca2Zn0.05Fe1.95O5,703.15,Pnma,Ca2 Zn0.05 Fe1.95 O5,8.0,30.0,22.0,14.688888888888888,7.432098765432098,8.0,7.0,87.0,80.0,62.1888888888889,27.64358024691358,87.0,15.9994,65.38,49.380599999999994,30.25775,15.842611111111113,15.9994,54.8,1811.0,1756.2,674.4537777777778,688.5041975308642,54.8,2.0,16.0,14.0,11.133333333333333,5.417037037037037,16.0,2.0,4.0,2.0,2.888888888888889,0.9876543209876544,2.0,66.0,176.0,110.0,105.05555555555556,43.39506172839506,66.0,1.0,3.44,2.44,2.5389999999999997,1.001111111111111,3.44,2.0,2.0,0.0,2.0,0.0,2.0,0.0,4.0,4.0,2.2222222222222223,1.9753086419753088,4.0,0.0,10.0,10.0,1.3555555555555554,2.1086419753086414,0.0,0.0,0.0,0.0,0.0,0.0,0.0,2.0,12.0,10.0,5.577777777777778,1.590123456790123,6.0,0.0,0.0,0.0,0.0,0.0,0.0,0.0,2.0,2.0,1.1111111111111112,0.9876543209876544,2.0,0.0,4.0,4.0,0.8666666666666667,1.3577777777777778,0.0,0.0,0.0,0.0,0.0,0.0,0.0,0.0,4.0,4.0,1.9777777777777779,0.9009876543209876,2.0,9.105,37.77,28.665000000000003,15.854055555555558,9.740419753086421,9.105,0.0,0.0,0.0,0.0,0.0,0.0,0.0,2.1106628,2.1106628,0.4573102733333333,0.7164527615555555,0.0,12.0,229.0,217.0,107.36111111111111,105.95679012345678,12.0,4,0.6363961030678927,0.5775133021422306,0.5576795217988426,0.5557941930602648,0.55556590255837,2.0,2.2222222222222223,1.3555555555555554,0.0,0.3585657370517928,0.398406374501992,0.2430278884462151,0.0,d,Fe,-0.295049,d,Fe,-0.295049,0.0,,,
Pnma,,Ca2Zn0.10Fe1.90O5,697.15,Pnma,Ca2 Zn0.1 Fe1.9 O5,8.0,30.0,22.0,14.711111111111112,7.45679012345679,8.0,7.0,87.0,80.0,62.266666666666666,27.63111111111111,87.0,15.9994,65.38,49.380599999999994,30.31072222222222,15.901469135802472,15.9994,54.8,1811.0,1756.2,668.2408888888889,681.600987654321,54.8,2.0,16.0,14.0,11.155555555555557,5.401481481481481,16.0,2.0,4.0,2.0,2.888888888888889,0.9876543209876544,2.0,66.0,176.0,110.0,105.0,43.333333333333336,66.0,1.0,3.44,2.44,2.538,1.0022222222222221,3.44,2.0,2.0,0.0,2.0,0.0,2.0,0.0,4.0,4.0,2.2222222222222223,1.9753086419753088,4.0,0.0,10.0,10.0,1.3777777777777775,2.1432098765432093,0.0,0.0,0.0,0.0,0.0,0.0,0.0,2.0,12.0,10.0,5.6,1.6000000000000003,6.0,0.0,0.0,0.0,0.0,0.0,0.0,0.0,2.0,2.0,1.1111111111111112,0.9876543209876544,2.0,0.0,4.0,4.0,0.8444444444444444,1.3323456790123456,0.0,0.0,0.0,0.0,0.0,0.0,0.0,0.0,4.0,4.0,1.9555555555555557,0.9125925925925925,2.0,9.105,37.77,28.665000000000003,15.872000000000002,9.732444444444447,9.105,0.0,0.0,0.0,0.0,0.0,0.0,0.0,2.1106628,2.1106628,0.4455843688888889,0.7030331153580246,0.0,12.0,229.0,217.0,107.16666666666667,105.74074074074075,12.0,4,0.6345991249463838,0.5767514103576993,0.5575592194170238,0.555776130418039,0.5555648681707466,2.0,2.2222222222222223,1.3777777777777775,0.0,0.35714285714285715,0.39682539682539686,0.24603174603174602,0.0,d,Fe,-0.295049,d,Fe,-0.295049,0.0,,,
Perovskite,"{'a': '5.5030 Ã…', 'c': '13.4081 Ã…'}",LaCrO3,290.0,R-3c (167),La1 Cr1 O3,8.0,57.0,49.0,21.0,15.6,8.0,13.0,87.0,74.0,64.6,26.880000000000003,87.0,15.9994,138.90547,122.90607000000001,47.779954,38.1366648,15.9994,54.8,2180.0,2125.2,707.48,783.216,54.8,3.0,16.0,13.0,11.4,5.5200000000000005,16.0,2.0,6.0,4.0,3.2,1.44,2.0,66.0,207.0,141.0,108.8,51.35999999999999,66.0,1.1,3.44,2.34,2.616,0.9888,3.44,1.0,2.0,1.0,1.8,0.31999999999999995,2.0,0.0,4.0,4.0,2.4,1.9200000000000004,4.0,0.0,5.0,5.0,1.2,1.52,0.0,0.0,0.0,0.0,0.0,0.0,0.0,3.0,6.0,3.0,5.4,0.9599999999999997,6.0,0.0,1.0,1.0,0.2,0.32,0.0,0.0,2.0,2.0,1.2,0.9600000000000002,2.0,0.0,9.0,9.0,2.8,3.3599999999999994,0.0,0.0,0.0,0.0,0.0,0.0,0.0,2.0,9.0,7.0,4.2,2.6399999999999997,2.0,9.105,36.8975,27.7925,15.0805,8.7268,9.105,0.0,0.0,0.0,0.0,0.0,0.0,0.0,0.0,0.0,0.0,0.0,0.0,12.0,229.0,217.0,91.8,95.75999999999999,12.0,3,0.6633249580710799,0.6144633651371695,0.6009844187491661,0.6000783545597032,0.6000020321795635,1.8,2.4,1.2,0.0,0.3333333333333333,0.4444444444444444,0.2222222222222222,0.0,d,La,-0.141085,d,La,-0.141085,0.0,True,0.7456133690005962,0.15814269714087575
Perovskite,,YMn0.5Cr0.5O3,73.0,,Y1 Mn0.5 Cr0.5 O3,8.0,39.0,31.0,17.5,11.4,8.0,12.0,87.0,75.0,64.7,26.76,87.0,15.9994,88.90585,72.90645,38.0742245,26.489789399999996,15.9994,54.8,2180.0,2125.2,762.58,849.336,54.8,3.0,16.0,13.0,11.5,5.4,16.0,2.0,5.0,3.0,3.0,1.2,2.0,66.0,190.0,124.0,105.4,47.28,66.0,1.22,3.44,2.2199999999999998,2.629,0.9732,3.44,1.0,2.0,1.0,1.9,0.18000000000000008,2.0,0.0,4.0,4.0,2.4,1.9200000000000004,4.0,0.0,5.0,5.0,1.2,1.52,0.0,0.0,0.0,0.0,0.0,0.0,0.0,3.0,7.0,4.0,5.5,1.0,6.0,0.0,1.0,1.0,0.1,0.18000000000000002,0.0,0.0,2.0,2.0,1.2,0.9600000000000002,2.0,0.0,9.0,9.0,2.8,3.3599999999999994,0.0,0.0,0.0,0.0,0.0,0.0,0.0,2.0,9.0,7.0,4.1,2.52,2.0,9.105,32.365,23.26,14.103758620690002,7.304496551724002,9.105,0.0,0.0,0.0,0.0,0.0,0.0,0.0,0.000310120689655,0.000310120689655,3.10120689655e-05,5.58217241379e-05,0.0,12.0,229.0,217.0,90.6,94.32000000000001,12.0,4,0.648074069840786,0.6091199348919785,0.6005237760880777,0.6000397970967368,0.6000010180820754,1.9,2.4,1.2,0.0,0.34545454545454546,0.43636363636363634,0.21818181818181817,0.0,d,Mn,-0.26654,d,Mn,-0.26654,0.0,,,
Perovskite,"{'a': '7.75465 Ã…', 'b': '7.82061 Ã…', 'c': '7.52938 Ã…'}",EuBaCo2O5.5,258.5,Pmma,Eu1 Ba1 Co2 O5.5,8.0,63.0,55.0,22.842105263157894,17.185595567867036,8.0,9.0,87.0,78.0,66.15789473684211,24.132963988919666,87.0,15.9994,151.964,135.9646,52.12148315789474,41.82556997229917,15.9994,54.8,1768.0,1713.2,624.4631578947368,659.6099722991689,54.8,2.0,16.0,14.0,11.68421052631579,4.997229916897507,16.0,2.0,6.0,4.0,3.263157894736842,1.4626038781163435,2.0,66.0,215.0,149.0,108.21052631578948,48.875346260387815,66.0,0.89,3.44,2.55,2.60578947368421,0.9659279778393352,3.44,2.0,2.0,0.0,2.0,0.0,2.0,0.0,4.0,4.0,2.3157894736842106,1.9501385041551247,4.0,0.0,7.0,7.0,1.4736842105263157,2.326869806094183,0.0,0.0,7.0,7.0,0.7368421052631579,1.3185595567867034,0.0,2.0,9.0,7.0,6.526315789473684,1.5623268698060941,6.0,0.0,0.0,0.0,0.0,0.0,0.0,0.0,2.0,2.0,1.1578947368421053,0.9750692520775623,2.0,0.0,3.0,3.0,0.631578947368421,0.9972299168975068,0.0,0.0,7.0,7.0,0.7368421052631579,1.3185595567867034,0.0,0.0,7.0,7.0,2.526315789473684,1.1412742382271468,2.0,9.105,63.59,54.485,17.959736842105265,13.501163434903049,9.105,0.0,0.0,0.0,0.0,0.0,0.0,0.0,1.5484712,1.5484712,0.32599393684210526,0.5147272686980608,0.0,12.0,229.0,217.0,96.0,97.26315789473684,12.0,4,0.6337681357259103,0.5903216849822123,0.5797274933143648,0.5790179654936279,0.5789497134684986,2.0,2.3157894736842106,1.4736842105263157,0.7368421052631579,0.3064516129032258,0.3548387096774194,0.22580645161290322,0.11290322580645161,d,Co,-0.322368,d,Co,-0.322368,0.0,,,
Pillared Perovskite,"{'a': '7.9553 Ã…', 'b': '7.9960 Ã…', 'c': '10.1895 Ã…'}",La5Re3FeO16,155.0,C1Ì„,La5 Re3 Fe1 O16,8.0,75.0,67.0,26.56,23.801599999999997,8.0,13.0,87.0,74.0,66.96,25.6512,87.0,15.9994,186.207,170.20759999999999,62.599349999999994,60.188284,15.9994,54.8,3459.0,3404.2,761.192,904.18176,54.8,3.0,16.0,13.0,12.0,5.12,16.0,2.0,6.0,4.0,3.36,1.7408,2.0,66.0,207.0,141.0,107.04,52.531200000000005,66.0,1.1,3.44,2.34,2.7228,0.918016,3.44,2.0,2.0,0.0,2.0,0.0,2.0,0.0,4.0,4.0,2.56,1.8432,4.0,0.0,6.0,6.0,1.04,1.3472,0.0,0.0,14.0,14.0,1.68,2.9568,0.0,3.0,21.0,18.0,7.28,3.3504,6.0,0.0,0.0,0.0,0.0,0.0,0.0,0.0,2.0,2.0,1.28,0.9216,2.0,0.0,9.0,9.0,2.56,3.2767999999999997,0.0,0.0,0.0,0.0,0.0,0.0,0.0,2.0,9.0,7.0,3.84,2.3552,2.0,9.105,36.8975,27.7925,15.3945,8.6012,9.105,0.0,0.0,0.0,0.0,0.0,0.0,0.0,2.1106628,2.1106628,0.08442651200000001,0.16209890304000002,0.0,12.0,229.0,217.0,78.92,85.6576,12.0,4,0.6823488843692792,0.6478715388292741,0.6404107273663517,0.6400273509379306,0.6400005718690516,2.0,2.56,1.04,1.68,0.2747252747252747,0.3516483516483516,0.14285714285714285,0.23076923076923075,d,Re,-0.258639,d,Re,-0.258639,0.0,True,0.7456133690005962,0.14655094447995964
Rhombohedral Perovskite,"{'a': '5.484', 'c': '6.678'}",Bi0.975Zn0.025Fe0.975Ni0.025O3,573.15,,Bi0.975 Zn0.025 Fe0.975 Ni0.025 O3,8.0,83.0,75.0,26.345,22.14855,8.0,55.0,87.0,32.0,80.345,10.19145,87.0,15.9994,208.9804,192.981,61.86096,57.411772,15.9994,54.8,1811.0,1756.2,504.28639999999996,539.3836799999999,54.8,8.0,16.0,8.0,14.194999999999999,2.479950000000001,16.0,2.0,6.0,4.0,3.19,1.428,2.0,66.0,148.0,82.0,95.42999999999999,35.315999999999995,66.0,1.65,3.44,1.79,2.8325500000000003,0.7289399999999999,3.44,2.0,2.0,0.0,2.0,0.0,2.0,0.0,4.0,4.0,2.9850000000000003,1.2238499999999999,4.0,0.0,10.0,10.0,3.21,3.8519999999999994,0.0,0.0,14.0,14.0,2.73,4.395300000000001,0.0,6.0,29.0,23.0,10.925,7.06,6.0,0.0,0.0,0.0,0.0,0.0,0.0,0.0,3.0,3.0,1.7850000000000001,0.7318499999999999,2.0,0.0,4.0,4.0,0.7899999999999999,1.264,0.0,0.0,0.0,0.0,0.0,0.0,0.0,0.0,4.0,4.0,2.575,0.7215,2.0,9.105,32.95,23.845000000000002,14.102,7.350720000000001,9.105,0.0,0.0,0.0,0.0,0.0,0.0,0.0,2.1106628,2.1106628,0.4145562195,0.6632899512,0.0,12.0,229.0,217.0,56.290000000000006,70.4211,12.0,5,0.6603786792439622,0.6134286897528081,0.6008677046418147,0.6000656332952469,0.6000015776465683,2.0,2.9850000000000003,3.21,2.73,0.18306636155606407,0.2732265446224256,0.2938215102974828,0.24988558352402745,d,Fe,-0.295049,d,Fe,-0.295049,0.0,,,
Rhombohedral Perovskite,"{'a': '5.466', 'c': '6.658'}",Bi0.9Zn0.1Fe0.9Ni0.1O3,598.15,,Bi0.9 Zn0.1 Fe0.9 Ni0.1 O3,8.0,83.0,75.0,25.580000000000002,21.096000000000004,8.0,55.0,87.0,32.0,80.17999999999999,10.279200000000005,87.0,15.9994,208.9804,192.981,59.74968,53.948271999999996,15.9994,54.8,1811.0,1756.2,505.26560000000006,540.55872,54.8,8.0,16.0,8.0,14.180000000000001,2.479199999999999,16.0,2.0,6.0,4.0,3.16,1.3920000000000001,2.0,66.0,148.0,82.0,94.91999999999999,34.70399999999999,66.0,1.65,3.44,1.79,2.8282,0.7341599999999999,3.44,2.0,2.0,0.0,2.0,0.0,2.0,0.0,4.0,4.0,2.94,1.2936,4.0,0.0,10.0,10.0,3.2399999999999998,3.8879999999999995,0.0,0.0,14.0,14.0,2.52,4.1328000000000005,0.0,6.0,29.0,23.0,10.7,6.640000000000001,6.0,0.0,0.0,0.0,0.0,0.0,0.0,0.0,3.0,3.0,1.7399999999999998,0.7656000000000002,2.0,0.0,4.0,4.0,0.76,1.216,0.0,0.0,0.0,0.0,0.0,0.0,0.0,0.0,4.0,4.0,2.5,0.72,2.0,9.105,32.95,23.845000000000002,13.811000000000002,6.896000000000003,9.105,0.0,0.0,0.0,0.0,0.0,0.0,0.0,2.1106628,2.1106628,0.391827198,0.6269235168,0.0,12.0,229.0,217.0,58.96,73.2576,12.0,5,0.6523802572120037,0.6106255340761997,0.6005820793922927,0.6000374844102734,0.6000007085842345,2.0,2.94,3.2399999999999998,2.52,0.1869158878504673,0.27476635514018694,0.30280373831775703,0.2355140186915888,d,Fe,-0.295049,d,Fe,-0.295049,0.0,,,
Orthorhombic perovskite,,PrTiO3,120.0,,Pr1 Ti1 O3,8.0,59.0,51.0,21.0,15.6,8.0,17.0,87.0,70.0,64.2,27.360000000000003,87.0,15.9994,140.90765,124.90825,47.354569999999995,37.626203999999994,15.9994,54.8,1941.0,1886.2,661.88,728.496,54.8,3.0,16.0,13.0,11.0,6.0,16.0,2.0,6.0,4.0,3.2,1.44,2.0,66.0,203.0,137.0,112.2,55.44000000000001,66.0,1.13,3.44,2.31,2.598,1.0104,3.44,2.0,2.0,0.0,2.0,0.0,2.0,0.0,4.0,4.0,2.4,1.9200000000000004,4.0,0.0,2.0,2.0,0.4,0.64,0.0,0.0,3.0,3.0,0.6,0.96,0.0,4.0,6.0,2.0,5.4,0.72,6.0,0.0,0.0,0.0,0.0,0.0,0.0,0.0,2.0,2.0,1.2,0.9600000000000002,2.0,0.0,8.0,8.0,1.6,2.56,0.0,0.0,11.0,11.0,2.2,3.5200000000000005,0.0,2.0,11.0,9.0,5.0,3.6,2.0,9.105,35.675,26.569999999999997,15.935999999999998,8.197199999999999,9.105,0.0,0.0,0.0,0.0,0.0,0.0,0.0,2.25333333333e-05,2.25333333333e-05,4.50666666666e-06,7.210666666656e-06,0.0,12.0,194.0,182.0,84.8,87.35999999999999,12.0,3,0.6633249580710799,0.6144633651371695,0.6009844187491661,0.6000783545597032,0.6000020321795635,2.0,2.4,0.4,0.6,0.37037037037037035,0.4444444444444444,0.07407407407407407,0.1111111111111111,d,Ti,-0.17001,d,Ti,-0.17001,0.0,False,0.7365851201998697,0.1613698414512813
Orthorhombic perovskite,,NdTiO3,90.0,,Nd1 Ti1 O3,8.0,60.0,52.0,21.2,15.839999999999998,8.0,19.0,87.0,68.0,64.6,26.880000000000003,87.0,15.9994,144.242,128.24259999999998,48.02144,38.488223999999995,15.9994,54.8,1941.0,1886.2,679.88,750.096,54.8,3.0,16.0,13.0,11.0,6.0,16.0,2.0,6.0,4.0,3.2,1.44,2.0,66.0,201.0,135.0,111.8,54.959999999999994,66.0,1.14,3.44,2.3,2.6,1.008,3.44,2.0,2.0,0.0,2.0,0.0,2.0,0.0,4.0,4.0,2.4,1.9200000000000004,4.0,0.0,2.0,2.0,0.4,0.64,0.0,0.0,4.0,4.0,0.8,1.28,0.0,4.0,6.0,2.0,5.6,0.6400000000000002,6.0,0.0,0.0,0.0,0.0,0.0,0.0,0.0,2.0,2.0,1.2,0.9600000000000002,2.0,0.0,8.0,8.0,1.6,2.56,0.0,0.0,10.0,10.0,2.0,3.2,0.0,2.0,10.0,8.0,4.8,3.3599999999999994,2.0,9.105,34.81,25.705000000000002,15.763,7.9896,9.105,0.0,0.0,0.0,0.0,0.0,0.0,0.0,2.25333333333e-05,2.25333333333e-05,4.50666666666e-06,7.210666666656e-06,0.0,12.0,194.0,182.0,84.8,87.35999999999999,12.0,3,0.6633249580710799,0.6144633651371695,0.6009844187491661,0.6000783545597032,0.6000020321795635,2.0,2.4,0.4,0.8,0.35714285714285715,0.4285714285714286,0.07142857142857144,0.14285714285714288,f,Nd,-0.179508,f,Nd,-0.179508,0.0,False,0.7335317021864758,0.16092568608868568
6H-perovskite,,Ba3ScIr2O9,10.0,P63/mmc,Ba3 Sc1 Ir2 O9,8.0,77.0,69.0,27.666666666666668,24.488888888888887,8.0,9.0,87.0,78.0,62.733333333333334,29.119999999999997,87.0,15.9994,192.217,176.2176,65.69103413333333,62.39464391111111,15.9994,54.8,2739.0,2684.2,719.0133333333334,797.056,54.8,2.0,16.0,14.0,11.4,5.5200000000000005,16.0,2.0,6.0,4.0,3.466666666666667,1.76,2.0,66.0,215.0,149.0,112.73333333333333,56.080000000000005,66.0,0.89,3.44,2.55,2.626,0.9768,3.44,2.0,2.0,0.0,2.0,0.0,2.0,0.0,4.0,4.0,2.4,1.9199999999999997,4.0,0.0,7.0,7.0,1.0,1.6,0.0,0.0,14.0,14.0,1.8666666666666667,3.2355555555555555,0.0,2.0,23.0,21.0,7.266666666666667,4.195555555555555,6.0,0.0,0.0,0.0,0.0,0.0,0.0,0.0,2.0,2.0,1.2,0.9599999999999999,2.0,0.0,9.0,9.0,1.0,1.6,0.0,0.0,0.0,0.0,0.0,0.0,0.0,0.0,9.0,9.0,2.2,1.12,2.0,9.105,63.59,54.485,21.558,16.903066666666668,9.105,0.0,0.0,0.0,0.0,0.0,0.0,0.0,6.35e-06,6.35e-06,4.2333333333333334e-07,7.902222222222223e-07,0.0,12.0,229.0,217.0,95.93333333333334,100.72000000000001,12.0,4,0.6497862896539309,0.6097182849180557,0.6005598443804944,0.600041495795179,0.6000010337352816,2.0,2.4,1.0,1.8666666666666667,0.27522935779816515,0.33027522935779813,0.13761467889908258,0.25688073394495414,d,Ir,-0.335189,d,Ir,-0.335189,0.0,False,0.8032113561415081,0.1598112305771377
6H-perovskite,,Ba3InIr2O9,1.6,P63/mmc,Ba3 In1 Ir2 O9,8.0,77.0,69.0,29.533333333333335,25.84,8.0,9.0,87.0,78.0,67.0,25.066666666666666,87.0,15.9994,192.217,176.2176,70.34850666666667,65.218928,15.9994,54.8,2739.0,2684.2,626.73,712.58,54.8,2.0,16.0,14.0,12.066666666666666,4.844444444444445,16.0,2.0,6.0,4.0,3.533333333333333,1.84,2.0,66.0,215.0,149.0,110.86666666666666,53.84,66.0,0.89,3.44,2.55,2.6540000000000004,0.9431999999999998,3.44,2.0,2.0,0.0,2.0,0.0,2.0,0.0,4.0,4.0,2.466666666666667,1.84,4.0,0.0,10.0,10.0,1.6,2.56,0.0,0.0,14.0,14.0,1.8666666666666667,3.2355555555555555,0.0,2.0,23.0,21.0,7.933333333333334,4.693333333333333,6.0,0.0,0.0,0.0,0.0,0.0,0.0,0.0,5.0,5.0,1.5333333333333334,1.0222222222222221,2.0,0.0,3.0,3.0,0.4,0.6933333333333334,0.0,0.0,0.0,0.0,0.0,0.0,0.0,0.0,5.0,5.0,1.9333333333333333,0.7733333333333333,2.0,9.105,63.59,54.485,21.692999999999998,17.101066666666664,9.105,0.0,0.0,0.0,0.0,0.0,0.0,0.0,0.0,0.0,0.0,0.0,0.0,12.0,229.0,217.0,92.26666666666667,96.32000000000001,12.0,4,0.6497862896539309,0.6097182849180557,0.6005598443804944,0.600041495795179,0.6000010337352816,2.0,2.466666666666667,1.6,1.8666666666666667,0.25210084033613445,0.31092436974789917,0.20168067226890757,0.23529411764705882,d,Ir,-0.335189,d,Ir,-0.335189,0.0,False,0.8032113561415081,0.1539131762974191
"Pnma (RT), P21/m (10K)","{'a': '5.3347(1) (RT), 5.3515(1) (10K)', 'b': '7.5124(2) (RT), 7.4458(1) (10K)', 'c': '5.3129(1) (RT), 5.3245(1) (10K)'}",Sm0.2Ca0.8MnO3,150.0,"Pnma (RT), P21/m (10K)",Sm0.2 Ca0.8 Mn1 O3,8.0,62.0,54.0,15.48,8.975999999999999,8.0,7.0,87.0,80.0,64.64,26.832000000000004,87.0,15.9994,150.36,134.3606,33.014129000000004,20.417674800000004,15.9994,54.8,1519.0,1464.2,568.88,616.8960000000001,54.8,2.0,16.0,14.0,11.440000000000001,5.4719999999999995,16.0,2.0,6.0,4.0,2.88,1.056,2.0,66.0,198.0,132.0,103.47999999999999,44.976,66.0,1.0,3.44,2.44,2.5808,1.03104,3.44,2.0,2.0,0.0,2.0,0.0,2.0,0.0,4.0,4.0,2.4,1.9200000000000004,4.0,0.0,5.0,5.0,1.0,1.6,0.0,0.0,6.0,6.0,0.24000000000000005,0.46080000000000004,0.0,2.0,8.0,6.0,5.64,1.1648,6.0,0.0,0.0,0.0,0.0,0.0,0.0,0.0,2.0,2.0,1.2,0.9600000000000002,2.0,0.0,5.0,5.0,1.0,1.6,0.0,0.0,8.0,8.0,0.32,0.6144000000000001,0.0,0.0,8.0,8.0,2.52,1.4304000000000001,2.0,9.105,37.77,28.665000000000003,14.93291724138,8.771633103448,9.105,0.0,0.0,0.0,0.0,0.0,0.0,0.0,0.000310120689655,0.000310120689655,6.2024137931e-05,9.923862068959999e-05,0.0,12.0,225.0,213.0,93.24,97.488,12.0,4,0.6536053855347277,0.6110543442831938,0.6006543735623902,0.6000474011882218,0.6000011251993493,2.0,2.4,1.0,0.24000000000000005,0.3546099290780142,0.425531914893617,0.1773049645390071,0.042553191489361715,d,Mn,-0.26654,d,Mn,-0.26654,0.0,,,
Pnma,"{'a': '5.3610(2) (300K), 5.3601(2) (150K), 5.3588(2) (10K)', 'b': '7.5361(2) (300K), 7.5282(3) (150K), 7.5282(3) (10K)', 'c': '5.3258(2) (300K), 5.3182(2) (150K), 5.3138(2) (10K)'}",Sm0.2Ca0.8Mn0.9Ru0.1O3,110.0,Pnma,Sm0.2 Ca0.8 Mn0.9 Ru0.1 O3,8.0,62.0,54.0,15.86,9.431999999999999,8.0,7.0,87.0,80.0,64.72,26.736,87.0,15.9994,150.36,134.3606,33.9367681,21.52484172,15.9994,54.8,2607.0,2552.2,590.6400000000001,643.008,54.8,2.0,16.0,14.0,11.459999999999999,5.448,16.0,2.0,6.0,4.0,2.9,1.08,2.0,66.0,198.0,132.0,103.62,45.144000000000005,66.0,1.0,3.44,2.44,2.5938000000000003,1.01544,3.44,1.0,2.0,1.0,1.98,0.03920000000000002,2.0,0.0,4.0,4.0,2.4,1.9200000000000004,4.0,0.0,7.0,7.0,1.04,1.6640000000000001,0.0,0.0,6.0,6.0,0.24000000000000005,0.46080000000000004,0.0,2.0,8.0,6.0,5.66,1.1712,6.0,0.0,1.0,1.0,0.02,0.0392,0.0,0.0,2.0,2.0,1.2,0.9600000000000002,2.0,0.0,5.0,5.0,0.96,1.536,0.0,0.0,8.0,8.0,0.32,0.6144000000000001,0.0,0.0,8.0,8.0,2.5,1.4,2.0,9.105,37.77,28.665000000000003,14.993365517242001,8.747453793103201,9.105,0.0,0.0,0.0,0.0,0.0,0.0,0.0,0.000310120689655,0.000310120689655,5.58217241379e-05,9.154762758615601e-05,0.0,12.0,225.0,213.0,92.78,96.936,12.0,5,0.648074069840786,0.6091199348919785,0.6004528960146314,0.6000269618754982,0.600000463395966,1.98,2.4,1.04,0.24000000000000005,0.3498233215547703,0.4240282685512367,0.18374558303886926,0.042402826855123685,d,Mn,-0.26654,d,Mn,-0.26654,0.0,,,
"Pnma (RT), P21/m (10K)","{'a': '5.3215(1) (RT), 5.3340(1) (10K)', 'b': '7.5010(2) (RT), 7.4432(2) (10K)', 'c': '5.3021(1) (RT), 5.3076(1) (10K)'}",Sm0.15Ca0.85MnO3,110.0,"Pnma (RT), P21/m (10K)",Sm0.15 Ca0.85 Mn1 O3,8.0,62.0,54.0,15.059999999999999,8.472,8.0,7.0,87.0,80.0,64.47999999999999,27.024,87.0,15.9994,150.36,134.3606,31.911309,19.094290800000003,15.9994,54.8,1519.0,1464.2,566.58,614.1360000000001,54.8,2.0,16.0,14.0,11.43,5.484,16.0,2.0,6.0,4.0,2.8600000000000003,1.032,2.0,66.0,198.0,132.0,103.25999999999999,44.712,66.0,1.0,3.44,2.44,2.5791,1.03308,3.44,2.0,2.0,0.0,2.0,0.0,2.0,0.0,4.0,4.0,2.4,1.9200000000000004,4.0,0.0,5.0,5.0,1.0,1.6,0.0,0.0,6.0,6.0,0.18,0.3492,0.0,2.0,8.0,6.0,5.58,1.2172,6.0,0.0,0.0,0.0,0.0,0.0,0.0,0.0,2.0,2.0,1.2,0.9600000000000002,2.0,0.0,5.0,5.0,1.0,1.6,0.0,0.0,8.0,8.0,0.24,0.46559999999999996,0.0,0.0,8.0,8.0,2.44,1.3576000000000001,2.0,9.105,37.77,28.665000000000003,14.978317241380001,8.844273103448,9.105,0.0,0.0,0.0,0.0,0.0,0.0,0.0,0.000310120689655,0.000310120689655,6.2024137931e-05,9.923862068959999e-05,0.0,12.0,225.0,213.0,93.83,98.196,12.0,4,0.6555913361233505,0.6117498799922518,0.6007112899499814,0.60005174356962,0.6000012161393012,2.0,2.4,1.0,0.18,0.35842293906810035,0.4301075268817204,0.17921146953405018,0.03225806451612903,d,Mn,-0.26654,d,Mn,-0.26654,0.0,,,
Pnma,"{'a': '5.3101(1) (RT), 5.3051(1) (10K)', 'b': '7.4893(1) (RT), 7.4734(1) (10K)', 'c': '5.2924(1) (RT), 5.2793(1) (10K)'}",Sm0.1Ca0.9MnO3,110.0,Pnma,Sm0.1 Ca0.9 Mn1 O3,8.0,62.0,54.0,14.64,7.968000000000001,8.0,7.0,87.0,80.0,64.32000000000001,27.215999999999998,87.0,15.9994,150.36,134.3606,30.808489,17.7709068,15.9994,54.8,1519.0,1464.2,564.28,611.376,54.8,2.0,16.0,14.0,11.42,5.496,16.0,2.0,6.0,4.0,2.84,1.008,2.0,66.0,198.0,132.0,103.04,44.448,66.0,1.0,3.44,2.44,2.5774,1.0351199999999998,3.44,2.0,2.0,0.0,2.0,0.0,2.0,0.0,4.0,4.0,2.4,1.9200000000000004,4.0,0.0,5.0,5.0,1.0,1.6,0.0,0.0,6.0,6.0,0.12000000000000002,0.23520000000000002,0.0,2.0,8.0,6.0,5.5200000000000005,1.2671999999999997,6.0,0.0,0.0,0.0,0.0,0.0,0.0,0.0,2.0,2.0,1.2,0.9600000000000002,2.0,0.0,5.0,5.0,1.0,1.6,0.0,0.0,8.0,8.0,0.16,0.3136,0.0,0.0,8.0,8.0,2.3600000000000003,1.2816000000000003,2.0,9.105,37.77,28.665000000000003,15.023717241380002,8.916913103448001,9.105,0.0,0.0,0.0,0.0,0.0,0.0,0.0,0.000310120689655,0.000310120689655,6.2024137931e-05,9.923862068959999e-05,0.0,12.0,225.0,213.0,94.42,98.904,12.0,4,0.657875368135941,0.6125504609266458,0.6007833837922739,0.6000579215727481,0.6000013703851839,2.0,2.4,1.0,0.12000000000000002,0.3623188405797101,0.4347826086956521,0.18115942028985504,0.02173913043478261,d,Mn,-0.26654,d,Mn,-0.26654,0.0,,,
Orthorhombic Perovskite,"{'a': '5.604 Ã…', 'b': '5.595 Ã…', 'c': '7.916 Ã…'}",LaTiO3,130.0,,La1 Ti1 O3,8.0,57.0,49.0,20.6,15.12,8.0,13.0,87.0,74.0,63.4,28.320000000000004,87.0,15.9994,138.90547,122.90607000000001,46.954133999999996,37.145680799999994,15.9994,54.8,1941.0,1886.2,659.6800000000001,725.856,54.8,3.0,16.0,13.0,11.0,6.0,16.0,2.0,6.0,4.0,3.2,1.44,2.0,66.0,207.0,141.0,113.0,56.4,66.0,1.1,3.44,2.34,2.592,1.0175999999999998,3.44,2.0,2.0,0.0,2.0,0.0,2.0,0.0,4.0,4.0,2.4,1.9200000000000004,4.0,0.0,2.0,2.0,0.6,0.72,0.0,0.0,0.0,0.0,0.0,0.0,0.0,3.0,6.0,3.0,5.0,1.2,6.0,0.0,0.0,0.0,0.0,0.0,0.0,0.0,2.0,2.0,1.2,0.9600000000000002,2.0,0.0,9.0,9.0,3.4,4.08,0.0,0.0,0.0,0.0,0.0,0.0,0.0,2.0,9.0,7.0,4.6,3.12,2.0,9.105,36.8975,27.7925,16.180500000000002,8.4906,9.105,0.0,0.0,0.0,0.0,0.0,0.0,0.0,2.25333333333e-05,2.25333333333e-05,4.50666666666e-06,7.210666666656e-06,0.0,12.0,194.0,182.0,84.8,87.35999999999999,12.0,3,0.6633249580710799,0.6144633651371695,0.6009844187491661,0.6000783545597032,0.6000020321795635,2.0,2.4,0.6,0.0,0.4,0.48,0.12,0.0,d,Ti,-0.17001,d,Ti,-0.17001,0.0,False,0.7456133690005962,0.1626969592803446
Orthorhombic Perovskite,"{'a': '5.644 Ã…', 'b': '5.463 Ã…', 'c': '7.732 Ã…'}",SmTiO3,50.0,,Sm1 Ti1 O3,8.0,62.0,54.0,21.6,16.32,8.0,23.0,87.0,64.0,65.4,25.919999999999998,87.0,15.9994,150.36,134.3606,49.24504,40.445984,15.9994,54.8,1941.0,1886.2,690.08,762.336,54.8,3.0,16.0,13.0,11.0,6.0,16.0,2.0,6.0,4.0,3.2,1.44,2.0,66.0,198.0,132.0,111.2,54.24000000000001,66.0,1.17,3.44,2.27,2.6060000000000003,1.0008,3.44,2.0,2.0,0.0,2.0,0.0,2.0,0.0,4.0,4.0,2.4,1.9200000000000004,4.0,0.0,2.0,2.0,0.4,0.64,0.0,0.0,6.0,6.0,1.2,1.92,0.0,4.0,8.0,4.0,6.0,0.8,6.0,0.0,0.0,0.0,0.0,0.0,0.0,0.0,2.0,2.0,1.2,0.9600000000000002,2.0,0.0,8.0,8.0,1.6,2.56,0.0,0.0,8.0,8.0,1.6,2.56,0.0,2.0,8.0,6.0,4.4,2.88,2.0,9.105,33.23,24.124999999999996,15.447,7.6103999999999985,9.105,0.0,0.0,0.0,0.0,0.0,0.0,0.0,2.25333333333e-05,2.25333333333e-05,4.50666666666e-06,7.210666666656e-06,0.0,12.0,194.0,182.0,79.2,80.64000000000001,12.0,3,0.6633249580710799,0.6144633651371695,0.6009844187491661,0.6000783545597032,0.6000020321795635,2.0,2.4,0.4,1.2,0.3333333333333333,0.39999999999999997,0.06666666666666667,0.19999999999999998,f,Sm,-0.21776,f,Sm,-0.21776,0.0,False,0.7242401773760752,0.15958811865699177
Orthorhombic Perovskite,,CeTiO3,116.0,,Ce1 Ti1 O3,8.0,58.0,50.0,20.8,15.360000000000003,8.0,15.0,87.0,72.0,63.8,27.839999999999996,87.0,15.9994,140.116,124.11660000000002,47.19624,37.436208,15.9994,54.8,1941.0,1886.2,635.28,696.576,54.8,3.0,16.0,13.0,11.0,6.0,16.0,2.0,6.0,4.0,3.2,1.44,2.0,66.0,204.0,138.0,112.4,55.67999999999999,66.0,1.12,3.44,2.32,2.596,1.0128,3.44,2.0,2.0,0.0,2.0,0.0,2.0,0.0,4.0,4.0,2.4,1.9200000000000004,4.0,0.0,2.0,2.0,0.6,0.72,0.0,0.0,1.0,1.0,0.2,0.32,0.0,4.0,6.0,2.0,5.2,0.96,6.0,0.0,0.0,0.0,0.0,0.0,0.0,0.0,2.0,2.0,1.2,0.9600000000000002,2.0,0.0,9.0,9.0,3.4,4.08,0.0,0.0,13.0,13.0,2.6,4.16,0.0,2.0,22.0,20.0,7.2,6.24,2.0,9.105,37.24,28.135,16.249000000000002,8.5728,9.105,0.0,0.0,0.0,0.0,0.0,0.0,0.0,2.25333333333e-05,2.25333333333e-05,4.50666666666e-06,7.210666666656e-06,0.0,12.0,194.0,182.0,84.8,87.35999999999999,12.0,3,0.6633249580710799,0.6144633651371695,0.6009844187491661,0.6000783545597032,0.6000020321795635,2.0,2.4,0.6,0.2,0.3846153846153846,0.4615384615384615,0.11538461538461538,0.038461538461538464,f,Ce,-0.337442,f,Ce,-0.337442,0.0,False,0.7396165690769709,0.16181311700716164
Orthorhombic Perovskite,,PrTiO3,96.0,,Pr1 Ti1 O3,8.0,59.0,51.0,21.0,15.6,8.0,17.0,87.0,70.0,64.2,27.360000000000003,87.0,15.9994,140.90765,124.90825,47.354569999999995,37.626203999999994,15.9994,54.8,1941.0,1886.2,661.88,728.496,54.8,3.0,16.0,13.0,11.0,6.0,16.0,2.0,6.0,4.0,3.2,1.44,2.0,66.0,203.0,137.0,112.2,55.44000000000001,66.0,1.13,3.44,2.31,2.598,1.0104,3.44,2.0,2.0,0.0,2.0,0.0,2.0,0.0,4.0,4.0,2.4,1.9200000000000004,4.0,0.0,2.0,2.0,0.4,0.64,0.0,0.0,3.0,3.0,0.6,0.96,0.0,4.0,6.0,2.0,5.4,0.72,6.0,0.0,0.0,0.0,0.0,0.0,0.0,0.0,2.0,2.0,1.2,0.9600000000000002,2.0,0.0,8.0,8.0,1.6,2.56,0.0,0.0,11.0,11.0,2.2,3.5200000000000005,0.0,2.0,11.0,9.0,5.0,3.6,2.0,9.105,35.675,26.569999999999997,15.935999999999998,8.197199999999999,9.105,0.0,0.0,0.0,0.0,0.0,0.0,0.0,2.25333333333e-05,2.25333333333e-05,4.50666666666e-06,7.210666666656e-06,0.0,12.0,194.0,182.0,84.8,87.35999999999999,12.0,3,0.6633249580710799,0.6144633651371695,0.6009844187491661,0.6000783545597032,0.6000020321795635,2.0,2.4,0.4,0.6,0.37037037037037035,0.4444444444444444,0.07407407407407407,0.1111111111111111,d,Ti,-0.17001,d,Ti,-0.17001,0.0,False,0.7365851201998697,0.1613698414512813
Orthorhombic Perovskite,,NdTiO3,90.0,,Nd1 Ti1 O3,8.0,60.0,52.0,21.2,15.839999999999998,8.0,19.0,87.0,68.0,64.6,26.880000000000003,87.0,15.9994,144.242,128.24259999999998,48.02144,38.488223999999995,15.9994,54.8,1941.0,1886.2,679.88,750.096,54.8,3.0,16.0,13.0,11.0,6.0,16.0,2.0,6.0,4.0,3.2,1.44,2.0,66.0,201.0,135.0,111.8,54.959999999999994,66.0,1.14,3.44,2.3,2.6,1.008,3.44,2.0,2.0,0.0,2.0,0.0,2.0,0.0,4.0,4.0,2.4,1.9200000000000004,4.0,0.0,2.0,2.0,0.4,0.64,0.0,0.0,4.0,4.0,0.8,1.28,0.0,4.0,6.0,2.0,5.6,0.6400000000000002,6.0,0.0,0.0,0.0,0.0,0.0,0.0,0.0,2.0,2.0,1.2,0.9600000000000002,2.0,0.0,8.0,8.0,1.6,2.56,0.0,0.0,10.0,10.0,2.0,3.2,0.0,2.0,10.0,8.0,4.8,3.3599999999999994,2.0,9.105,34.81,25.705000000000002,15.763,7.9896,9.105,0.0,0.0,0.0,0.0,0.0,0.0,0.0,2.25333333333e-05,2.25333333333e-05,4.50666666666e-06,7.210666666656e-06,0.0,12.0,194.0,182.0,84.8,87.35999999999999,12.0,3,0.6633249580710799,0.6144633651371695,0.6009844187491661,0.6000783545597032,0.6000020321795635,2.0,2.4,0.4,0.8,0.35714285714285715,0.4285714285714286,0.07142857142857144,0.14285714285714288,f,Nd,-0.179508,f,Nd,-0.179508,0.0,False,0.7335317021864758,0.16092568608868568
Perovskite,,Pr0.65Ca0.25Sr0.1MnO3,175.0,,Pr0.65 Ca0.25 Sr0.1 Mn1 O3,8.0,59.0,51.0,19.23,13.475999999999999,8.0,7.0,87.0,80.0,65.32000000000001,26.016,87.0,15.9994,140.90765,124.90825,42.66154350000001,32.25292655,15.9994,54.8,1519.0,1464.2,569.95,618.1800000000001,54.8,2.0,16.0,14.0,11.53,5.364,16.0,2.0,6.0,4.0,3.08,1.296,2.0,66.0,203.0,137.0,106.49000000000001,48.588,66.0,0.95,3.44,2.49,2.5899,1.02012,3.44,2.0,2.0,0.0,2.0,0.0,2.0,0.0,4.0,4.0,2.4,1.9200000000000004,4.0,0.0,5.0,5.0,1.0,1.6,0.0,0.0,3.0,3.0,0.39,0.6786,0.0,2.0,7.0,5.0,5.79,0.736,6.0,0.0,0.0,0.0,0.0,0.0,0.0,0.0,2.0,2.0,1.2,0.9600000000000002,2.0,0.0,5.0,5.0,1.0,1.6,0.0,0.0,11.0,11.0,1.4300000000000002,2.4882,0.0,0.0,11.0,11.0,3.63,2.4642,2.0,9.105,54.23,45.125,15.17136724138,9.153153103448,9.105,0.0,0.0,0.0,0.0,0.0,0.0,0.0,0.000310120689655,0.000310120689655,6.2024137931e-05,9.923862068959999e-05,0.0,12.0,225.0,213.0,91.57000000000001,95.48400000000001,12.0,5,0.6479197481170025,0.6094162650118643,0.6005506011876627,0.6000411078897014,0.6000010297778486,2.0,2.4,1.0,0.39,0.3454231433506045,0.41450777202072536,0.17271157167530224,0.06735751295336788,d,Mn,-0.26654,d,Mn,-0.26654,0.0,,,
"Perovskite, Post-perovskite","{'a': '5.5361 (perovskite), 3.0261 (post-perovskite)', 'b': '7.7056 (perovskite), 10.0579 (post-perovskite)', 'c': '5.3674 (perovskite), 7.4014 (post-perovskite)'}",NaNiF3,89.0,"Pnma (perovskite), Cmcm (post-perovskite)",Na1 Ni1 F3,9.0,28.0,19.0,13.2,5.92,9.0,2.0,93.0,91.0,68.4,29.52,93.0,18.9984032,58.6934,39.6949968,27.735675776,12.3830896896,18.9984032,53.5,1728.0,1674.5,451.87399999999997,510.4503999999999,53.5,1.0,17.0,16.0,12.4,5.5200000000000005,17.0,2.0,4.0,2.0,2.6,0.72,2.0,57.0,166.0,109.0,92.2,42.239999999999995,57.0,0.93,3.98,3.05,2.956,1.2288000000000001,3.98,1.0,2.0,1.0,1.8,0.31999999999999995,2.0,0.0,5.0,5.0,3.0,2.4,5.0,0.0,8.0,8.0,1.6,2.56,0.0,0.0,0.0,0.0,0.0,0.0,0.0,1.0,10.0,9.0,6.4,2.1599999999999997,7.0,0.0,1.0,1.0,0.2,0.32,0.0,0.0,1.0,1.0,0.6,0.4800000000000001,1.0,0.0,2.0,2.0,0.4,0.64,0.0,0.0,0.0,0.0,0.0,0.0,0.0,1.0,2.0,1.0,1.2,0.31999999999999995,1.0,9.7075,29.2433333333,19.5358333333,13.737166666659999,6.202466666655999,9.7075,0.0,1.97,1.97,1.182,0.9456,1.97,0.0,0.5953947,0.5953947,0.11907894000000001,0.190526304,0.0,15.0,229.0,214.0,99.8,101.75999999999999,15.0,3,0.6633249580710799,0.6144633651371695,0.6009844187491661,0.6000783545597032,0.6000020321795635,1.8,3.0,1.6,0.0,0.28125,0.46875,0.25,0.0,d,Ni,-0.348699,d,Ni,-0.348699,0.0,True,0.9022776515068313,0.19570071938307487
Perovskite,{'a': '3.84 Ã…'},SrFeO3,134.0,Pm3Ì„m,Sr1 Fe1 O3,8.0,38.0,30.0,17.6,11.52,8.0,8.0,87.0,79.0,64.8,26.639999999999997,87.0,15.9994,87.62,71.62060000000001,38.29264,26.751887999999997,15.9994,54.8,1811.0,1756.2,605.08,660.336,54.8,2.0,16.0,14.0,11.6,5.279999999999999,16.0,2.0,5.0,3.0,3.0,1.2,2.0,66.0,195.0,129.0,105.0,46.8,66.0,0.95,3.44,2.49,2.62,0.984,3.44,2.0,2.0,0.0,2.0,0.0,2.0,0.0,4.0,4.0,2.4,1.9200000000000004,4.0,0.0,6.0,6.0,1.2,1.92,0.0,0.0,0.0,0.0,0.0,0.0,0.0,2.0,8.0,6.0,5.6,1.4400000000000002,6.0,0.0,0.0,0.0,0.0,0.0,0.0,0.0,2.0,2.0,1.2,0.9600000000000002,2.0,0.0,4.0,4.0,0.8,1.28,0.0,0.0,0.0,0.0,0.0,0.0,0.0,0.0,4.0,4.0,2.0,0.8,2.0,9.105,54.23,45.125,18.455,14.309999999999999,9.105,0.0,0.0,0.0,0.0,0.0,0.0,0.0,2.1106628,2.1106628,0.42213256,0.675412096,0.0,12.0,229.0,217.0,98.0,103.2,12.0,3,0.6633249580710799,0.6144633651371695,0.6009844187491661,0.6000783545597032,0.6000020321795635,2.0,2.4,1.2,0.0,0.35714285714285715,0.4285714285714286,0.2142857142857143,0.0,d,Fe,-0.295049,d,Fe,-0.295049,0.0,False,0.7877573323062756,0.1588020422243084
Pnma,"{'a': '5.30394 Ã… (300 K), 5.30101 Ã… (10 K)', 'b': '7.48091 Ã… (300 K), 7.46025 Ã… (10 K)', 'c': '5.28758 Ã… (300 K), 5.27646 Ã… (10 K)'}",CaMn0.96Mo0.04O3,110.0,Pnma,Ca1 Mn0.96 Mo0.04 O3,8.0,42.0,34.0,13.936000000000002,7.1232,8.0,7.0,87.0,80.0,63.984,27.6192,87.0,15.9994,95.96,79.9606,28.931024639999997,15.517949568,15.9994,54.8,2896.0,2841.2,570.696,619.0752,54.8,2.0,16.0,14.0,11.392,5.5296,16.0,2.0,5.0,3.0,2.808,0.9696000000000001,2.0,66.0,176.0,110.0,102.72,44.064,66.0,1.0,3.44,2.44,2.5788800000000003,1.033344,3.44,1.0,2.0,1.0,1.9920000000000002,0.01587199999999979,2.0,0.0,4.0,4.0,2.4,1.9200000000000004,4.0,0.0,5.0,5.0,1.0,1.6,0.0,0.0,0.0,0.0,0.0,0.0,0.0,2.0,7.0,5.0,5.392,1.3567999999999998,6.0,0.0,1.0,1.0,0.008,0.015872,0.0,0.0,2.0,2.0,1.2,0.9600000000000002,2.0,0.0,5.0,5.0,1.0,1.6,0.0,0.0,0.0,0.0,0.0,0.0,0.0,0.0,6.0,6.0,2.2079999999999997,1.1328,2.0,9.105,37.77,28.665000000000003,15.156136551724803,9.054087194482486,9.105,0.0,0.0,0.0,0.0,0.0,0.0,0.0,0.000310120689655,0.000310120689655,5.9543172413759995e-05,9.622176662063615e-05,0.0,12.0,229.0,217.0,95.696,100.4352,12.0,4,0.6610052949863564,0.6136486511402433,0.6008938134169709,0.6000686202878993,0.6000016916237505,1.9920000000000002,2.4,1.0,0.0,0.3694362017804154,0.4451038575667655,0.18545994065281898,0.0,d,Mn,-0.26654,d,Mn,-0.26654,0.0,,,
Hexagonal Perovskite,"{'a': '5.62176', 'c': '17.3161'}",La2Ca2MnO7,3.0,R3Ì„,La2 Ca2 Mn1 O7,8.0,57.0,49.0,19.583333333333332,13.513888888888891,8.0,7.0,87.0,80.0,58.416666666666664,33.34722222222222,87.0,15.9994,138.90547,122.90607000000001,43.74173208333334,33.587298125000004,15.9994,54.8,1519.0,1464.2,543.2166666666667,569.8194444444445,54.8,2.0,16.0,14.0,10.75,6.125,16.0,2.0,6.0,4.0,3.1666666666666665,1.3611111111111114,2.0,66.0,207.0,141.0,113.91666666666667,55.90277777777777,66.0,1.0,3.44,2.44,2.4858333333333333,1.1131944444444444,3.44,2.0,2.0,0.0,2.0,0.0,2.0,0.0,4.0,4.0,2.3333333333333335,1.9444444444444446,4.0,0.0,5.0,5.0,0.5833333333333334,0.875,0.0,0.0,0.0,0.0,0.0,0.0,0.0,2.0,7.0,5.0,4.916666666666667,1.611111111111111,6.0,0.0,0.0,0.0,0.0,0.0,0.0,0.0,2.0,2.0,1.1666666666666667,0.9722222222222223,2.0,0.0,9.0,9.0,1.9166666666666667,2.875,0.0,0.0,0.0,0.0,0.0,0.0,0.0,0.0,9.0,9.0,3.0833333333333335,2.2916666666666665,2.0,9.105,37.77,28.665000000000003,18.629798850575,12.469300766283334,9.105,0.0,0.0,0.0,0.0,0.0,0.0,0.0,0.000310120689655,0.000310120689655,2.5843390804583332e-05,4.737954980840277e-05,0.0,12.0,225.0,213.0,94.91666666666667,96.73611111111113,12.0,4,0.6346477588219924,0.5928155507483438,0.583783837840896,0.5833593353792463,0.5833337564663699,2.0,2.3333333333333335,0.5833333333333334,0.0,0.4067796610169491,0.4745762711864407,0.11864406779661017,0.0,d,Mn,-0.26654,d,Mn,-0.26654,0.0,True,0.7742664595807831,0.17824166318478898
Hexagonal Perovskite,"{'a': '5.61715', 'c': '17.3521'}",La2Ca2MnO8,2.5,R3Ì„m,La2 Ca2 Mn1 O8,8.0,57.0,49.0,18.692307692307693,13.159763313609469,8.0,7.0,87.0,80.0,60.61538461538461,32.473372781065095,87.0,15.9994,138.90547,122.90607000000001,41.607706538461535,31.98859467455621,15.9994,54.8,1519.0,1464.2,505.6461538461538,554.887573964497,54.8,2.0,16.0,14.0,11.153846153846153,5.964497041420119,16.0,2.0,6.0,4.0,3.076923076923077,1.3254437869822486,2.0,66.0,207.0,141.0,110.23076923076923,54.437869822485204,66.0,1.0,3.44,2.44,2.5592307692307688,1.0840236686390532,3.44,2.0,2.0,0.0,2.0,0.0,2.0,0.0,4.0,4.0,2.4615384615384617,1.893491124260355,4.0,0.0,5.0,5.0,0.5384615384615384,0.8284023668639053,0.0,0.0,0.0,0.0,0.0,0.0,0.0,2.0,7.0,5.0,5.0,1.5384615384615385,6.0,0.0,0.0,0.0,0.0,0.0,0.0,0.0,2.0,2.0,1.2307692307692308,0.9467455621301775,2.0,0.0,9.0,9.0,1.7692307692307692,2.7218934911242605,0.0,0.0,0.0,0.0,0.0,0.0,0.0,0.0,9.0,9.0,3.0,2.1538461538461537,2.0,9.105,37.77,28.665000000000003,17.897122015915386,11.961001836359763,9.105,0.0,0.0,0.0,0.0,0.0,0.0,0.0,0.000310120689655,0.000310120689655,2.3855437665769228e-05,4.404080799834319e-05,0.0,12.0,225.0,213.0,88.53846153846153,94.20118343195266,12.0,4,0.6572310573321178,0.6221214922376973,0.6156285625247572,0.6153953881946326,0.6153847328171272,2.0,2.4615384615384617,0.5384615384615384,0.0,0.4,0.49230769230769234,0.10769230769230768,0.0,d,Mn,-0.26654,d,Mn,-0.26654,0.0,False,0.7742664595807831,0.17335588023483323
Perovskite,"{'a': '537 pm', 'b': '522 pm'}",Ca3Ru2O7,56.0,,Ca3 Ru2 O7,8.0,44.0,36.0,17.0,10.5,8.0,7.0,87.0,80.0,61.833333333333336,29.361111111111114,87.0,15.9994,101.07,85.0706,36.19748333333334,23.564430555555557,15.9994,54.8,2607.0,2552.2,745.2166666666667,805.486111111111,54.8,2.0,16.0,14.0,11.166666666666666,5.638888888888888,16.0,2.0,5.0,3.0,3.0,1.1666666666666667,2.0,66.0,176.0,110.0,106.83333333333333,47.63888888888889,66.0,1.0,3.44,2.44,2.623333333333333,0.9527777777777778,3.44,1.0,2.0,1.0,1.8333333333333333,0.27777777777777785,2.0,0.0,4.0,4.0,2.3333333333333335,1.9444444444444446,4.0,0.0,7.0,7.0,1.1666666666666667,1.9444444444444446,0.0,0.0,0.0,0.0,0.0,0.0,0.0,2.0,8.0,6.0,5.333333333333333,1.666666666666667,6.0,0.0,1.0,1.0,0.16666666666666666,0.2777777777777778,0.0,0.0,2.0,2.0,1.1666666666666667,0.9722222222222223,2.0,0.0,3.0,3.0,0.5,0.8333333333333334,0.0,0.0,0.0,0.0,0.0,0.0,0.0,0.0,4.0,4.0,1.8333333333333333,0.9166666666666669,2.0,9.105,37.77,28.665000000000003,17.005416666666665,10.382291666666667,9.105,0.0,0.0,0.0,0.0,0.0,0.0,0.0,0.0,0.0,0.0,0.0,0.0,12.0,225.0,213.0,95.58333333333333,97.51388888888887,12.0,3,0.6561673228343177,0.6025355660438075,0.5852298877168572,0.5835673037013095,0.5833457376874627,1.8333333333333333,2.3333333333333335,1.1666666666666667,0.0,0.34375,0.43750000000000006,0.21875000000000003,0.0,d,Ru,-0.210375,d,Ru,-0.210375,0.0,True,0.7742664595807831,0.15653827282974522
Perovskite,"{'a': '537 pm', 'b': '522 pm'}",Ca3Fe0.1Ru1.9O7,79.7,,Ca3 Fe0.1 Ru1.9 O7,8.0,44.0,36.0,16.849999999999998,10.325000000000001,8.0,7.0,87.0,80.0,61.824999999999996,29.370833333333337,87.0,15.9994,101.07,85.0706,35.82060833333333,23.12474305555555,15.9994,54.8,2607.0,2552.2,738.5833333333334,797.7472222222223,54.8,2.0,16.0,14.0,11.166666666666666,5.638888888888888,16.0,2.0,5.0,3.0,2.9916666666666667,1.1569444444444443,2.0,66.0,176.0,110.0,106.71666666666665,47.50277777777777,66.0,1.0,3.44,2.44,2.62025,0.9563749999999999,3.44,1.0,2.0,1.0,1.8416666666666668,0.2665277777777777,2.0,0.0,4.0,4.0,2.3333333333333335,1.9444444444444446,4.0,0.0,7.0,7.0,1.1583333333333332,1.9305555555555554,0.0,0.0,0.0,0.0,0.0,0.0,0.0,2.0,8.0,6.0,5.333333333333333,1.666666666666667,6.0,0.0,1.0,1.0,0.15833333333333333,0.26652777777777775,0.0,0.0,2.0,2.0,1.1666666666666667,0.9722222222222223,2.0,0.0,4.0,4.0,0.5083333333333333,0.8472222222222222,0.0,0.0,0.0,0.0,0.0,0.0,0.0,0.0,4.0,4.0,1.8333333333333333,0.9166666666666669,2.0,9.105,37.77,28.665000000000003,16.982249999999997,10.393875,9.105,0.0,0.0,0.0,0.0,0.0,0.0,0.0,2.1106628,2.1106628,0.01758885666666667,0.034884565722222226,0.0,12.0,229.0,217.0,95.875,97.85416666666667,12.0,4,0.6541533968930122,0.6019292325081178,0.5851802776305336,0.583563405827084,0.5833456528509708,1.8416666666666668,2.3333333333333335,1.1583333333333332,0.0,0.3453125,0.43750000000000006,0.21718749999999998,0.0,d,Ru,-0.210375,d,Ru,-0.210375,0.0,,,
Perovskite,"{'a': '5.5151 Ã…', 'b': '7.6639 Ã…', 'c': '5.3808 Ã…'}",SmCrO3,192.3,Pnma (No. 62),Sm1 Cr1 O3,8.0,62.0,54.0,22.0,16.8,8.0,23.0,87.0,64.0,66.6,24.48,87.0,15.9994,150.36,134.3606,50.07086,40.885752000000004,15.9994,54.8,2180.0,2125.2,737.88,819.6959999999999,54.8,3.0,16.0,13.0,11.4,5.5200000000000005,16.0,2.0,6.0,4.0,3.2,1.44,2.0,66.0,198.0,132.0,107.0,49.2,66.0,1.17,3.44,2.27,2.63,0.9719999999999999,3.44,1.0,2.0,1.0,1.8,0.31999999999999995,2.0,0.0,4.0,4.0,2.4,1.9200000000000004,4.0,0.0,5.0,5.0,1.0,1.6,0.0,0.0,6.0,6.0,1.2,1.92,0.0,6.0,8.0,2.0,6.4,0.6400000000000002,6.0,0.0,1.0,1.0,0.2,0.32,0.0,0.0,2.0,2.0,1.2,0.9600000000000002,2.0,0.0,5.0,5.0,1.0,1.6,0.0,0.0,8.0,8.0,1.6,2.56,0.0,2.0,8.0,6.0,4.0,2.4,2.0,9.105,33.23,24.124999999999996,14.347,7.553199999999999,9.105,0.0,0.0,0.0,0.0,0.0,0.0,0.0,0.0,0.0,0.0,0.0,0.0,12.0,229.0,217.0,86.2,89.04,12.0,3,0.6633249580710799,0.6144633651371695,0.6009844187491661,0.6000783545597032,0.6000020321795635,1.8,2.4,1.0,1.2,0.28125,0.37499999999999994,0.15625,0.18749999999999997,f,Sm,-0.21776,f,Sm,-0.21776,0.0,True,0.7242401773760752,0.15489205514573334
Perovskite,"{'a': '5.5099 Ã…', 'b': '7.6598 Ã…', 'c': '5.3786 Ã…'}",Sm0.98Ca0.02CrO3,190.3,Pnma (No. 62),Sm0.98 Ca0.02 Cr1 O3,8.0,62.0,54.0,21.832,16.613056,8.0,7.0,87.0,80.0,66.536,24.5568,87.0,15.9994,150.36,134.3606,49.629732000000004,40.432812256,15.9994,54.8,2180.0,2125.2,736.9599999999999,818.592,54.8,2.0,16.0,14.0,11.396,5.5248,16.0,2.0,6.0,4.0,3.192,1.4304000000000001,2.0,66.0,198.0,132.0,106.91199999999999,49.09439999999999,66.0,1.0,3.44,2.44,2.62932,0.9728159999999999,3.44,1.0,2.0,1.0,1.8,0.31999999999999995,2.0,0.0,4.0,4.0,2.4,1.9200000000000004,4.0,0.0,5.0,5.0,1.0,1.6,0.0,0.0,6.0,6.0,1.176,1.891008,0.0,2.0,8.0,6.0,6.3759999999999994,0.6366079999999996,6.0,0.0,1.0,1.0,0.2,0.32,0.0,0.0,2.0,2.0,1.2,0.9600000000000002,2.0,0.0,5.0,5.0,1.0,1.6,0.0,0.0,8.0,8.0,1.568,2.521344,0.0,0.0,8.0,8.0,3.968,2.393344,2.0,9.105,37.77,28.665000000000003,14.36516,7.582255999999999,9.105,0.0,0.0,0.0,0.0,0.0,0.0,0.0,0.0,0.0,0.0,0.0,0.0,12.0,229.0,217.0,86.436,89.3232,12.0,4,0.6621419787326582,0.6140477916588719,0.6009372749434887,0.600073189966851,0.6000018463116856,1.8,2.4,1.0,1.176,0.28230865746549566,0.3764115432873275,0.15683814303638646,0.18444165621079048,f,Sm,-0.21776,f,Sm,-0.21776,0.0,,,
Perovskite,"{'a': '5.5085 Ã…', 'b': '7.6579 Ã…', 'c': '5.3783 Ã…'}",Sm0.96Ca0.04CrO3,186.5,Pnma (No. 62),Sm0.96 Ca0.04 Cr1 O3,8.0,62.0,54.0,21.663999999999998,16.423423999999997,8.0,7.0,87.0,80.0,66.47200000000001,24.633599999999998,87.0,15.9994,150.36,134.3606,49.188604,39.972814463999995,15.9994,54.8,2180.0,2125.2,736.0400000000001,817.488,54.8,2.0,16.0,14.0,11.392,5.5296,16.0,2.0,6.0,4.0,3.184,1.4207999999999998,2.0,66.0,198.0,132.0,106.824,48.9888,66.0,1.0,3.44,2.44,2.62864,0.9736319999999999,3.44,1.0,2.0,1.0,1.8,0.31999999999999995,2.0,0.0,4.0,4.0,2.4,1.9200000000000004,4.0,0.0,5.0,5.0,1.0,1.6,0.0,0.0,6.0,6.0,1.152,1.8616319999999997,0.0,2.0,8.0,6.0,6.351999999999999,0.6328319999999996,6.0,0.0,1.0,1.0,0.2,0.32,0.0,0.0,2.0,2.0,1.2,0.9600000000000002,2.0,0.0,5.0,5.0,1.0,1.6,0.0,0.0,8.0,8.0,1.536,2.482176,0.0,0.0,8.0,8.0,3.936,2.386176,2.0,9.105,37.77,28.665000000000003,14.383320000000001,7.611312,9.105,0.0,0.0,0.0,0.0,0.0,0.0,0.0,0.0,0.0,0.0,0.0,0.0,12.0,229.0,217.0,86.672,89.60640000000001,12.0,4,0.6610052949863564,0.6136486511402433,0.6008938134169709,0.6000686202878993,0.6000016916237505,1.8,2.4,1.0,1.152,0.283375314861461,0.3778337531486146,0.15743073047858944,0.18136020151133503,f,Sm,-0.21776,f,Sm,-0.21776,0.0,,,
Perovskite,"{'a': '5.5030 Ã…', 'b': '7.6537 Ã…', 'c': '5.3763 Ã…'}",Sm0.94Ca0.06CrO3,183.4,Pnma (No. 62),Sm0.94 Ca0.06 Cr1 O3,8.0,62.0,54.0,21.496,16.231104,8.0,7.0,87.0,80.0,66.40799999999999,24.7104,87.0,15.9994,150.36,134.3606,48.747476000000006,39.505758624,15.9994,54.8,2180.0,2125.2,735.12,816.384,54.8,2.0,16.0,14.0,11.388,5.5344,16.0,2.0,6.0,4.0,3.1759999999999997,1.4111999999999998,2.0,66.0,198.0,132.0,106.73599999999999,48.8832,66.0,1.0,3.44,2.44,2.6279600000000003,0.974448,3.44,1.0,2.0,1.0,1.8,0.31999999999999995,2.0,0.0,4.0,4.0,2.4,1.9200000000000004,4.0,0.0,5.0,5.0,1.0,1.6,0.0,0.0,6.0,6.0,1.128,1.831872,0.0,2.0,8.0,6.0,6.328,0.6286720000000001,6.0,0.0,1.0,1.0,0.2,0.32,0.0,0.0,2.0,2.0,1.2,0.9600000000000002,2.0,0.0,5.0,5.0,1.0,1.6,0.0,0.0,8.0,8.0,1.504,2.442496,0.0,0.0,8.0,8.0,3.904,2.3784959999999997,2.0,9.105,37.77,28.665000000000003,14.401479999999998,7.640367999999998,9.105,0.0,0.0,0.0,0.0,0.0,0.0,0.0,0.0,0.0,0.0,0.0,0.0,12.0,229.0,217.0,86.90799999999999,89.8896,12.0,4,0.6599151460604613,0.6132660081529846,0.6008538158186877,0.6000645873141169,0.6000015633765924,1.8,2.4,1.0,1.128,0.28445006321112515,0.37926675094816686,0.15802781289506954,0.1782553729456384,f,Sm,-0.21776,f,Sm,-0.21776,0.0,,,
Perovskite,"{'a': '5.4960 Ã…', 'b': '7.6470 Ã…', 'c': '5.3742 Ã…'}",Sm0.90Ca0.10CrO3,175.7,Pnma (No. 62),Sm0.9 Ca0.1 Cr1 O3,8.0,62.0,54.0,21.160000000000004,15.838400000000002,8.0,7.0,87.0,80.0,66.28,24.864,87.0,15.9994,150.36,134.3606,47.86522,38.5504728,15.9994,54.8,2180.0,2125.2,733.28,814.176,54.8,2.0,16.0,14.0,11.379999999999999,5.544,16.0,2.0,6.0,4.0,3.16,1.3920000000000001,2.0,66.0,198.0,132.0,106.55999999999999,48.672,66.0,1.0,3.44,2.44,2.6266,0.97608,3.44,1.0,2.0,1.0,1.8,0.31999999999999995,2.0,0.0,4.0,4.0,2.4,1.9200000000000004,4.0,0.0,5.0,5.0,1.0,1.6,0.0,0.0,6.0,6.0,1.08,1.7711999999999999,0.0,2.0,8.0,6.0,6.279999999999999,0.6191999999999996,6.0,0.0,1.0,1.0,0.2,0.32,0.0,0.0,2.0,2.0,1.2,0.9600000000000002,2.0,0.0,5.0,5.0,1.0,1.6,0.0,0.0,8.0,8.0,1.44,2.3616,0.0,0.0,8.0,8.0,3.84,2.3616,2.0,9.105,37.77,28.665000000000003,14.4378,7.698479999999999,9.105,0.0,0.0,0.0,0.0,0.0,0.0,0.0,0.0,0.0,0.0,0.0,0.0,12.0,229.0,217.0,87.38,90.45599999999999,12.0,4,0.657875368135941,0.6125504609266458,0.6007833837922739,0.6000579215727481,0.6000013703851839,1.8,2.4,1.0,1.08,0.2866242038216561,0.3821656050955414,0.15923566878980894,0.17197452229299365,f,Sm,-0.21776,f,Sm,-0.21776,0.0,,,
Perovskite,"{'a': '5.4770 Ã…', 'b': '7.6342 Ã…', 'c': '5.3711 Ã…'}",Sm0.80Ca0.20CrO3,150.8,Pnma (No. 62),Sm0.8 Ca0.2 Cr1 O3,8.0,62.0,54.0,20.32,14.8096,8.0,7.0,87.0,80.0,65.96000000000001,25.247999999999998,87.0,15.9994,150.36,134.3606,45.659580000000005,36.038742400000004,15.9994,54.8,2180.0,2125.2,728.6800000000001,808.6560000000001,54.8,2.0,16.0,14.0,11.36,5.568,16.0,2.0,6.0,4.0,3.12,1.344,2.0,66.0,198.0,132.0,106.12,48.144000000000005,66.0,1.0,3.44,2.44,2.6231999999999998,0.98016,3.44,1.0,2.0,1.0,1.8,0.31999999999999995,2.0,0.0,4.0,4.0,2.4,1.9200000000000004,4.0,0.0,5.0,5.0,1.0,1.6,0.0,0.0,6.0,6.0,0.9600000000000002,1.6128,0.0,2.0,8.0,6.0,6.16,0.5888000000000002,6.0,0.0,1.0,1.0,0.2,0.32,0.0,0.0,2.0,2.0,1.2,0.9600000000000002,2.0,0.0,5.0,5.0,1.0,1.6,0.0,0.0,8.0,8.0,1.28,2.1504000000000003,0.0,0.0,8.0,8.0,3.6799999999999997,2.3104,2.0,9.105,37.77,28.665000000000003,14.5286,7.8437600000000005,9.105,0.0,0.0,0.0,0.0,0.0,0.0,0.0,0.0,0.0,0.0,0.0,0.0,12.0,229.0,217.0,88.56,91.872,12.0,4,0.6536053855347277,0.6110543442831938,0.6006543735623902,0.6000474011882218,0.6000011251993493,1.8,2.4,1.0,0.9600000000000002,0.2922077922077922,0.3896103896103896,0.16233766233766234,0.15584415584415587,f,Sm,-0.21776,f,Sm,-0.21776,0.0,,,
Perovskite,,La0.4Ca0.6Mn0.99Cr0.01O3,140.0,Pbnm,La0.4 Ca0.6 Mn0.99 Cr0.01 O3,8.0,57.0,49.0,16.758,10.5096,8.0,7.0,87.0,80.0,64.474,27.031200000000002,87.0,15.9994,138.90547,122.90607000000001,36.50316271,24.604515252000002,15.9994,54.8,2180.0,2125.2,567.2420000000001,614.9304000000001,54.8,2.0,16.0,14.0,11.478,5.426399999999999,16.0,2.0,6.0,4.0,2.96,1.152,2.0,66.0,207.0,141.0,105.08,46.896,66.0,1.0,3.44,2.44,2.5822200000000004,1.029336,3.44,1.0,2.0,1.0,1.998,0.003992000000000002,2.0,0.0,4.0,4.0,2.4,1.9200000000000004,4.0,0.0,5.0,5.0,1.08,1.568,0.0,0.0,0.0,0.0,0.0,0.0,0.0,2.0,7.0,5.0,5.478,1.2312,6.0,0.0,1.0,1.0,0.002,0.003992,0.0,0.0,2.0,2.0,1.2,0.9600000000000002,2.0,0.0,9.0,9.0,1.7200000000000002,2.4768,0.0,0.0,0.0,0.0,0.0,0.0,0.0,0.0,9.0,9.0,2.922,1.8076800000000002,2.0,9.105,37.77,28.665000000000003,15.046122068966202,8.949951172413522,9.105,0.0,0.0,0.0,0.0,0.0,0.0,0.0,0.000310120689655,0.000310120689655,6.140389655168999e-05,9.849185006891076e-05,0.0,12.0,229.0,217.0,93.144,97.37280000000001,12.0,5,0.6480802419453937,0.6091220910611067,0.6005122062418513,0.6000376843487513,0.6000009251915176,1.998,2.4,1.08,0.0,0.3647316538882804,0.43811610076670315,0.19715224534501646,0.0,d,Mn,-0.26654,d,Mn,-0.26654,0.0,,,
Distorted Double Perovskite,"{'a': '5.8209', 'b': '5.8743', 'c': '8.2531'}",Eu2DyTaO6,4.0,P21/n,Eu2 Dy1 Ta1 O6,8.0,73.0,65.0,31.3,27.96,8.0,25.0,87.0,62.0,65.1,26.28,87.0,15.9994,180.94788,164.94848,74.33722800000001,70.0053936,15.9994,54.8,3290.0,3235.2,749.38,833.4959999999999,54.8,3.0,16.0,13.0,11.0,6.0,16.0,2.0,6.0,4.0,3.6,1.9200000000000004,2.0,66.0,198.0,132.0,115.4,59.279999999999994,66.0,1.185,3.44,2.255,2.573,1.0404,3.44,2.0,2.0,0.0,2.0,0.0,2.0,0.0,4.0,4.0,2.4,1.9200000000000004,4.0,0.0,3.0,3.0,0.3,0.54,0.0,0.0,14.0,14.0,3.8,4.56,0.0,6.0,19.0,13.0,8.5,3.0,6.0,0.0,0.0,0.0,0.0,0.0,0.0,0.0,2.0,2.0,1.2,0.9600000000000002,2.0,0.0,7.0,7.0,0.7,1.2599999999999998,0.0,0.0,7.0,7.0,1.8,2.5200000000000005,0.0,2.0,7.0,5.0,3.7,2.04,2.0,9.105,36.46,27.355,17.691,10.3032,9.105,0.0,0.0,0.0,0.0,0.0,0.0,0.0,0.0,0.0,0.0,0.0,0.0,12.0,229.0,217.0,95.3,99.96,12.0,4,0.648074069840786,0.6091199348919785,0.6005237760880777,0.6000397970967368,0.6000010180820754,2.0,2.4,0.3,3.8,0.23529411764705882,0.2823529411764706,0.03529411764705882,0.44705882352941173,f,Eu,-0.232773,f,Eu,-0.232773,0.0,True,0.7147530549426948,0.16549408329010762
Distorted Double Perovskite,"{'a': '5.8131', 'b': '5.8583', 'c': '8.2357'}",Eu2HoTaO6,4.0,P21/n,Eu2 Ho1 Ta1 O6,8.0,73.0,65.0,31.4,28.079999999999995,8.0,25.0,87.0,62.0,65.3,26.04,87.0,15.9994,180.94788,164.94848,74.58026,70.29703199999999,15.9994,54.8,3290.0,3235.2,755.58,840.936,54.8,3.0,16.0,13.0,11.0,6.0,16.0,2.0,6.0,4.0,3.6,1.9200000000000004,2.0,66.0,198.0,132.0,115.4,59.279999999999994,66.0,1.185,3.44,2.255,2.5740000000000003,1.0392,3.44,2.0,2.0,0.0,2.0,0.0,2.0,0.0,4.0,4.0,2.4,1.9200000000000004,4.0,0.0,3.0,3.0,0.3,0.54,0.0,0.0,14.0,14.0,3.9,4.68,0.0,6.0,19.0,13.0,8.6,3.12,6.0,0.0,0.0,0.0,0.0,0.0,0.0,0.0,2.0,2.0,1.2,0.9600000000000002,2.0,0.0,7.0,7.0,0.7,1.2599999999999998,0.0,0.0,7.0,7.0,1.7,2.38,0.0,2.0,7.0,5.0,3.6,2.04,2.0,9.105,36.46,27.355,17.64033333333,10.242399999996,9.105,0.0,0.0,0.0,0.0,0.0,0.0,0.0,0.0,0.0,0.0,0.0,0.0,12.0,229.0,217.0,95.3,99.96,12.0,4,0.648074069840786,0.6091199348919785,0.6005237760880777,0.6000397970967368,0.6000010180820754,2.0,2.4,0.3,3.9,0.23255813953488372,0.27906976744186046,0.03488372093023256,0.4534883720930233,f,Eu,-0.232773,f,Eu,-0.232773,0.0,True,0.7147530549426948,0.1652881922630999
Distorted Double Perovskite,"{'a': '5.8075', 'b': '5.8393', 'c': '8.2207'}",Eu2ErTaO6,4.0,P21/n,Eu2 Er1 Ta1 O6,8.0,73.0,65.0,31.5,28.2,8.0,25.0,87.0,62.0,65.5,25.8,87.0,15.9994,180.94788,164.94848,74.813128,70.5764736,15.9994,54.8,3290.0,3235.2,757.88,843.6959999999999,54.8,3.0,16.0,13.0,11.0,6.0,16.0,2.0,6.0,4.0,3.6,1.9200000000000004,2.0,66.0,198.0,132.0,115.1,58.92,66.0,1.185,3.44,2.255,2.575,1.0379999999999998,3.44,2.0,2.0,0.0,2.0,0.0,2.0,0.0,4.0,4.0,2.4,1.9200000000000004,4.0,0.0,3.0,3.0,0.3,0.54,0.0,0.0,14.0,14.0,4.0,4.8,0.0,6.0,19.0,13.0,8.7,3.2399999999999998,6.0,0.0,0.0,0.0,0.0,0.0,0.0,0.0,2.0,2.0,1.2,0.9600000000000002,2.0,0.0,7.0,7.0,0.7,1.2599999999999998,0.0,0.0,7.0,7.0,1.6,2.24,0.0,2.0,7.0,5.0,3.5,2.1,2.0,9.105,36.46,27.355,17.6255,10.224599999999999,9.105,0.0,0.0,0.0,0.0,0.0,0.0,0.0,0.0,0.0,0.0,0.0,0.0,12.0,229.0,217.0,95.3,99.96,12.0,4,0.648074069840786,0.6091199348919785,0.6005237760880777,0.6000397970967368,0.6000010180820754,2.0,2.4,0.3,4.0,0.2298850574712644,0.27586206896551724,0.034482758620689655,0.4597701149425288,f,Eu,-0.232773,f,Eu,-0.232773,0.0,True,0.7147530549426948,0.16508249773667288
Distorted Double Perovskite,"{'a': '5.7974', 'b': '5.8305', 'c': '8.2090'}",Eu2TmTaO6,4.0,P21/n,Eu2 Tm1 Ta1 O6,8.0,73.0,65.0,31.6,28.320000000000004,8.0,25.0,87.0,62.0,65.7,25.56,87.0,15.9994,180.94788,164.94848,74.980649,70.7774988,15.9994,54.8,3290.0,3235.2,762.6800000000001,849.4560000000001,54.8,3.0,16.0,13.0,11.0,6.0,16.0,2.0,6.0,4.0,3.6,1.9200000000000004,2.0,66.0,198.0,132.0,115.2,59.040000000000006,66.0,1.185,3.44,2.255,2.576,1.0368,3.44,2.0,2.0,0.0,2.0,0.0,2.0,0.0,4.0,4.0,2.4,1.9200000000000004,4.0,0.0,3.0,3.0,0.3,0.54,0.0,0.0,14.0,14.0,4.1,4.92,0.0,6.0,19.0,13.0,8.8,3.3600000000000003,6.0,0.0,0.0,0.0,0.0,0.0,0.0,0.0,2.0,2.0,1.2,0.9600000000000002,2.0,0.0,7.0,7.0,0.7,1.2599999999999998,0.0,0.0,7.0,7.0,1.5,2.2,0.0,1.0,7.0,6.0,3.4,2.1599999999999997,2.0,9.105,36.46,27.355,17.545,10.128,9.105,0.0,0.0,0.0,0.0,0.0,0.0,0.0,0.0,0.0,0.0,0.0,0.0,12.0,229.0,217.0,95.3,99.96,12.0,4,0.648074069840786,0.6091199348919785,0.6005237760880777,0.6000397970967368,0.6000010180820754,2.0,2.4,0.3,4.1,0.22727272727272727,0.2727272727272727,0.03409090909090909,0.46590909090909083,f,Eu,-0.232773,f,Eu,-0.232773,0.0,True,0.7147530549426948,0.1648770066973512
Distorted Double Perovskite,"{'a': '5.7893', 'b': '5.8183', 'c': '8.1914'}",Eu2YbTaO6,4.0,P21/n,Eu2 Yb1 Ta1 O6,8.0,73.0,65.0,31.7,28.439999999999998,8.0,25.0,87.0,62.0,65.9,25.32,87.0,15.9994,180.94788,164.94848,75.39262799999999,71.27187359999999,15.9994,54.8,3290.0,3235.2,690.08,762.336,54.8,3.0,16.0,13.0,11.0,6.0,16.0,2.0,6.0,4.0,3.6,1.9200000000000004,2.0,66.0,198.0,132.0,114.9,58.67999999999999,66.0,1.185,3.44,2.255,2.577,1.0356,3.44,2.0,2.0,0.0,2.0,0.0,2.0,0.0,4.0,4.0,2.4,1.9200000000000004,4.0,0.0,3.0,3.0,0.3,0.54,0.0,0.0,14.0,14.0,4.2,5.040000000000001,0.0,6.0,19.0,13.0,8.9,3.4799999999999995,6.0,0.0,0.0,0.0,0.0,0.0,0.0,0.0,2.0,2.0,1.2,0.9600000000000002,2.0,0.0,7.0,7.0,0.7,1.2599999999999998,0.0,0.0,7.0,7.0,1.4,2.2399999999999998,0.0,0.0,7.0,7.0,3.3,2.2199999999999998,2.0,9.105,36.46,27.355,17.979,10.6488,9.105,0.0,0.0,0.0,0.0,0.0,0.0,0.0,0.0,0.0,0.0,0.0,0.0,12.0,229.0,217.0,98.4,103.68000000000002,12.0,4,0.648074069840786,0.6091199348919785,0.6005237760880777,0.6000397970967368,0.6000010180820754,2.0,2.4,0.3,4.2,0.2247191011235955,0.2696629213483146,0.033707865168539325,0.47191011235955055,f,Eu,-0.232773,f,Eu,-0.232773,0.0,True,0.7456133690005962,0.1679776014420087
Distorted Double Perovskite,"{'a': '5.7820', 'b': '5.8063', 'c': '8.1857'}",Eu2LuTaO6,4.0,P21/n,Eu2 Lu1 Ta1 O6,8.0,73.0,65.0,31.8,28.560000000000002,8.0,25.0,87.0,62.0,66.1,25.080000000000002,87.0,15.9994,180.94788,164.94848,75.583908,71.50140959999999,15.9994,54.8,3290.0,3235.2,774.48,863.616,54.8,3.0,16.0,13.0,11.0,6.0,16.0,2.0,6.0,4.0,3.6,1.9200000000000004,2.0,66.0,198.0,132.0,114.9,58.67999999999999,66.0,1.185,3.44,2.255,2.5780000000000003,1.0344,3.44,2.0,2.0,0.0,2.0,0.0,2.0,0.0,4.0,4.0,2.4,1.9200000000000004,4.0,0.0,3.0,3.0,0.4,0.64,0.0,0.0,14.0,14.0,4.2,5.040000000000001,0.0,6.0,19.0,13.0,9.0,3.6,6.0,0.0,0.0,0.0,0.0,0.0,0.0,0.0,2.0,2.0,1.2,0.9600000000000002,2.0,0.0,9.0,9.0,1.6,2.56,0.0,0.0,7.0,7.0,1.4,2.2399999999999998,0.0,2.0,9.0,7.0,4.2,2.6399999999999997,2.0,9.105,36.46,27.355,17.4535,10.018199999999998,9.105,0.0,0.0,0.0,0.0,0.0,0.0,0.0,0.0022471,0.0022471,0.00022471,0.00040447799999999994,0.0,12.0,229.0,217.0,95.3,99.96,12.0,4,0.648074069840786,0.6091199348919785,0.6005237760880777,0.6000397970967368,0.6000010180820754,2.0,2.4,0.4,4.2,0.2222222222222222,0.26666666666666666,0.044444444444444446,0.4666666666666667,f,Eu,-0.232773,f,Eu,-0.232773,0.0,True,0.7147530549426948,0.1644666632016813
Perovskite,"{'a': '5.213605 Ã…', 'b': '5.53166 Ã…', 'c': '7.52656 Ã…'}",YbCr0.5Fe0.5O3,270.0,Pbnm,Yb1 Cr0.5 Fe0.5 O3,8.0,70.0,62.0,23.8,18.96,8.0,39.0,87.0,48.0,70.4,19.919999999999998,87.0,15.9994,173.054,157.0546,54.994550000000004,47.39387000000001,15.9994,54.8,2180.0,2125.2,650.38,714.696,54.8,3.0,16.0,13.0,11.6,5.279999999999999,16.0,2.0,6.0,4.0,3.2,1.44,2.0,66.0,187.0,121.0,104.1,45.72,66.0,1.26,3.44,2.1799999999999997,2.665,0.93,3.44,1.0,2.0,1.0,1.9,0.18000000000000008,2.0,0.0,4.0,4.0,2.4,1.9200000000000004,4.0,0.0,6.0,6.0,1.1,1.7600000000000002,0.0,0.0,14.0,14.0,2.8,4.4799999999999995,0.0,6.0,16.0,10.0,8.2,3.1199999999999997,6.0,0.0,1.0,1.0,0.1,0.18000000000000002,0.0,0.0,2.0,2.0,1.2,0.9600000000000002,2.0,0.0,5.0,5.0,0.9,1.44,0.0,0.0,0.0,0.0,0.0,0.0,0.0,0.0,6.0,6.0,2.2,1.12,2.0,9.105,34.12,25.014999999999997,14.479,7.856399999999999,9.105,0.0,0.0,0.0,0.0,0.0,0.0,0.0,2.1106628,2.1106628,0.21106628,0.37991930399999996,0.0,12.0,229.0,217.0,98.0,103.2,12.0,4,0.648074069840786,0.6091199348919785,0.6005237760880777,0.6000397970967368,0.6000010180820754,1.9,2.4,1.1,2.8,0.23170731707317074,0.29268292682926833,0.13414634146341467,0.34146341463414637,f,Yb,-0.286408,f,Yb,-0.286408,0.0,,,
Perovskite,,La0.7Sr0.3Co0.2Fe0.8O3,273.0,,La0.7 Sr0.3 Co0.2 Fe0.8 O3,8.0,57.0,49.0,20.3,14.760000000000002,8.0,8.0,87.0,79.0,65.62,25.656,87.0,15.9994,138.90547,122.90607000000001,45.596133599999995,35.51608031999999,15.9994,54.8,1811.0,1756.2,623.38,682.296,54.8,2.0,16.0,14.0,11.78,5.064,16.0,2.0,6.0,4.0,3.1399999999999997,1.3679999999999999,2.0,66.0,207.0,141.0,106.44000000000001,48.528,66.0,0.95,3.44,2.49,2.643,0.9564,3.44,2.0,2.0,0.0,2.0,0.0,2.0,0.0,4.0,4.0,2.4,1.9200000000000004,4.0,0.0,7.0,7.0,1.3800000000000001,1.9280000000000002,0.0,0.0,0.0,0.0,0.0,0.0,0.0,2.0,9.0,7.0,5.779999999999999,1.2320000000000004,6.0,0.0,0.0,0.0,0.0,0.0,0.0,0.0,2.0,2.0,1.2,0.9600000000000002,2.0,0.0,9.0,9.0,2.0200000000000005,2.6664000000000003,0.0,0.0,0.0,0.0,0.0,0.0,0.0,0.0,9.0,9.0,3.22,1.8679999999999999,2.0,9.105,54.23,45.125,16.009050000000002,10.43528,9.105,0.0,0.0,0.0,0.0,0.0,0.0,0.0,2.1106628,2.1106628,0.399644896,0.6394318336,0.0,12.0,229.0,217.0,92.26,96.312,12.0,5,0.6406246951218787,0.6065214535239482,0.6002459710842322,0.6000114553893129,0.6000001378118929,2.0,2.4,1.3800000000000001,0.0,0.34602076124567477,0.4152249134948097,0.23875432525951562,0.0,d,Fe,-0.295049,d,Fe,-0.295049,0.0,,,
Perovskite,,La0.7Sr0.3Co0.1Fe0.9O3,273.0,,La0.7 Sr0.3 Co0.1 Fe0.9 O3,8.0,57.0,49.0,20.28,14.736,8.0,8.0,87.0,79.0,65.56,25.727999999999998,87.0,15.9994,138.90547,122.90607000000001,45.5343697,35.44196364,15.9994,54.8,1811.0,1756.2,624.24,683.3280000000001,54.8,2.0,16.0,14.0,11.76,5.087999999999999,16.0,2.0,6.0,4.0,3.1399999999999997,1.3679999999999999,2.0,66.0,207.0,141.0,106.55999999999999,48.672,66.0,0.95,3.44,2.49,2.6420000000000003,0.9575999999999999,3.44,2.0,2.0,0.0,2.0,0.0,2.0,0.0,4.0,4.0,2.4,1.9200000000000004,4.0,0.0,7.0,7.0,1.36,1.8960000000000001,0.0,0.0,0.0,0.0,0.0,0.0,0.0,2.0,9.0,7.0,5.76,1.2240000000000002,6.0,0.0,0.0,0.0,0.0,0.0,0.0,0.0,2.0,2.0,1.2,0.9600000000000002,2.0,0.0,9.0,9.0,2.04,2.6928,0.0,0.0,0.0,0.0,0.0,0.0,0.0,0.0,9.0,9.0,3.2399999999999998,1.8863999999999996,2.0,9.105,54.23,45.125,16.01875,10.4314,9.105,0.0,0.0,0.0,0.0,0.0,0.0,0.0,2.1106628,2.1106628,0.41088872800000004,0.6574219648,0.0,12.0,229.0,217.0,92.96,97.152,12.0,5,0.644980619863884,0.6080399327419336,0.6003753325934426,0.6000219795557376,0.6000003830013587,2.0,2.4,1.36,0.0,0.3472222222222222,0.4166666666666667,0.23611111111111113,0.0,d,Fe,-0.295049,d,Fe,-0.295049,0.0,,,
Perovskite,,La0.7Sr0.3FeO3,273.0,,La0.7 Sr0.3 Fe1 O3,8.0,57.0,49.0,20.259999999999998,14.712,8.0,8.0,87.0,79.0,65.5,25.8,87.0,15.9994,138.90547,122.90607000000001,45.4726058,35.367846959999994,15.9994,54.8,1811.0,1756.2,625.1,684.36,54.8,2.0,16.0,14.0,11.74,5.112,16.0,2.0,6.0,4.0,3.1399999999999997,1.3679999999999999,2.0,66.0,207.0,141.0,106.67999999999999,48.815999999999995,66.0,0.95,3.44,2.49,2.641,0.9587999999999999,3.44,2.0,2.0,0.0,2.0,0.0,2.0,0.0,4.0,4.0,2.4,1.9200000000000004,4.0,0.0,6.0,6.0,1.34,1.864,0.0,0.0,0.0,0.0,0.0,0.0,0.0,2.0,8.0,6.0,5.74,1.2159999999999997,6.0,0.0,0.0,0.0,0.0,0.0,0.0,0.0,2.0,2.0,1.2,0.9600000000000002,2.0,0.0,9.0,9.0,2.06,2.7192,0.0,0.0,0.0,0.0,0.0,0.0,0.0,0.0,9.0,9.0,3.2600000000000002,1.9032,2.0,9.105,54.23,45.125,16.02845,10.427519999999998,9.105,0.0,0.0,0.0,0.0,0.0,0.0,0.0,2.1106628,2.1106628,0.42213256,0.675412096,0.0,12.0,229.0,217.0,93.66,97.992,12.0,4,0.6505382386916237,0.6099811872725391,0.6005769141908202,0.6000424198866755,0.6000010448055402,2.0,2.4,1.34,0.0,0.3484320557491289,0.41811846689895465,0.23344947735191637,0.0,d,Fe,-0.295049,d,Fe,-0.295049,0.0,,,
Tetragonally distorted perovskite,"{'a': '5.4591 (x=0), 5.4438 (x=0.05), 5.4539 (x=0.1), 5.4520 (x=0.15), 5.4603 (x=0.2)', 'b': '5.4591 (x=0), 5.4438 (x=0.05), 5.4539 (x=0.1), 5.4520 (x=0.15), 5.4603 (x=0.2)', 'c': '7.7509 (x=0), 7.7548 (x=0.05), 7.7501 (x=0.1), 7.7368 (x=0.15), 7.7347 (x=0.2)'}",La0.5Sr0.5MnO3,175.0,I4/mcm,La0.5 Sr0.5 Mn1 O3,8.0,57.0,49.0,19.3,13.560000000000002,8.0,8.0,87.0,79.0,64.7,26.76,87.0,15.9994,138.90547,122.90607000000001,43.239796,32.6884752,15.9994,54.8,1519.0,1464.2,560.98,607.4159999999999,54.8,2.0,16.0,14.0,11.5,5.4,16.0,2.0,6.0,4.0,3.1,1.3199999999999998,2.0,66.0,207.0,141.0,107.6,49.92,66.0,0.95,3.44,2.49,2.5789999999999997,1.0332000000000001,3.44,2.0,2.0,0.0,2.0,0.0,2.0,0.0,4.0,4.0,2.4,1.9200000000000004,4.0,0.0,5.0,5.0,1.1,1.56,0.0,0.0,0.0,0.0,0.0,0.0,0.0,2.0,7.0,5.0,5.5,1.2,6.0,0.0,0.0,0.0,0.0,0.0,0.0,0.0,2.0,2.0,1.2,0.9600000000000002,2.0,0.0,9.0,9.0,1.9,2.6599999999999997,0.0,0.0,0.0,0.0,0.0,0.0,0.0,0.0,9.0,9.0,3.1,1.9400000000000002,2.0,9.105,54.23,45.125,16.67326724138,11.556193103447999,9.105,0.0,0.0,0.0,0.0,0.0,0.0,0.0,0.000310120689655,0.000310120689655,6.2024137931e-05,9.923862068959999e-05,0.0,12.0,225.0,213.0,92.5,96.6,12.0,4,0.648074069840786,0.6091199348919785,0.6005237760880777,0.6000397970967368,0.6000010180820754,2.0,2.4,1.1,0.0,0.36363636363636365,0.43636363636363634,0.2,0.0,d,Mn,-0.26654,d,Mn,-0.26654,0.0,,,
Distorted Orthorhombic,"{'a': '5.3805 Ã…', 'b': '5.6182 Ã…', 'c': '7.6434 Ã…'}",Sm2FeMnO6,491.0,Pbnm,Sm2 Fe1 Mn1 O6,8.0,62.0,54.0,22.3,17.160000000000004,8.0,23.0,87.0,64.0,67.5,23.4,87.0,15.9994,150.36,134.3606,50.749944500000005,41.70065340000001,15.9994,54.8,1811.0,1756.2,634.88,696.096,54.8,3.0,16.0,13.0,11.7,5.16,16.0,2.0,6.0,4.0,3.2,1.44,2.0,66.0,198.0,132.0,106.3,48.36,66.0,1.17,3.44,2.27,2.636,0.9648,3.44,2.0,2.0,0.0,2.0,0.0,2.0,0.0,4.0,4.0,2.4,1.9200000000000004,4.0,0.0,6.0,6.0,1.1,1.7600000000000002,0.0,0.0,6.0,6.0,1.2,1.9199999999999995,0.0,6.0,8.0,2.0,6.7,0.8400000000000001,6.0,0.0,0.0,0.0,0.0,0.0,0.0,0.0,2.0,2.0,1.2,0.9600000000000002,2.0,0.0,5.0,5.0,0.9,1.44,0.0,0.0,8.0,8.0,1.6,2.56,0.0,2.0,8.0,6.0,3.7,2.04,2.0,9.105,33.23,24.124999999999996,14.23075862069,7.599696551724,9.105,0.0,0.0,0.0,0.0,0.0,0.0,0.0,2.1106628,2.1106628,0.2110972920689655,0.3799131015862069,0.0,12.0,229.0,217.0,85.0,87.6,12.0,4,0.648074069840786,0.6091199348919785,0.6005237760880777,0.6000397970967368,0.6000010180820754,2.0,2.4,1.1,1.2,0.29850746268656714,0.3582089552238806,0.16417910447761194,0.1791044776119403,d,Mn,-0.26654,d,Mn,-0.26654,0.0,True,0.7242401773760752,0.15392604046237052
Distorted Perovskite,,YVO3,116.0,Pbnm,Y1 V1 O3,8.0,39.0,31.0,17.2,11.040000000000001,8.0,12.0,87.0,75.0,63.8,27.839999999999996,87.0,15.9994,88.90585,72.90645,37.56911,25.883651999999994,15.9994,54.8,2183.0,2128.2,829.28,929.376,54.8,3.0,16.0,13.0,11.2,5.76,16.0,2.0,5.0,3.0,3.0,1.2,2.0,66.0,190.0,124.0,108.2,50.64,66.0,1.22,3.44,2.2199999999999998,2.634,0.9672000000000001,3.44,2.0,2.0,0.0,2.0,0.0,2.0,0.0,4.0,4.0,2.4,1.9200000000000004,4.0,0.0,3.0,3.0,0.8,0.9600000000000002,0.0,0.0,0.0,0.0,0.0,0.0,0.0,3.0,6.0,3.0,5.2,0.96,6.0,0.0,0.0,0.0,0.0,0.0,0.0,0.0,2.0,2.0,1.2,0.9600000000000002,2.0,0.0,9.0,9.0,3.2,3.8400000000000007,0.0,0.0,0.0,0.0,0.0,0.0,0.0,2.0,9.0,7.0,4.4,2.88,2.0,9.105,32.365,23.26,14.538,7.130800000000001,9.105,0.0,0.0,0.0,0.0,0.0,0.0,0.0,0.0,0.0,0.0,0.0,0.0,12.0,229.0,217.0,91.8,95.75999999999999,12.0,3,0.6633249580710799,0.6144633651371695,0.6009844187491661,0.6000783545597032,0.6000020321795635,2.0,2.4,0.8,0.0,0.3846153846153846,0.4615384615384615,0.15384615384615385,0.0,d,V,-0.204634,d,V,-0.204634,0.0,False,0.7083205926780534,0.15374128458267786
Pnma,"{'a': '5.4743 Ã…', 'b': '5.5130 Ã…', 'c': '7.7783 Ã…'}",La0.17Ca0.83MnO3,200.0,Pnma,La0.17 Ca0.83 Mn1 O3,8.0,57.0,49.0,15.057999999999998,8.4696,8.0,7.0,87.0,80.0,64.204,27.355200000000004,87.0,15.9994,138.90547,122.90607000000001,31.962982980000003,19.156299576000002,15.9994,54.8,1519.0,1464.2,562.3320000000001,609.0384,54.8,2.0,16.0,14.0,11.434000000000001,5.4792000000000005,16.0,2.0,6.0,4.0,2.868,1.0416,2.0,66.0,207.0,141.0,103.654,45.184799999999996,66.0,1.0,3.44,2.44,2.5774,1.0351199999999998,3.44,2.0,2.0,0.0,2.0,0.0,2.0,0.0,4.0,4.0,2.4,1.9200000000000004,4.0,0.0,5.0,5.0,1.034,1.5864,0.0,0.0,0.0,0.0,0.0,0.0,0.0,2.0,7.0,5.0,5.434,1.3055999999999999,6.0,0.0,0.0,0.0,0.0,0.0,0.0,0.0,2.0,2.0,1.2,0.9600000000000002,2.0,0.0,9.0,9.0,1.306,2.0007919999999997,0.0,0.0,0.0,0.0,0.0,0.0,0.0,0.0,9.0,9.0,2.5060000000000002,1.439192,2.0,9.105,37.77,28.665000000000003,15.08485224138,9.014729103448,9.105,0.0,0.0,0.0,0.0,0.0,0.0,0.0,0.000310120689655,0.000310120689655,6.2024137931e-05,9.923862068959999e-05,0.0,12.0,225.0,213.0,94.546,99.0552,12.0,4,0.6547610251076342,0.6114590175706222,0.6006868434880641,0.6000498157154085,0.6000011737542681,2.0,2.4,1.034,0.0,0.368052999631947,0.4416635995583364,0.1902834008097166,0.0,d,Mn,-0.26654,d,Mn,-0.26654,0.0,,,
Hexagonal perovskite,,CsCrCl3,16.0,,Cs1 Cr1 Cl3,17.0,55.0,38.0,26.0,11.6,17.0,5.0,94.0,89.0,67.2,32.160000000000004,94.0,35.453,132.9054519,97.4524519,58.25211038,29.861336607999995,35.453,171.6,2180.0,2008.4,599.278,632.2888,171.6,1.0,17.0,16.0,11.6,6.480000000000001,17.0,3.0,6.0,3.0,3.8,0.96,3.0,102.0,244.0,142.0,137.8,42.96,102.0,0.79,3.16,2.37,2.386,0.9288000000000001,3.16,1.0,2.0,1.0,1.6,0.48,2.0,0.0,5.0,5.0,3.0,2.4,5.0,0.0,5.0,5.0,1.0,1.6,0.0,0.0,0.0,0.0,0.0,0.0,0.0,1.0,7.0,6.0,5.6,1.8400000000000003,7.0,0.0,1.0,1.0,0.4,0.4800000000000001,0.0,0.0,1.0,1.0,0.6,0.4800000000000001,1.0,0.0,5.0,5.0,1.0,1.6,0.0,0.0,0.0,0.0,0.0,0.0,0.0,1.0,6.0,5.0,2.0,1.6,1.0,11.19,115.765,104.575,40.0895,30.2702,24.4975,0.0,2.493,2.493,1.4957999999999998,1.19664,2.493,0.0,0.0,0.0,0.0,0.0,0.0,64.0,229.0,165.0,130.0,79.2,64.0,3,0.6633249580710799,0.6144633651371695,0.6009844187491661,0.6000783545597032,0.6000020321795635,1.6,3.0,1.0,0.0,0.28571428571428575,0.5357142857142857,0.17857142857142858,0.0,d,Cr,-0.118123,d,Cr,-0.118123,0.0,False,0.7544427103724891,0.14905517524968787
Orthorhombic Perovskite,,GdMn0.95Hf0.05O3,44.0,,Gd1 Mn0.95 Hf0.05 O3,8.0,72.0,64.0,23.07,18.084,8.0,27.0,87.0,60.0,67.92999999999999,22.884,87.0,15.9994,178.49,162.4906,53.27276855,44.72804226000001,15.9994,54.8,2506.0,2451.2,663.7500000000001,730.74,54.8,3.0,16.0,13.0,11.569999999999999,5.316000000000001,16.0,2.0,6.0,4.0,3.22,1.464,2.0,66.0,196.0,130.0,106.96,49.152,66.0,1.2,3.44,2.24,2.6115000000000004,0.9942,3.44,2.0,2.0,0.0,2.0,0.0,2.0,0.0,4.0,4.0,2.4,1.9200000000000004,4.0,0.0,5.0,5.0,1.17,1.472,0.0,0.0,14.0,14.0,1.54,2.4332000000000003,0.0,6.0,18.0,12.0,7.109999999999999,1.3737999999999997,6.0,0.0,0.0,0.0,0.0,0.0,0.0,0.0,2.0,2.0,1.2,0.9600000000000002,2.0,0.0,9.0,9.0,2.83,3.396,0.0,0.0,7.0,7.0,1.4,2.2399999999999998,0.0,2.0,16.0,14.0,5.43,4.2794,2.0,9.105,32.05,22.944999999999997,14.087641379311,7.347190620689379,9.105,0.0,0.0,0.0,0.0,0.0,0.0,0.0,0.000310120689655,0.000310120689655,5.892293103444999e-05,9.545514827580899e-05,0.0,12.0,217.0,205.0,89.16999999999999,92.604,12.0,4,0.6604543890383348,0.613455263513444,0.6008733949250022,0.6000665401662626,0.6000016244652351,2.0,2.4,1.17,1.54,0.2812939521800282,0.3375527426160338,0.16455696202531647,0.21659634317862167,p,O,-0.338381,p,O,-0.338381,0.0,,,
Orthorhombic Perovskite,,GdMn0.90Hf0.10O3,44.0,,Gd1 Mn0.9 Hf0.1 O3,8.0,72.0,64.0,23.54,18.648000000000003,8.0,27.0,87.0,60.0,67.86,22.968,87.0,15.9994,178.49,162.4906,54.5082881,46.210665719999994,15.9994,54.8,2506.0,2451.2,673.6200000000001,742.5840000000001,54.8,3.0,16.0,13.0,11.540000000000001,5.351999999999999,16.0,2.0,6.0,4.0,3.2399999999999998,1.488,2.0,66.0,196.0,130.0,107.32000000000001,49.584,66.0,1.2,3.44,2.24,2.609,0.9972,3.44,2.0,2.0,0.0,2.0,0.0,2.0,0.0,4.0,4.0,2.4,1.9200000000000004,4.0,0.0,5.0,5.0,1.1400000000000001,1.424,0.0,0.0,14.0,14.0,1.6800000000000002,2.6208,0.0,6.0,18.0,12.0,7.220000000000001,1.5432000000000003,6.0,0.0,0.0,0.0,0.0,0.0,0.0,0.0,2.0,2.0,1.2,0.9600000000000002,2.0,0.0,9.0,9.0,2.8600000000000003,3.432,0.0,0.0,7.0,7.0,1.4,2.2399999999999998,0.0,2.0,16.0,14.0,5.46,4.3176,2.0,9.105,32.05,22.944999999999997,14.204765517241999,7.457903172413518,9.105,0.0,0.0,0.0,0.0,0.0,0.0,0.0,0.000310120689655,0.000310120689655,5.58217241379e-05,9.154762758615601e-05,0.0,12.0,217.0,205.0,88.94,92.328,12.0,4,0.657875368135941,0.6125504609266458,0.6007833837922739,0.6000579215727481,0.6000013703851839,2.0,2.4,1.1400000000000001,1.6800000000000002,0.27700831024930744,0.3324099722991689,0.15789473684210525,0.23268698060941828,p,O,-0.338381,p,O,-0.338381,0.0,,,
Orthorhombic Perovskite,,GdMn0.80Hf0.20O3,44.0,,Gd1 Mn0.8 Hf0.2 O3,8.0,72.0,64.0,24.48,19.776,8.0,27.0,87.0,60.0,67.72,23.136000000000003,87.0,15.9994,178.49,162.4906,56.9793272,49.829122944,15.9994,54.8,2506.0,2451.2,693.3599999999999,766.272,54.8,3.0,16.0,13.0,11.48,5.4239999999999995,16.0,2.0,6.0,4.0,3.28,1.536,2.0,66.0,196.0,130.0,108.04,50.448,66.0,1.2,3.44,2.24,2.604,1.0032,3.44,2.0,2.0,0.0,2.0,0.0,2.0,0.0,4.0,4.0,2.4,1.9200000000000004,4.0,0.0,5.0,5.0,1.08,1.328,0.0,0.0,14.0,14.0,1.9600000000000002,2.9792,0.0,6.0,18.0,12.0,7.44,1.8688000000000002,6.0,0.0,0.0,0.0,0.0,0.0,0.0,0.0,2.0,2.0,1.2,0.9600000000000002,2.0,0.0,9.0,9.0,2.92,3.504,0.0,0.0,7.0,7.0,1.4,2.2399999999999998,0.0,2.0,16.0,14.0,5.5200000000000005,4.390400000000001,2.0,9.105,32.05,22.944999999999997,14.439013793104,7.665273379310079,9.105,0.0,0.0,0.0,0.0,0.0,0.0,0.0,0.000310120689655,0.000310120689655,4.9619310344799996e-05,8.336044137926399e-05,0.0,12.0,217.0,205.0,88.48,91.776,12.0,4,0.6536053855347277,0.6110543442831938,0.6006543735623902,0.6000474011882218,0.6000011251993493,2.0,2.4,1.08,1.9600000000000002,0.26881720430107525,0.3225806451612903,0.14516129032258066,0.26344086021505375,p,O,-0.338381,p,O,-0.338381,0.0,,,
Perovskite,,TbBaCo2O5.53,245.0,,Tb1 Ba1 Co2 O5.53,8.0,65.0,57.0,23.005246589716684,17.41427358680656,8.0,9.0,87.0,78.0,66.64323189926547,23.624958572310998,87.0,15.9994,158.92535,142.92595,52.73823945435466,42.63710014324896,15.9994,54.8,1768.0,1713.2,678.7034627492129,724.0684468002408,54.8,2.0,16.0,14.0,11.697796432318992,4.992903615797685,16.0,2.0,6.0,4.0,3.259181532004197,1.461337643648103,2.0,66.0,215.0,149.0,107.65792235047218,48.34592037735807,66.0,0.89,3.44,2.55,2.611038824763903,0.9620472820683346,3.44,2.0,2.0,0.0,2.0,0.0,2.0,0.0,4.0,4.0,2.3210912906610703,1.948450191530804,4.0,0.0,7.0,7.0,1.4690451206715633,2.3214920794662897,0.0,0.0,9.0,9.0,0.9443861490031479,1.6905800316887412,0.0,2.0,11.0,9.0,6.7345225603357814,1.8460508539334004,6.0,0.0,0.0,0.0,0.0,0.0,0.0,0.0,2.0,2.0,1.1605456453305352,0.974225095765402,2.0,0.0,3.0,3.0,0.6295907660020985,0.9949251769141243,0.0,0.0,5.0,5.0,0.5246589716684155,0.9392111287159672,0.0,0.0,5.0,5.0,2.3147953830010493,0.8511256770192762,2.0,9.105,63.59,54.485,17.436234697450157,12.68713478946478,9.105,0.0,0.0,0.0,0.0,0.0,0.0,0.0,1.5484712,1.5484712,0.32496772298006293,0.5135376608688088,0.0,12.0,229.0,217.0,92.0629590766002,92.91671850862521,12.0,4,0.6346500118147288,0.5914921226557752,0.5810338081903965,0.5803409385936997,0.5802750486428251,2.0,2.3210912906610703,1.4690451206715633,0.9443861490031479,0.2969772514802119,0.3446556559675912,0.21813649111872857,0.14023060143346835,d,Co,-0.322368,d,Co,-0.322368,0.0,,,
Perovskite-like,,R2CuO4,270.0,,R0+2 Cu1 O4,,,,,,,,,,,,,,,,,,,,,,,,,,,,,,,,,,,,,,,,,,,,,,,,,,,,,,,,,,,,,,,,,,,,,,,,,,,,,,,,,,,,,,,,,,,,,,,,,,,,,,,,,,,,,,,,,,,,,,,,,,,,,,,,,,,,,3,0.6546536707079771,0.5970484566258902,0.5750650283013602,0.5720691506685885,0.5714844049399023,,,,,,,,,,,,,,,,,,
Pnma,"{'a': '5.4007 Ã…', 'b': '7.6104 Ã…', 'c': '5.3955 Ã…'}",Pr0.5Ca0.5Mn0.95Al0.05O3,95.0,Pnma,Pr0.5 Ca0.5 Mn0.95 Al0.05 O3,8.0,59.0,51.0,17.580000000000002,11.5876,8.0,7.0,87.0,80.0,65.21000000000001,26.303800000000003,87.0,15.9994,140.90765,124.90825,38.406248936,27.116712929920006,15.9994,54.8,1519.0,1464.2,562.7247,609.50964,54.8,2.0,16.0,14.0,11.559999999999999,5.356800000000001,16.0,2.0,6.0,4.0,2.99,1.1880000000000002,2.0,66.0,203.0,137.0,105.11999999999998,46.943999999999996,66.0,1.0,3.44,2.44,2.5875999999999997,1.02288,3.44,2.0,2.0,0.0,2.0,0.0,2.0,0.0,4.0,4.0,2.41,1.908,4.0,0.0,5.0,5.0,0.95,1.539,0.0,0.0,3.0,3.0,0.3,0.5399999999999999,0.0,2.0,7.0,5.0,5.659999999999999,0.9172000000000005,6.0,0.0,0.0,0.0,0.0,0.0,0.0,0.0,5.0,5.0,1.25,0.975,2.0,0.0,5.0,5.0,0.95,1.539,0.0,0.0,11.0,11.0,1.1,1.98,0.0,0.0,11.0,11.0,3.3,2.2199999999999998,2.0,9.105,37.77,28.665000000000003,14.964941379311,8.733324620689379,9.105,0.0,0.0,0.0,0.0,0.0,0.0,0.0,0.000310120689655,0.000310120689655,5.892293103444999e-05,9.545514827580899e-05,0.0,12.0,225.0,213.0,92.58,96.696,12.0,5,0.6451356446515725,0.608094024009254,0.6004124110622908,0.6000279781472222,0.600000610361545,2.0,2.41,0.95,0.3,0.353356890459364,0.42579505300353365,0.1678445229681979,0.053003533568904596,d,Mn,-0.26654,d,Mn,-0.26654,0.0,,,
Pnma,,La0.333Ca0.667MnO3,168.0,Pnma,La0.333 Ca0.667 Mn1 O3,8.0,57.0,49.0,16.2642,9.91704,8.0,7.0,87.0,80.0,64.39959999999999,27.120480000000004,87.0,15.9994,138.90547,122.90607000000001,35.184758502,23.022430202400002,15.9994,54.8,1519.0,1464.2,564.8748,612.0897600000001,54.8,2.0,16.0,14.0,11.4666,5.44008,16.0,2.0,6.0,4.0,2.9332000000000003,1.1198400000000002,2.0,66.0,207.0,141.0,104.6646,46.39752,66.0,1.0,3.44,2.44,2.5806600000000004,1.031208,3.44,2.0,2.0,0.0,2.0,0.0,2.0,0.0,4.0,4.0,2.4,1.9200000000000004,4.0,0.0,5.0,5.0,1.0666,1.5733599999999999,0.0,0.0,0.0,0.0,0.0,0.0,0.0,2.0,7.0,5.0,5.4666,1.25344,6.0,0.0,0.0,0.0,0.0,0.0,0.0,0.0,2.0,2.0,1.2,0.9600000000000002,2.0,0.0,9.0,9.0,1.5994,2.3459999199999997,0.0,0.0,0.0,0.0,0.0,0.0,0.0,0.0,9.0,9.0,2.7994,1.70615992,2.0,9.105,37.77,28.665000000000003,15.05640874138,8.969219503448,9.105,0.0,0.0,0.0,0.0,0.0,0.0,0.0,0.000310120689655,0.000310120689655,6.2024137931e-05,9.923862068959999e-05,0.0,12.0,225.0,213.0,93.53540000000001,97.84248,12.0,4,0.6497931363133963,0.6097206783518101,0.60055999641095,0.6000415037073643,0.6000010338234115,2.0,2.4,1.0666,0.0,0.3658581202209783,0.439029744265174,0.19511213551384773,0.0,d,Mn,-0.26654,d,Mn,-0.26654,0.0,,,
Perovskite,,CaCu3Co2Re2O12,28.0,,Ca1 Cu3 Co2 Re2 O12,8.0,75.0,67.0,20.35,14.855,8.0,7.0,87.0,80.0,73.35,16.380000000000003,87.0,15.9994,186.207,170.20759999999999,45.6494595,36.13721735,15.9994,54.8,3459.0,3404.2,814.9955,912.2346000000001,54.8,2.0,16.0,14.0,12.95,3.66,16.0,2.0,6.0,4.0,3.0,1.2,2.0,66.0,176.0,110.0,95.9,35.88,66.0,1.0,3.44,2.44,2.777,0.7956,3.44,1.0,2.0,1.0,1.85,0.25499999999999995,2.0,0.0,4.0,4.0,2.4,1.9200000000000004,4.0,0.0,10.0,10.0,2.7,3.5100000000000002,0.0,0.0,14.0,14.0,1.4,2.5199999999999996,0.0,2.0,21.0,19.0,8.35,3.4549999999999996,6.0,0.0,1.0,1.0,0.15,0.255,0.0,0.0,2.0,2.0,1.2,0.9600000000000002,2.0,0.0,5.0,5.0,0.8,1.28,0.0,0.0,0.0,0.0,0.0,0.0,0.0,0.0,5.0,5.0,2.15,0.74,2.0,9.105,37.77,28.665000000000003,11.502,3.2573999999999996,9.105,0.0,0.0,0.0,0.0,0.0,0.0,0.0,1.5484712,1.5484712,0.15484712,0.278724816,0.0,12.0,225.0,213.0,91.0,94.8,12.0,5,0.6363961030678927,0.6050499696904809,0.6001484604640718,0.600005846190929,0.6000000592059823,1.85,2.4,2.7,1.4,0.22155688622754494,0.2874251497005988,0.3233532934131737,0.16766467065868262,s,Co,-0.204497,s,Co,-0.204497,0.0,True,0.7742664595807831,0.12084041023827122
Layered Perovskite,,LaSr2Mn1.8Cr0.2O7,140.0,I4/mmm,La1 Sr2 Mn1.8 Cr0.2 O7,8.0,57.0,49.0,19.900000000000002,13.883333333333331,8.0,8.0,87.0,79.0,61.78333333333333,29.41944444444444,87.0,15.9994,138.90547,122.90607000000001,44.61908091666667,33.389627736111116,15.9994,54.8,2180.0,2125.2,570.5666666666667,601.7277777777778,54.8,2.0,16.0,14.0,11.066666666666668,5.7555555555555555,16.0,2.0,6.0,4.0,3.1666666666666665,1.361111111111111,2.0,66.0,207.0,141.0,111.41666666666667,52.98611111111111,66.0,0.95,3.44,2.49,2.516833333333333,1.0770277777777777,3.44,1.0,2.0,1.0,1.9833333333333332,0.03277777777777794,2.0,0.0,4.0,4.0,2.3333333333333335,1.9444444444444444,4.0,0.0,5.0,5.0,0.9166666666666666,1.375,0.0,0.0,0.0,0.0,0.0,0.0,0.0,2.0,7.0,5.0,5.233333333333333,1.45,6.0,0.0,1.0,1.0,0.016666666666666666,0.032777777777777774,0.0,0.0,2.0,2.0,1.1666666666666667,0.9722222222222222,2.0,0.0,9.0,9.0,1.5833333333333333,2.375,0.0,0.0,0.0,0.0,0.0,0.0,0.0,0.0,9.0,9.0,2.766666666666667,1.816666666666667,2.0,9.105,54.23,45.125,19.184012931035,14.634243534482499,9.105,0.0,0.0,0.0,0.0,0.0,0.0,0.0,0.000310120689655,0.000310120689655,4.651810344825e-05,7.908077586202498e-05,0.0,12.0,229.0,217.0,97.03333333333332,99.20555555555556,12.0,5,0.6306962642808167,0.5916275404486803,0.583693128012735,0.5833525797669681,0.5833336187360897,1.9833333333333332,2.3333333333333335,0.9166666666666666,0.0,0.3789808917197452,0.445859872611465,0.1751592356687898,0.0,d,Mn,-0.26654,d,Mn,-0.26654,0.0,,,
Distorted Perovskite,,YVO3,116.0,,Y1 V1 O3,8.0,39.0,31.0,17.2,11.040000000000001,8.0,12.0,87.0,75.0,63.8,27.839999999999996,87.0,15.9994,88.90585,72.90645,37.56911,25.883651999999994,15.9994,54.8,2183.0,2128.2,829.28,929.376,54.8,3.0,16.0,13.0,11.2,5.76,16.0,2.0,5.0,3.0,3.0,1.2,2.0,66.0,190.0,124.0,108.2,50.64,66.0,1.22,3.44,2.2199999999999998,2.634,0.9672000000000001,3.44,2.0,2.0,0.0,2.0,0.0,2.0,0.0,4.0,4.0,2.4,1.9200000000000004,4.0,0.0,3.0,3.0,0.8,0.9600000000000002,0.0,0.0,0.0,0.0,0.0,0.0,0.0,3.0,6.0,3.0,5.2,0.96,6.0,0.0,0.0,0.0,0.0,0.0,0.0,0.0,2.0,2.0,1.2,0.9600000000000002,2.0,0.0,9.0,9.0,3.2,3.8400000000000007,0.0,0.0,0.0,0.0,0.0,0.0,0.0,2.0,9.0,7.0,4.4,2.88,2.0,9.105,32.365,23.26,14.538,7.130800000000001,9.105,0.0,0.0,0.0,0.0,0.0,0.0,0.0,0.0,0.0,0.0,0.0,0.0,12.0,229.0,217.0,91.8,95.75999999999999,12.0,3,0.6633249580710799,0.6144633651371695,0.6009844187491661,0.6000783545597032,0.6000020321795635,2.0,2.4,0.8,0.0,0.3846153846153846,0.4615384615384615,0.15384615384615385,0.0,d,V,-0.204634,d,V,-0.204634,0.0,False,0.7083205926780534,0.15374128458267786
Perovskite,"{'a': '5.4211 Ã…', 'b': '7.6442 Ã…', 'c': '5.4308 Ã…'}",La0.45Bi0.05Ca0.5MnO3,156.0,Pnma,La0.45 Bi0.05 Ca0.5 Mn1 O3,8.0,83.0,75.0,17.76,11.712,8.0,7.0,87.0,80.0,65.33,26.417399999999997,87.0,15.9994,208.9804,192.981,39.186345300000006,27.82433436,15.9994,54.8,1519.0,1464.2,560.994,607.76468,54.8,2.0,16.0,14.0,11.620000000000001,5.3236,16.0,2.0,6.0,4.0,3.0,1.2,2.0,66.0,207.0,141.0,105.10999999999999,46.932,66.0,1.0,3.44,2.44,2.5932000000000004,1.01616,3.44,2.0,2.0,0.0,2.0,0.0,2.0,0.0,4.0,4.0,2.43,1.8954,4.0,0.0,10.0,10.0,1.19,1.7002,0.0,0.0,14.0,14.0,0.14,0.2772,0.0,2.0,29.0,27.0,5.76,1.2488000000000001,6.0,0.0,0.0,0.0,0.0,0.0,0.0,0.0,3.0,3.0,1.23,0.9594000000000001,2.0,0.0,9.0,9.0,1.81,2.5702,0.0,0.0,0.0,0.0,0.0,0.0,0.0,0.0,9.0,9.0,3.04,1.8568000000000002,2.0,9.105,37.77,28.665000000000003,14.987792241380001,8.859433103448001,9.105,0.0,0.0,0.0,0.0,0.0,0.0,0.0,0.000310120689655,0.000310120689655,6.2024137931e-05,9.923862068959999e-05,0.0,12.0,225.0,213.0,90.67999999999999,95.9896,12.0,5,0.6466838485689897,0.6088772683436098,0.6005174785299711,0.6000396374186547,0.6000010174357852,2.0,2.43,1.19,0.14,0.3472222222222222,0.42187500000000006,0.2065972222222222,0.02430555555555556,d,Mn,-0.26654,d,Mn,-0.26654,0.0,,,
Distorted Perovskite,"{'a': '5.529 Ã…', 'b': '5.565 Ã…', 'c': '7.832 Ã…'}",La0.8Nd0.2Fe0.95V0.05O3,19.0,Pbnm,La0.8 Nd0.2 Fe0.95 V0.05 O3,8.0,60.0,52.0,21.490000000000002,16.188,8.0,13.0,87.0,74.0,65.95,25.26,87.0,15.9994,144.242,128.24259999999998,48.7141602,39.257712240000004,15.9994,54.8,2183.0,2128.2,641.4399999999999,703.9680000000001,54.8,3.0,16.0,13.0,11.77,5.076,16.0,2.0,6.0,4.0,3.2,1.44,2.0,66.0,207.0,141.0,107.36999999999998,49.64399999999999,66.0,1.1,3.44,2.34,2.6496000000000004,0.94848,3.44,2.0,2.0,0.0,2.0,0.0,2.0,0.0,4.0,4.0,2.4,1.9200000000000004,4.0,0.0,6.0,6.0,1.3299999999999998,1.8079999999999998,0.0,0.0,4.0,4.0,0.16,0.30720000000000003,0.0,3.0,8.0,5.0,5.89,0.9426000000000002,6.0,0.0,0.0,0.0,0.0,0.0,0.0,0.0,2.0,2.0,1.2,0.9600000000000002,2.0,0.0,9.0,9.0,2.27,2.9056000000000006,0.0,0.0,10.0,10.0,0.4,0.768,0.0,2.0,10.0,8.0,3.87,2.244,2.0,9.105,36.8975,27.7925,14.927800000000001,8.62088,9.105,0.0,0.0,0.0,0.0,0.0,0.0,0.0,2.1106628,2.1106628,0.40102593200000003,0.6496620098400001,0.0,12.0,229.0,217.0,91.8,95.75999999999999,12.0,5,0.6506919393998976,0.6100349348441692,0.6005431054041905,0.6000355831373932,0.600000717479474,2.0,2.4,1.3299999999999998,0.16,0.33955857385398985,0.4074702886247878,0.22580645161290322,0.027164685908319188,d,Fe,-0.295049,d,Fe,-0.295049,0.0,,,
Orthorhombic perovskite,,Sm0.3Tb0.7FeO3,385.0,Pbnm,Sm0.3 Tb0.7 Fe1 O3,8.0,65.0,57.0,22.82,17.784,8.0,23.0,87.0,64.0,68.64,22.032,87.0,15.9994,158.92535,142.92595,52.039789,43.248466799999996,15.9994,54.8,1811.0,1756.2,703.84,778.8480000000001,54.8,3.0,16.0,13.0,11.8,5.04,16.0,2.0,6.0,4.0,3.2,1.44,2.0,66.0,198.0,132.0,105.04,46.848,66.0,1.17,3.44,2.27,2.6696,0.92448,3.44,2.0,2.0,0.0,2.0,0.0,2.0,0.0,4.0,4.0,2.4,1.9200000000000004,4.0,0.0,6.0,6.0,1.2,1.92,0.0,0.0,9.0,9.0,1.6199999999999999,2.5919999999999996,0.0,6.0,11.0,5.0,7.220000000000001,1.464,6.0,0.0,0.0,0.0,0.0,0.0,0.0,0.0,2.0,2.0,1.2,0.9600000000000002,2.0,0.0,4.0,4.0,0.8,1.28,0.0,0.0,8.0,8.0,1.1800000000000002,1.8880000000000003,0.0,2.0,8.0,6.0,3.18,1.416,2.0,9.105,33.23,24.124999999999996,14.045933333337999,7.255493333340799,9.105,0.0,0.0,0.0,0.0,0.0,0.0,0.0,2.1106628,2.1106628,0.42213256,0.675412096,0.0,12.0,229.0,217.0,90.11999999999999,93.744,12.0,4,0.6505382386916237,0.6099811872725391,0.6005769141908202,0.6000424198866755,0.6000010448055402,2.0,2.4,1.2,1.6199999999999999,0.27700831024930744,0.3324099722991689,0.16620498614958445,0.22437673130193903,f,Tb,-0.256311,f,Tb,-0.256311,0.0,,,
Perovskite,,Pr0.6Ca0.4MnO3,170.0,Pbnm,Pr0.6 Ca0.4 Mn1 O3,8.0,59.0,51.0,18.48,12.575999999999999,8.0,7.0,87.0,80.0,65.2,26.160000000000004,87.0,15.9994,140.90765,124.90825,40.702406999999994,29.74351352,15.9994,54.8,1519.0,1464.2,570.36,618.672,54.8,2.0,16.0,14.0,11.52,5.3759999999999994,16.0,2.0,6.0,4.0,3.04,1.248,2.0,66.0,203.0,137.0,105.84,47.808,66.0,1.0,3.44,2.44,2.5896,1.0204799999999998,3.44,2.0,2.0,0.0,2.0,0.0,2.0,0.0,4.0,4.0,2.4,1.9200000000000004,4.0,0.0,5.0,5.0,1.0,1.6,0.0,0.0,3.0,3.0,0.36,0.6336,0.0,2.0,7.0,5.0,5.76,0.7840000000000001,6.0,0.0,0.0,0.0,0.0,0.0,0.0,0.0,2.0,2.0,1.2,0.9600000000000002,2.0,0.0,5.0,5.0,1.0,1.6,0.0,0.0,11.0,11.0,1.3199999999999998,2.3231999999999995,0.0,0.0,11.0,11.0,3.5200000000000005,2.3872,2.0,9.105,37.77,28.665000000000003,14.86311724138,8.659953103448,9.105,0.0,0.0,0.0,0.0,0.0,0.0,0.0,0.000310120689655,0.000310120689655,6.2024137931e-05,9.923862068959999e-05,0.0,12.0,225.0,213.0,91.88,95.856,12.0,4,0.6486909896090742,0.609335476288203,0.6005363242807298,0.6000403458480008,0.6000010223479758,2.0,2.4,1.0,0.36,0.3472222222222222,0.4166666666666667,0.1736111111111111,0.0625,d,Mn,-0.26654,d,Mn,-0.26654,0.0,,,
Perovskite,,Ca0.97Pr0.03MnO3,97.0,,Ca0.97 Pr0.03 Mn1 O3,8.0,59.0,51.0,14.034,7.2408,8.0,7.0,87.0,80.0,64.06,27.528,87.0,15.9994,140.90765,124.90825,29.207826899999997,15.850112280000001,15.9994,54.8,1519.0,1464.2,560.214,606.4968,54.8,2.0,16.0,14.0,11.406,5.5128,16.0,2.0,6.0,4.0,2.812,0.9743999999999999,2.0,66.0,203.0,137.0,102.76199999999999,44.1144,66.0,1.0,3.44,2.44,2.57478,1.0382639999999999,3.44,2.0,2.0,0.0,2.0,0.0,2.0,0.0,4.0,4.0,2.4,1.9200000000000004,4.0,0.0,5.0,5.0,1.0,1.6,0.0,0.0,3.0,3.0,0.018,0.035783999999999996,0.0,2.0,7.0,5.0,5.418,1.3312,6.0,0.0,0.0,0.0,0.0,0.0,0.0,0.0,2.0,2.0,1.2,0.9600000000000002,2.0,0.0,5.0,5.0,1.0,1.6,0.0,0.0,11.0,11.0,0.06599999999999999,0.131208,0.0,0.0,11.0,11.0,2.266,1.1984080000000001,2.0,9.105,37.77,28.665000000000003,15.10194724138,9.042081103448,9.105,0.0,0.0,0.0,0.0,0.0,0.0,0.0,0.000310120689655,0.000310120689655,6.2024137931e-05,9.923862068959999e-05,0.0,12.0,225.0,213.0,95.414,100.0968,12.0,4,0.6615678347682874,0.6138461631876747,0.6009150977512051,0.6000708345133321,0.6000017653824344,2.0,2.4,1.0,0.018,0.36913990402362495,0.4429678848283499,0.18456995201181248,0.0033222591362126242,d,Mn,-0.26654,d,Mn,-0.26654,0.0,,,
Perovskite,,Ca0.94Pr0.06MnO3,125.0,,Ca0.94 Pr0.06 Mn1 O3,8.0,59.0,51.0,14.268,7.521600000000001,8.0,7.0,87.0,80.0,64.12,27.455999999999996,87.0,15.9994,140.90765,124.90825,29.812804800000002,16.57608576,15.9994,54.8,1519.0,1464.2,560.748,607.1376,54.8,2.0,16.0,14.0,11.412,5.505599999999999,16.0,2.0,6.0,4.0,2.8240000000000003,0.9888000000000001,2.0,66.0,203.0,137.0,102.924,44.3088,66.0,1.0,3.44,2.44,2.5755600000000003,1.0373279999999998,3.44,2.0,2.0,0.0,2.0,0.0,2.0,0.0,4.0,4.0,2.4,1.9200000000000004,4.0,0.0,5.0,5.0,1.0,1.6,0.0,0.0,3.0,3.0,0.036,0.071136,0.0,2.0,7.0,5.0,5.436,1.3024,6.0,0.0,0.0,0.0,0.0,0.0,0.0,0.0,2.0,2.0,1.2,0.9600000000000002,2.0,0.0,5.0,5.0,1.0,1.6,0.0,0.0,11.0,11.0,0.13199999999999998,0.260832,0.0,0.0,11.0,11.0,2.332,1.275232,2.0,9.105,37.77,28.665000000000003,15.089377241380001,9.021969103448,9.105,0.0,0.0,0.0,0.0,0.0,0.0,0.0,0.000310120689655,0.000310120689655,6.2024137931e-05,9.923862068959999e-05,0.0,12.0,225.0,213.0,95.228,99.87359999999998,12.0,4,0.6599151460604613,0.6132660081529846,0.6008538158186877,0.6000645873141169,0.6000015633765924,2.0,2.4,1.0,0.036,0.36791758646063283,0.44150110375275936,0.18395879323031641,0.006622516556291391,d,Mn,-0.26654,d,Mn,-0.26654,0.0,,,
Perovskite,,Ca0.90Pr0.10MnO3,125.0,,Ca0.9 Pr0.1 Mn1 O3,8.0,59.0,51.0,14.580000000000002,7.896000000000001,8.0,7.0,87.0,80.0,64.2,27.360000000000003,87.0,15.9994,140.90765,124.90825,30.619442000000003,17.5440504,15.9994,54.8,1519.0,1464.2,561.46,607.992,54.8,2.0,16.0,14.0,11.42,5.496,16.0,2.0,6.0,4.0,2.84,1.008,2.0,66.0,203.0,137.0,103.14000000000001,44.568000000000005,66.0,1.0,3.44,2.44,2.5766,1.0360800000000001,3.44,2.0,2.0,0.0,2.0,0.0,2.0,0.0,4.0,4.0,2.4,1.9200000000000004,4.0,0.0,5.0,5.0,1.0,1.6,0.0,0.0,3.0,3.0,0.06000000000000001,0.11760000000000001,0.0,2.0,7.0,5.0,5.46,1.2639999999999998,6.0,0.0,0.0,0.0,0.0,0.0,0.0,0.0,2.0,2.0,1.2,0.9600000000000002,2.0,0.0,5.0,5.0,1.0,1.6,0.0,0.0,11.0,11.0,0.22000000000000003,0.4312,0.0,0.0,11.0,11.0,2.42,1.3752,2.0,9.105,37.77,28.665000000000003,15.072617241380001,8.995153103448,9.105,0.0,0.0,0.0,0.0,0.0,0.0,0.0,0.000310120689655,0.000310120689655,6.2024137931e-05,9.923862068959999e-05,0.0,12.0,225.0,213.0,94.97999999999999,99.576,12.0,4,0.657875368135941,0.6125504609266458,0.6007833837922739,0.6000579215727481,0.6000013703851839,2.0,2.4,1.0,0.06000000000000001,0.3663003663003663,0.43956043956043955,0.18315018315018314,0.010989010989010992,d,Mn,-0.26654,d,Mn,-0.26654,0.0,,,
